event_id,date,location,lat,lon,deaths,flood_cause,rain_day_minus_0,rain_day_minus_1,rain_day_minus_2,rain_day_minus_3,rain_day_minus_4,rain_day_minus_5,rain_day_minus_6,elevation_m,slope_deg,soil_compname,soil_muname,is_karst,KSI_fast,KSI_slow,KSI_combined,is_flood,flood_event_id
574472,05/20/2015,SAN JUAN CO.,18.3988,-66.0833,0,Heavy Rain,29.85,0.0,1.8,1.695,0.295,0.0,0.0,15,0.26,Urban land,Urban land,1,29.882968149999723,32.47344017604294,30.919156960417013,1,574472
576170,05/20/2015,SAN JUAN CO.,18.3786,-66.0533,0,Heavy Rain,29.85,0.0,1.8,1.695,0.295,0.0,0.0,27,2.58,Urban land,"Urban land-Vega Alta complex, 2 to 12 percent slopes",1,29.882968149999723,32.47344017604294,30.919156960417013,1,576170
576021,05/20/2015,SAN JUAN CO.,18.3993,-66.0911,0,Heavy Rain,29.85,0.0,1.8,1.695,0.295,0.0,0.0,34,2.79,Urban land,Urban land,1,29.882968149999723,32.47344017604294,30.919156960417013,1,576021
575333,05/20/2015,SAN JUAN CO.,18.3955,-66.0696,0,Heavy Rain,29.85,0.0,1.8,1.695,0.295,0.0,0.0,13,0.93,Urban land,Urban land,1,29.882968149999723,32.47344017604294,30.919156960417013,1,575333
599784,08/22/2015,SAN SEBASTIAN CO.,18.3314,-66.9989,0,Heavy Rain,8.875,15.165,0.0,0.0,6.1,9.445,65.715,66,2.38,Urban land,Urban land,1,10.927359570283231,57.97736642213503,29.747362311023952,1,599784
599783,08/22/2015,SAN SEBASTIAN CO.,18.3314,-66.9888,0,Heavy Rain,8.875,15.165,0.0,0.0,6.1,9.445,65.715,65,1.39,Toa,"Toa silty clay loam, 0 to 2 percent slopes, occasionally flooded",1,10.927359570283231,57.97736642213503,29.747362311023952,1,599783
599782,08/22/2015,SAN SEBASTIAN CO.,18.3372,-67.0001,0,Heavy Rain,13.53,10.395,0.0,0.0,2.68,11.015,69.63,64,0.52,Lares,"Lares clay, 0 to 5 percent slopes, eroded",1,14.936810269244589,58.99602295938979,32.56049534530267,1,599782
602949,09/21/2015,VEGA BAJA CO.,18.3251,-66.3598,0,Heavy Rain,3.105,13.715,0.0,0.0,16.33,8.18,11.17,223,2.38,Corozal,"Corozal clay, 5 to 12 percent slopes",1,4.961123409590143,32.960772788847855,16.160983161293228,1,602949
603063,09/22/2015,SAN SEBASTIAN CO.,18.3376,-67.0011,0,Heavy Rain,32.63,6.24,0.205,6.78,5.595,9.74,15.195,56,1.88,Santoni,Santoni clay,1,33.478246873368654,56.98620679636152,42.881430842565806,1,603063
603064,09/22/2015,MOCA CO.,18.3922,-67.1052,0,Heavy Rain,2.9,10.5,4.49,33.56,2.775,11.285,16.575,54,1.65,Plata,"Plata clay, 20 to 40 percent slopes, eroded",1,4.403257692594849,51.364196097794355,23.187633054674652,1,603064
603067,09/23/2015,SAN SEBASTIAN CO.,18.3703,-66.9252,0,Heavy Rain,9.73,77.395,2.825,2.08,3.19,8.78,22.6,221,2.08,Mabi,"Mabi clay, 5 to 12 percent slopes",1,20.256015925958312,95.99038453618148,50.54976337004758,1,603067
605551,10/24/2015,CAGUAS CO.,18.2553,-66.0378,0,Heavy Rain,17.235,49.375,0.645,0.0,0.0,1.26,0.0,60,0.26,Urban land,"Urban land-Vega Alta complex, 2 to 12 percent slopes",1,23.928993196890985,61.138621645240534,38.81284457623081,1,605551
605680,10/24/2015,SAN LORENZO CO.,18.1872,-65.9635,0,Heavy Rain,23.045,10.565,0.0,0.0,0.0,0.65,0.0,105,3.58,Urban land,"Urban land-Mucara complex, 12 to 40 percent slopes",1,24.474817267394815,32.52176708957269,27.69359719626597,1,605680
605549,10/24/2015,CAGUAS CO.,18.2392,-66.0452,0,Heavy Rain,17.235,49.375,0.645,0.0,0.0,1.26,0.0,69,0.36,Rio Arriba,"Rio Arriba clay, 2 to 5 percent slopes",1,23.928993196890985,61.138621645240534,38.81284457623081,1,605549
605554,10/24/2015,CAGUAS CO.,18.2514,-66.0381,0,Heavy Rain,17.235,49.375,0.645,0.0,0.0,1.26,0.0,62,0.36,Urban land,"Urban land-Vega Alta complex, 2 to 12 percent slopes",1,23.928993196890985,61.138621645240534,38.81284457623081,1,605554
605553,10/24/2015,CAGUAS CO.,18.2374,-66.0562,0,Heavy Rain,17.235,49.375,0.645,0.0,0.0,1.26,0.0,81,1.29,Rio Arriba,"Rio Arriba clay, 2 to 5 percent slopes",1,23.928993196890985,61.138621645240534,38.81284457623081,1,605553
605552,10/24/2015,CAGUAS CO.,18.2805,-66.046,0,Heavy Rain,17.235,49.375,0.645,0.0,0.0,1.26,0.0,66,2.58,Urban land,"Urban land-Mucara complex, 12 to 40 percent slopes",1,23.928993196890985,61.138621645240534,38.81284457623081,1,605552
605550,10/24/2015,CAGUAS CO.,18.3296,-66.0936,0,Heavy Rain,65.745,17.525,0.655,0.0,0.0,2.5,0.0,94,3.81,Sabana,"Sabana silty clay loam, 40 to 60 percent slopes",1,68.12874758219377,82.65310696897865,73.93849133690772,1,605550
605716,10/24/2015,AIBONITO CO.,18.12,-66.25,0,Heavy Rain,21.955,27.36,1.405,0.0,0.0,3.205,11.51,685,11.47,Maricao,"Maricao clay, 20 to 60 percent slopes",1,25.683506821992392,53.182117406557474,36.68295105581843,1,605716
605718,10/24/2015,AIBONITO CO.,18.1413,-66.2547,0,Heavy Rain,21.955,27.36,1.405,0.0,0.0,3.205,11.51,609,1.39,Urban land,"Urban land-Mucara complex, 12 to 40 percent slopes",1,25.683506821992392,53.182117406557474,36.68295105581843,1,605718
605719,10/24/2015,COMERIO CO.,18.2363,-66.2137,0,Heavy Rain,29.985,17.845,1.425,0.0,0.685,4.45,1.475,187,7.21,Water,Water,1,32.4261579147738,49.716533509651526,39.3423081527249,1,605719
605721,10/25/2015,SAN LORENZO CO.,18.15,-65.97,0,Heavy Rain,44.75,23.045,10.565,0.0,0.0,0.0,0.65,221,6.85,Pandura,"Pandura sandy loam, 20 to 40 percent slopes",1,48.06230632704722,72.94240115077335,58.01434425653767,1,605721
605723,10/25/2015,LAS PIEDRAS CO.,18.1888,-65.8773,0,Heavy Rain,36.925,18.845,5.38,0.0,0.0,0.0,0.18,123,2.94,Cayagua,"Cayagua sandy loam, 5 to 12 percent slopes, eroded",1,39.57393154981536,57.38064896975906,46.69661851779284,1,605723
605725,10/25/2015,JUNCOS CO.,18.2262,-65.916,0,Heavy Rain,36.115,19.51,71.2,0.0,0.0,0.0,3.83,69,0.26,Urban land,Urban land,1,40.05946486482419,108.15831909002912,67.29900655490617,1,605725
605731,10/25/2015,CAGUAS CO.,18.2,-66.03,0,Heavy Rain,56.6,17.235,49.375,0.645,0.0,0.0,1.26,161,17.05,Caguabo,"Caguabo clay loam, 40 to 60 percent slopes",1,59.83683827671427,109.59971992544712,79.7419909362074,1,605731
609484,11/28/2015,NAGUABO CO.,18.2202,-65.7927,0,Heavy Rain,16.28,0.0,7.4,6.865,1.105,1.655,0.48,29,9.17,Pandura,"Pandura loam, 12 to 40 percent slopes",0,16.415535727776636,27.950965036018083,21.029707451073214,1,609484
609898,12/13/2015,MOCA CO.,18.3677,-67.0961,0,Heavy Rain,3.365,0.0,0.15,0.0,0.49,0.47,1.585,117,8.87,Plata,"Plata clay, 40 to 60 percent slopes, eroded",1,3.3677473458333105,4.657149014134829,3.883508013153918,1,609898
631856,04/23/2016,SAN JUAN CO.,18.4404,-66.052,0,Heavy Rain,36.61,3.175,0.0,0.145,2.935,12.995,0.0,23,2.45,Urban land,Urban land,1,37.03968952427624,47.47583754908421,41.214148734199426,1,631856
631861,04/23/2016,SAN JUAN CO.,18.4247,-66.0429,0,Heavy Rain,36.61,3.175,0.0,0.145,2.935,12.995,0.0,3,0.52,Urban land,Urban land,1,37.03968952427624,47.47583754908421,41.214148734199426,1,631861
632052,04/23/2016,LUQUILLO CO.,18.3802,-65.7179,0,Heavy Rain,31.59,12.47,1.525,2.105,1.59,12.25,0.0,7,1.81,Urban land,"Urban land-Catano complex, 0 to 2 percent slopes",0,33.30556233126588,51.81203664149246,40.708152055356514,1,632052
631867,04/23/2016,FAJARDO CO.,18.3428,-65.6592,0,Heavy Rain,55.075,5.01,1.305,0.08,0.68,10.565,0.375,15,1.32,Leveled clayey land,Leveled clayey land,0,55.77693167776523,66.1660070431275,59.932561823910135,1,631867
632053,04/23/2016,LUQUILLO CO.,18.337,-65.7252,0,Heavy Rain,31.59,12.47,1.525,2.105,1.59,12.25,0.0,112,11.99,Humatas,"Humatas-Stony land complex, 40 to 60 percent slopes",0,33.30556233126588,51.81203664149246,40.708152055356514,1,632053
631863,04/23/2016,LUQUILLO CO.,18.3218,-65.7197,0,Heavy Rain,31.59,12.47,1.525,2.105,1.59,12.25,0.0,232,4.81,Humatas,"Humatas-Zarzal complex, 5 to 40 percent slopes",0,33.30556233126588,51.81203664149246,40.708152055356514,1,631863
631865,04/23/2016,FAJARDO CO.,18.346,-65.6389,0,Heavy Rain,55.075,5.01,1.305,0.08,0.68,10.565,0.375,12,5.94,Descalabrado,"Descalabrado clay loam, 20 to 40 percent slopes, eroded",0,55.77693167776523,66.1660070431275,59.932561823910135,1,631865
631864,04/23/2016,LUQUILLO CO.,18.35,-65.72,0,Heavy Rain,31.59,12.47,1.525,2.105,1.59,12.25,0.0,29,0.58,Rio Arriba,"Rio Arriba clay, 5 to 12 percent slopes, eroded",0,33.30556233126588,51.81203664149246,40.708152055356514,1,631864
632054,04/25/2016,CANOVANAS CO.,18.33,-65.88,0,Heavy Rain,13.81,0.88,55.89,4.185,0.69,0.415,1.14,117,5.28,Humatas,"Humatas-Stony land complex, 40 to 60 percent slopes",1,14.952756106739573,60.37579125449857,33.12197016584317,1,632054
632057,04/25/2016,CAGUAS CO.,18.2365,-66.0245,0,Heavy Rain,45.755,0.0,1.66,1.57,0.27,0.13,1.025,64,0.26,Urban land,"Urban land-Vega Alta complex, 2 to 12 percent slopes",1,45.7854039605553,48.676308102332115,46.94176561726603,1,632057
632056,04/25/2016,CAGUAS CO.,18.2389,-66.0127,0,Heavy Rain,45.755,0.0,1.66,1.57,0.27,0.13,1.025,59,0.52,Urban land,"Urban land-Vega Alta complex, 2 to 12 percent slopes",1,45.7854039605553,48.676308102332115,46.94176561726603,1,632056
632073,04/25/2016,CAGUAS CO.,18.2361,-66.0219,0,Heavy Rain,45.755,0.0,1.66,1.57,0.27,0.13,1.025,62,0.36,Urban land,"Urban land-Vega Alta complex, 2 to 12 percent slopes",1,45.7854039605553,48.676308102332115,46.94176561726603,1,632073
632070,04/25/2016,CAGUAS CO.,18.2307,-66.0321,0,Heavy Rain,45.755,0.0,1.66,1.57,0.27,0.13,1.025,75,1.73,Urban land,"Urban land-Vega Alta complex, 2 to 12 percent slopes",1,45.7854039605553,48.676308102332115,46.94176561726603,1,632070
632364,04/25/2016,PENUELAS CO.,18.0881,-66.6958,0,Heavy Rain,78.765,0.0,2.135,1.315,0.0,0.175,0.465,225,7.39,Caguabo,"Caguabo gravelly clay loam, 20 to 60 percent slopes",1,78.80410388902745,81.50904954503133,79.88608215142901,1,632364
632367,04/25/2016,SABANA GRANDE CO.,18.0318,-66.8988,0,Heavy Rain,42.77,0.0,2.28,0.99,0.365,0.255,1.435,61,1.29,Fraternidad,"Fraternidad clay, 2 to 5 perecent slopes",1,42.81175965666632,46.068223166433675,44.11434506057326,1,632367
632773,04/26/2016,AGUADILLA CO.,18.4795,-67.1532,0,Heavy Rain,81.885,15.895,0.78,20.75,2.65,0.675,0.145,76,2.08,Urban land,Urban land,1,84.05044052537917,111.65601465504191,95.09267017724429,1,632773
632819,04/26/2016,AGUADILLA CO.,18.4699,-67.125,0,Heavy Rain,81.885,15.895,0.78,20.75,2.65,0.675,0.145,90,3.1,Coto,"Coto clay, 2 to 5 percent slopes",1,84.05044052537917,111.65601465504191,95.09267017724429,1,632819
632822,04/27/2016,LUQUILLO CO.,18.3277,-65.7483,0,Heavy Rain,53.135,5.055,4.725,1.075,31.59,12.47,1.525,141,18.91,Naranjito,"Naranjito silty clay loam, 40 to 60 percent slopes",0,53.90566125051035,86.35929353842145,66.88711416567479,1,632822
632823,04/27/2016,NAGUABO CO.,18.2185,-65.7821,0,Heavy Rain,25.695,3.09,21.565,0.38,35.855,13.51,2.485,11,0.82,Toa,"Toa silty clay loam, 0 to 2 percent slopes, occasionally flooded",0,26.508162777836688,72.74304998396826,45.002117660289315,1,632823
633046,04/29/2016,FAJARDO CO.,18.3394,-65.6688,0,Heavy Rain,24.345,6.88,29.58,1.57,3.54,0.685,55.075,25,1.32,Fajardo,"Fajardo clay, 2 to 10 percent slopes, eroded",0,25.81788334699665,79.26735026413397,47.19767011385157,1,633046
633052,04/29/2016,FAJARDO CO.,18.32,-65.65,0,Heavy Rain,24.345,6.88,29.58,1.57,3.54,0.685,55.075,7,3.09,Toa,"Toa silty clay loam, 0 to 2 percent slopes, occasionally flooded",0,25.81788334699665,79.26735026413397,47.19767011385157,1,633052
633053,04/29/2016,LUQUILLO CO.,18.35,-65.72,0,Heavy Rain,13.71,12.145,53.135,5.055,4.725,1.075,31.59,29,0.58,Rio Arriba,"Rio Arriba clay, 5 to 12 percent slopes, eroded",0,16.32684848726155,84.06149110128601,43.42070553287133,1,633053
640321,05/30/2016,NAGUABO CO.,18.22,-65.73,0,Heavy Rain,46.77,30.88,8.845,3.995,0.025,1.52,0.0,29,1.39,Cobbly alluvial land,Cobbly alluvial land,0,51.111155372317455,83.54672651194984,64.08538382817041,1,640321
658835,08/05/2016,CIDRA CO.,18.193,-66.2015,0,Heavy Rain,13.875,0.635,0.0,0.0,14.215,79.1,0.0,324,11.44,Mucara,"Mucara clay, 20 to 40 percent slopes",1,13.96093790485525,61.17568084163665,32.84683507956781,1,658835
658831,08/26/2016,PONCE CO.,17.9965,-66.6338,0,Heavy Rain,97.775,14.72,1.53,0.345,0.0,0.915,0.0,12,0.82,Urban land,Urban land,1,99.79515829674273,112.3578800360707,104.8202469924739,1,658831
658237,08/26/2016,PONCE CO.,18.0061,-66.6267,0,Heavy Rain,95.11,25.155,4.285,0.775,0.0,0.87,0.0,11,1.29,Urban land,Urban land,1,98.59284156245522,121.06716028244456,107.58256905045096,1,658237
661451,09/20/2016,UTUADO CO.,18.2716,-66.7008,0,Heavy Rain,10.785,8.295,1.61,17.385,0.365,3.955,8.25,161,4.75,Lirios,"Lirios clay loam, 40 to 60 percent slopes",1,11.937094353058564,36.154233990371786,21.623950207983853,1,661451
661455,09/20/2016,SAN SEBASTIAN CO.,18.3295,-66.9869,0,Heavy Rain,7.195,8.665,2.75,3.365,0.25,0.175,0.29,68,0.73,Lares,"Lares clay, 5 to 20 percent slopes, eroded",1,8.418048236189268,19.31506943205509,12.776856714535596,1,661455
661460,09/20/2016,SAN SEBASTIAN CO.,18.3118,-67.0078,0,Heavy Rain,9.075,6.245,3.04,2.395,0.21,2.115,0.005,113,0.82,Humatas,"Humatas clay, 12 to 20 percent slopes",1,9.975848386034396,19.4894332774886,13.78128234261608,1,661460
663756,10/10/2016,TRUJILLO ALTO CO.,18.3363,-66.0097,0,Heavy Rain,0.295,6.365,2.96,1.765,1.66,15.3,11.345,30,3.66,Mucara,"Mucara clay, 20 to 40 percent slopes",1,1.210623368911693,22.428769963914327,9.697882006912748,1,663756
663761,10/18/2016,CABO ROJO CO.,18.03,-67.13,0,Heavy Rain,73.385,1.93,0.21,0.775,5.785,0.685,14.715,24,2.08,Urban land,Urban land,0,73.6500433808133,85.56762664439796,78.41707668624716,1,663761
663762,10/18/2016,MAYAGUEZ CO.,18.1819,-67.1694,0,Heavy Rain,57.655,0.205,0.0,0.605,4.38,2.605,13.8,5,2.08,Leveled sandy land,Leveled sandy land,1,57.682743733063504,67.83189726713684,61.74240514669283,1,663762
664147,10/18/2016,SALINAS CO.,17.971,-66.2177,0,Heavy Rain,56.335,0.0,2.525,1.025,1.29,0.0,17.565,4,0.73,Paso Seco,"Paso Seco clay, 0 to 5 percent slopes",0,56.38124698819406,67.08280061069007,60.66186843719247,1,664147
664002,10/29/2016,MAYAGUEZ CO.,18.2383,-67.1612,0,Heavy Rain,19.55,5.505,0.0,0.13,5.485,6.045,0.0,21,4.73,Lares,"Lares clay, 0 to 5 percent slopes, eroded",1,20.295020734217555,30.463608146838133,24.362455699265787,1,664002
664004,10/29/2016,SAN SEBASTIAN CO.,18.346,-67.0033,0,Heavy Rain,30.74,2.46,1.04,0.12,6.31,8.5,0.0,74,2.85,Urban land,Urban land,1,31.09197306120635,41.45670416119053,35.23786550120002,1,664004
664010,10/30/2016,VEGA ALTA CO.,18.3943,-66.3506,0,Heavy Rain,11.91,12.96,7.34,1.135,6.46,21.92,14.505,133,11.18,Colinas,"Colinas clay loam, 40 to 60 percent slopes",1,13.798382060189809,49.93432461443541,28.252759081888048,1,664010
664013,10/31/2016,COAMO CO.,18.097,-66.3648,0,Heavy Rain,17.97,23.915,8.655,3.22,0.33,1.29,5.595,165,3.59,Llanos,"Llanos clay, 5 to 12 percent slopes, eroded",0,21.365065153185583,50.49528650199576,33.017153692709655,1,664013
667350,11/13/2016,SAN SEBASTIAN CO.,18.3439,-67.0004,0,Heavy Rain,13.125,8.19,5.015,6.68,0.64,26.26,7.045,60,0.82,Santoni,Santoni clay,1,14.32524889873486,44.55149180387866,26.41574606079238,1,667350
667352,11/13/2016,SAN SEBASTIAN CO.,18.3314,-66.9885,0,Heavy Rain,15.4,14.42,5.035,12.1,1.09,21.9,10.495,66,1.57,Toa,"Toa silty clay loam, 0 to 2 percent slopes, occasionally flooded",1,17.443754026076732,55.35677819382278,32.608963693175156,1,667352
667357,11/13/2016,SAN SEBASTIAN CO.,18.3261,-66.9868,0,Heavy Rain,15.4,14.42,5.035,12.1,1.09,21.9,10.495,84,6.02,Humatas,"Humatas clay, 20 to 40 percent slopes",1,17.443754026076732,55.35677819382278,32.608963693175156,1,667357
667364,11/13/2016,SAN SEBASTIAN CO.,18.3285,-66.9853,0,Heavy Rain,15.4,14.42,5.035,12.1,1.09,21.9,10.495,66,6.07,Toa,"Toa silty clay loam, 0 to 2 percent slopes, occasionally flooded",1,17.443754026076732,55.35677819382278,32.608963693175156,1,667364
667376,11/13/2016,SAN SEBASTIAN CO.,18.3194,-67.003,0,Heavy Rain,13.125,8.19,5.015,6.68,0.64,26.26,7.045,122,4.12,Humatas,"Humatas clay, 20 to 40 percent slopes",1,14.32524889873486,44.55149180387866,26.41574606079238,1,667376
665874,11/14/2016,JUANA DIAZ CO.,18.0967,-66.5448,0,Heavy Rain,16.42,4.225,22.855,0.0,0.0,2.49,1.16,189,14.19,Reilly,Reilly gravelly loam,1,17.41039549847671,38.968803892962256,26.03375885627093,1,665874
665876,11/14/2016,JUANA DIAZ CO.,17.9996,-66.5283,0,Heavy Rain,4.905,9.725,13.475,0.0,0.325,4.435,2.72,12,0.58,Urban land,"Urban land-Cortada complex, 0 to 2 percent slopes, occasionally flooded",1,6.467938863501752,26.97048888928891,14.668958873816615,1,665876
665884,11/18/2016,YABUCOA CO.,18.0645,-65.8269,0,Heavy Rain,156.52,17.855,0.13,0.0,0.715,0.385,4.005,14,9.8,Teja,"Teja gravelly sandy loam, 12 to 40 percent slopes",0,158.93879251524527,174.38765719124046,165.11833838564334,1,665884
666186,11/18/2016,NAGUABO CO.,18.2154,-65.7755,0,Heavy Rain,81.845,24.905,2.375,2.945,1.78,2.95,1.995,33,8.99,Sabana,"Sabana silty clay loam, 40 to 60 percent slopes",0,85.25902487136858,110.43381066875337,95.32893919032249,1,666186
666332,11/20/2016,VEGA ALTA CO.,18.4191,-66.3104,0,Heavy Rain,35.465,14.53,11.48,21.45,0.0,0.0,0.0,47,7.97,San Sebastian,"San Sebastian gravelly clay, 20 to 60 percent slopes",1,37.64168519987065,70.66106299191557,50.84943631668862,1,666332
681238,02/04/2017,HATILLO CO.,18.4779,-66.8058,0,Heavy Rain,6.695,0.0,6.855,0.55,0.52,0.0,0.0,48,0.73,Colinas,"Colinas clay loam, 12 to 20 percent slopes",1,6.820553704582273,12.4983217491172,9.091660922396244,1,681238
681254,02/04/2017,HATILLO CO.,18.4739,-66.7761,0,Heavy Rain,6.26,0.0,7.79,0.0,0.0,0.0,0.0,60,3.35,Colinas,"Colinas clay loam, 12 to 20 percent slopes",1,6.402678826943239,12.114008113056478,8.687210541388534,1,681254
688401,04/11/2017,SAN SEBASTIAN CO.,18.3301,-66.9178,1,Heavy Rain,23.035,0.36,4.06,0.0,0.0,0.0,0.0,295,9.72,Soller,"Soller clay, 20 to 40 percent slopes",1,23.15808219585344,26.39807385379573,24.454078859030357,1,688401
695346,04/17/2017,CAROLINA CO.,18.4312,-66.0084,0,Heavy Rain,33.735,1.44,0.0,0.0,3.05,15.135,0.235,3,0.58,Urban land,Urban land,1,33.92988280786072,44.2146350838925,38.04378371827343,1,695346
696260,04/17/2017,CAROLINA CO.,18.4187,-65.999,0,Heavy Rain,25.26,0.645,0.135,2.31,2.6,19.585,0.455,0,0.0,Made land,Made land,1,25.349763868937593,38.67444006722689,30.67963434825331,1,696260
696261,04/17/2017,CAROLINA CO.,18.3943,-65.9658,0,Heavy Rain,37.995,6.995,0.52,3.285,1.49,22.91,0.78,5,0.93,Made land,Made land,1,38.951194438462245,58.977396647010565,46.96167532188157,1,696261
696265,04/17/2017,CAROLINA CO.,18.4276,-66.0133,0,Heavy Rain,33.735,1.44,0.0,0.0,3.05,15.135,0.235,1,0.58,Urban land,Urban land,1,33.92988280786072,44.2146350838925,38.04378371827343,1,696265
696266,04/17/2017,RIO GRANDE CO.,18.348,-65.7664,0,Heavy Rain,33.575,0.385,1.39,2.35,3.485,17.555,7.145,38,6.1,Humatas,"Humatas clay, 20 to 40 percent slopes",0,33.65256282210144,50.07827368505761,40.22284716728391,1,696266
696270,04/17/2017,RIO GRANDE CO.,18.2913,-65.8145,0,Heavy Rain,26.14,4.33,1.175,1.18,0.565,8.735,1.815,880,14.17,Yunque,"Yunque-Moteado complex, 20 to 60 percent slopes",1,26.7475226521088,36.910714063236426,30.812799216559853,1,696270
696285,04/17/2017,VEGA ALTA CO.,18.4025,-66.3411,0,Heavy Rain,34.26,1.605,0.0,0.0,1.185,3.39,16.805,69,15.04,San Sebastian,"San Sebastian gravelly clay, 20 to 60 percent slopes",1,34.47721312959476,45.11166190117745,38.73099263822783,1,696285
696272,04/17/2017,NAGUABO CO.,18.2124,-65.7714,0,Heavy Rain,25.12,2.945,1.145,1.76,7.035,5.835,3.965,13,1.15,Coloso,"Coloso silty clay loam, 0 to 2 percent slopes, occasionally flooded",0,25.539533815659425,38.19183556153865,30.600454514011115,1,696272
696290,04/17/2017,FAJARDO CO.,18.3195,-65.656,0,Heavy Rain,9.015,0.13,0.715,0.545,5.195,5.025,4.36,9,0.26,Vega Baja,"Vega Baja silty clay loam, 0 to 3 percent slopes",0,9.045689268626203,17.26395776812628,12.332996668426237,1,696290
696500,04/17/2017,COMERIO CO.,18.2376,-66.2065,0,Heavy Rain,44.655,13.595,4.35,0.14,2.265,3.085,0.505,238,15.02,Caguabo,"Caguabo-Rock outcrop complex, 20 to 60 percent slopes",1,46.574556204767745,62.8039635931832,53.06631916013393,1,696500
698056,05/11/2017,SAN LORENZO CO.,18.1798,-65.9786,0,Heavy Rain,8.28,4.57,36.685,6.37,0.0,0.0,0.18,130,2.2,Pandura,"Pandura sandy loam, 12 to 20 percent slopes",1,9.570391457024533,44.03563040701987,23.35648703702267,1,698056
699780,05/11/2017,MAUNABO CO.,18.016,-65.9293,0,Heavy Rain,6.28,2.125,20.17,10.24,0.0,0.0,0.0,21,1.03,Reilly,Reilly soils,0,6.937013913263571,29.950148487415667,16.14226774292441,1,699780
703582,05/11/2017,MAUNABO CO.,18.01,-65.9249,0,Heavy Rain,6.28,2.125,20.17,10.24,0.0,0.0,0.0,19,0.58,Coloso,"Coloso silty clay, 0 to 2 percent slopes, occasionally flooded",0,6.937013913263571,29.950148487415667,16.14226774292441,1,703582
708505,06/14/2017,GUAYNABO CO.,18.4109,-66.1103,0,Heavy Rain,2.615,1.91,0.0,0.155,0.245,0.0,0.0,21,1.32,Urban land,"Urban land-Vega Alta complex, 2 to 12 percent slopes",1,2.8734903909819307,4.510065782332061,3.528120547521983,1,708505
709391,06/14/2017,SAN JUAN CO.,18.3905,-66.0715,0,Heavy Rain,0.0,0.0,0.0,0.0,0.0,0.0,0.23,24,2.32,Urban land,"Urban land-Vega Alta complex, 2 to 12 percent slopes",1,0.0,0.0976057545056985,0.0390423018022794,1,709391
708510,06/14/2017,SAN JUAN CO.,18.3923,-66.0731,0,Heavy Rain,0.0,0.0,0.0,0.0,0.0,0.0,0.23,26,2.31,Urban land,"Urban land-Vega Alta complex, 2 to 12 percent slopes",1,0.0,0.0976057545056985,0.0390423018022794,1,708510
708507,06/14/2017,GUAYNABO CO.,18.4012,-66.1049,0,Heavy Rain,2.615,1.91,0.0,0.155,0.245,0.0,0.0,21,2.66,Urban land,Urban land,1,2.8734903909819307,4.510065782332061,3.528120547521983,1,708507
710792,06/19/2017,AGUADA CO.,18.3717,-67.141,0,Heavy Rain,13.9,22.405,0.25,8.27,12.39,5.865,17.12,28,6.07,Rio Piedras,"Rio Piedras clay, 5 to 12 percent slopes, eroded",1,16.936765930638494,56.03095215592053,32.5744404207513,1,710792
710795,06/19/2017,RIO GRANDE CO.,18.3516,-65.7938,0,Heavy Rain,36.71,0.0,0.0,0.66,0.01,0.64,0.0,204,11.24,Caguabo,"Caguabo clay loam, 20 to 60 percent slopes",0,36.71,37.45890362130703,37.00956144852282,1,710795
715762,07/13/2017,NAGUABO CO.,18.219,-65.7861,0,Heavy Rain,14.375,0.92,1.47,0.0,14.675,4.59,6.485,15,0.93,Toa,"Toa silty clay loam, 0 to 2 percent slopes, occasionally flooded",0,14.526432449744124,29.56349185063614,20.54125621010093,1,715762
715627,07/13/2017,NAGUABO CO.,18.2367,-65.7601,0,Heavy Rain,14.375,0.92,1.47,0.0,14.675,4.59,6.485,73,5.75,Urban land,Urban land,0,14.526432449744124,29.56349185063614,20.54125621010093,1,715627
715881,07/13/2017,NAGUABO CO.,18.2195,-65.7911,0,Heavy Rain,14.375,0.92,1.47,0.0,14.675,4.59,6.485,23,3.02,Pandura,"Pandura loam, 12 to 40 percent slopes",0,14.526432449744124,29.56349185063614,20.54125621010093,1,715881
715793,07/13/2017,NAGUABO CO.,18.2152,-65.7315,0,Heavy Rain,14.375,0.92,1.47,0.0,14.675,4.59,6.485,21,0.26,Toa,"Toa silty clay loam, 0 to 2 percent slopes, occasionally flooded",0,14.526432449744124,29.56349185063614,20.54125621010093,1,715793
715791,07/13/2017,NAGUABO CO.,18.2008,-65.7268,0,Heavy Rain,14.375,0.92,1.47,0.0,14.675,4.59,6.485,6,0.73,Toa,"Toa silty clay loam, 0 to 2 percent slopes, occasionally flooded",0,14.526432449744124,29.56349185063614,20.54125621010093,1,715791
715882,07/22/2017,GUAYNABO CO.,18.4046,-66.1066,0,Heavy Rain,18.315,0.0,0.0,0.0,0.32,1.5,0.395,15,2.43,Urban land,Urban land,1,18.315,19.39764956242031,18.748059824968124,1,715882
715883,07/22/2017,GUAYNABO CO.,18.3991,-66.1089,0,Heavy Rain,9.885,0.0,0.0,0.0,0.0,0.475,0.525,19,3.28,Urban land,"Urban land-Vega Alta complex, 2 to 12 percent slopes",1,9.885,10.340328032269952,10.06713121290798,1,715883
715891,07/29/2017,LARES CO.,18.3147,-66.8956,0,Heavy Rain,1.55,18.61,11.785,3.475,12.155,0.0,4.94,293,15.12,Soller,"Soller-Limestone rockland complex, 20 to 40 percent slopes",1,4.284439425337095,37.76305896881199,17.675887242727054,1,715891
718939,08/17/2017,CEIBA CO.,18.2638,-65.6952,0,Heavy Rain,85.125,7.33,0.0,0.295,0.28,0.335,0.345,94,6.17,Humatas,"Humatas clay, 20 to 40 percent slopes",0,86.11700762612438,92.13991568901278,88.52617085127974,1,718939
718940,08/17/2017,RIO GRANDE CO.,18.4045,-65.8041,0,Heavy Rain,126.41,8.405,0.99,1.19,0.0,0.22,3.175,1,0.77,Tidal swamp,Tidal swamp,1,127.56562553810356,136.67036669613358,131.20752200131557,1,718940
718941,08/17/2017,RIO GRANDE CO.,18.3609,-65.7709,0,Heavy Rain,137.245,10.575,0.535,0.545,0.165,0.66,0.62,27,8.75,Caguabo,"Caguabo clay loam, 20 to 60 percent slopes",0,138.68596948703268,147.84869557776645,142.3510599233262,1,718941
718943,08/17/2017,LUQUILLO CO.,18.3553,-65.7001,0,Heavy Rain,137.245,10.575,0.535,0.545,0.165,0.66,0.62,8,0.58,Coloso,"Coloso silty clay loam, 0 to 2 percent slopes, occasionally flooded",0,138.68596948703268,147.84869557776645,142.3510599233262,1,718943
718944,08/17/2017,LUQUILLO CO.,18.3717,-65.7634,0,Heavy Rain,137.245,10.575,0.535,0.545,0.165,0.66,0.62,9,1.03,Water,Water,0,138.68596948703268,147.84869557776645,142.3510599233262,1,718944
718991,08/17/2017,PATILLAS CO.,18.0026,-66.0131,0,Heavy Rain,102.875,5.295,0.0,0.0,0.455,0.0,0.0,16,0.26,Parcelas,"Parcelas clay, 5 to 12 percent slopes, eroded",0,103.59160032473788,107.72206522469074,105.24378628471902,1,718991
719001,08/17/2017,PATILLAS CO.,17.9968,-65.9891,0,Heavy Rain,114.805,4.565,0.37,0.0,0.0,0.0,0.0,53,9.49,Parcelas,"Parcelas clay, 5 to 12 percent slopes, eroded",0,115.42958235436396,119.04034421079744,116.87388709693737,1,719001
719011,08/17/2017,NAGUABO CO.,18.2186,-65.7821,0,Heavy Rain,128.77,8.33,0.0,0.0,0.475,0.0,0.36,11,0.82,Toa,"Toa silty clay loam, 0 to 2 percent slopes, occasionally flooded",0,129.897342909361,136.4121082373164,132.50324904054315,1,719011
720511,08/20/2017,CAROLINA CO.,18.4255,-65.9879,0,Heavy Rain,28.26,1.15,0.0,117.645,8.905,2.975,0.775,6,1.29,Urban land,Urban land,1,28.415635575722103,112.7095477770144,62.133200456239024,1,720511
720493,08/20/2017,SAN LORENZO CO.,18.1893,-65.989,0,Heavy Rain,53.53,1.925,0.0,142.515,6.965,0.0,0.0,225,21.62,Mucara,"Mucara clay, 40 to 60 percent slopes",1,53.79052042023048,151.97183896084152,93.06304783647492,1,720493
720502,08/20/2017,MAYAGUEZ CO.,18.2028,-67.1376,0,Heavy Rain,53.41,12.01,0.0,18.38,12.985,1.81,8.6,14,1.65,Leveled land,"Leveled land, frequently flooded",1,55.03537675167171,87.66319514431109,68.08650410872747,1,720502
720476,08/20/2017,MAYAGUEZ CO.,18.1813,-67.1336,0,Heavy Rain,43.455,8.665,0.245,20.015,10.655,0.255,11.36,43,5.82,Mucara,"Mucara clay, 20 to 40 percent slopes",1,44.63216756077299,75.15194191469269,56.84007730234087,1,720476
720485,08/20/2017,PATILLAS CO.,18.0,-66.0085,0,Heavy Rain,61.605,3.04,0.0,102.875,5.295,0.0,0.0,25,5.31,Patillas,"Patillas clay loam, 20 to 40 percent slopes, eroded",0,62.0164192610393,134.24728431477897,90.90876528253516,1,720485
720492,08/20/2017,MAYAGUEZ CO.,18.204,-67.1506,0,Heavy Rain,53.41,12.01,0.0,18.38,12.985,1.81,8.6,6,1.09,Leveled sandy land,Leveled sandy land,1,55.03537675167171,87.66319514431109,68.08650410872747,1,720492
720433,08/20/2017,ARROYO CO.,17.9891,-66.061,0,Heavy Rain,49.53,3.65,0.115,108.63,7.385,0.275,0.0,40,2.06,Cobbly alluvial land,Cobbly alluvial land,0,50.02608008228584,127.85141632979584,81.15621458128985,1,720433
720425,08/20/2017,PATILLAS CO.,18.0139,-66.0265,0,Heavy Rain,61.605,3.04,0.0,102.875,5.295,0.0,0.0,33,1.39,Cobbly alluvial land,Cobbly alluvial land,0,62.0164192610393,134.24728431477897,90.90876528253516,1,720425
720474,08/20/2017,PATILLAS CO.,17.9924,-65.9708,0,Heavy Rain,48.605,0.94,0.0,114.805,4.565,0.37,0.0,106,13.38,Caguabo,"Caguabo clay loam, 20 to 60 percent slopes",0,48.73221516624241,126.9673948666195,80.02628704639325,1,720474
720472,08/20/2017,PATILLAS CO.,18.0023,-66.0382,0,Heavy Rain,61.605,3.04,0.0,102.875,5.295,0.0,0.0,142,17.19,Rock land,Rock land,0,62.0164192610393,134.24728431477897,90.90876528253516,1,720472
720414,08/20/2017,MAYAGUEZ CO.,18.1594,-67.1444,0,Heavy Rain,43.455,8.665,0.245,20.015,10.655,0.255,11.36,34,3.94,Malaya,"Malaya clay, 20 to 60 percent slopes",1,44.63216756077299,75.15194191469269,56.84007730234087,1,720414
720480,08/20/2017,MAYAGUEZ CO.,18.2018,-67.1413,0,Heavy Rain,53.41,12.01,0.0,18.38,12.985,1.81,8.6,22,0.52,Leveled clayey land,Leveled clayey land,1,55.03537675167171,87.66319514431109,68.08650410872747,1,720480
720407,08/20/2017,AGUADA CO.,18.3768,-67.1937,0,Heavy Rain,43.36,9.915,0.0,19.015,8.895,1.345,7.855,12,0.36,Coloso,"Coloso clay, 0 to 2 percent slopes, occasionally flooded",1,44.701849333291015,73.35725798513162,56.16401279402726,1,720407
720478,08/20/2017,MAYAGUEZ CO.,18.1804,-67.1496,0,Heavy Rain,43.455,8.665,0.245,20.015,10.655,0.255,11.36,14,4.32,Toa,"Toa silty clay loam, 0 to 2 percent slopes, occasionally flooded",1,44.63216756077299,75.15194191469269,56.84007730234087,1,720478
721841,09/06/2017,CULEBRA CO.,18.3142,-65.2217,0,Heavy Rain,54.865,1.22,0.14,1.18,0.32,0.0,0.0,0,0.0,Water,Water,0,55.03267323499309,56.9772057456549,55.81048623925781,1,721841
721848,09/06/2017,HUMACAO CO.,18.1975,-65.817,0,Heavy Rain,50.375,1.62,1.14,1.55,0.315,0.14,0.0,201,11.83,Sabana,"Sabana silty clay loam, 40 to 60 percent slopes",1,50.61512298717647,53.89217889164467,51.92594534896375,1,721848
721940,09/06/2017,CEIBA CO.,18.2851,-65.6371,0,Heavy Rain,50.255,1.645,0.0,1.915,0.195,0.185,0.0,7,1.29,Vega Alta,"Vega Alta silty clay loam, 5 to 12 percent slopes",0,50.47762654092423,53.129205181070574,51.538257996982765,1,721940
721939,09/06/2017,CANOVANAS CO.,18.401,-65.9279,0,Heavy Rain,55.435,2.515,0.0,3.5,0.17,0.0,0.0,6,1.09,Bajura,"Bajura clay, 0 to 2 percent slopes, frequently flooded",1,55.77536823734008,59.99123669997173,57.46171562239274,1,721939
721887,09/06/2017,CAROLINA CO.,18.4321,-65.966,0,Heavy Rain,55.435,2.515,0.0,3.5,0.17,0.0,0.0,5,0.73,Tidal swamp,Tidal swamp,1,55.77536823734008,59.99123669997173,57.46171562239274,1,721887
721846,09/06/2017,GURABO CO.,18.294,-66.0114,0,Heavy Rain,55.9,1.125,2.58,1.47,0.375,0.455,0.0,296,4.26,Caguabo,"Caguabo clay loam, 40 to 60 percent slopes",1,56.09950654197412,60.206175218775165,57.74217401269454,1,721846
721837,09/06/2017,CIALES CO.,18.3676,-66.4666,0,Heavy Rain,40.455,2.895,5.465,9.495,8.535,0.0,0.0,204,15.84,Naranjo,"Naranjo clay, 5 to 20 percent slopes",1,40.946890611496926,58.076717949026815,47.79882154650888,1,721837
721838,09/06/2017,CIDRA CO.,18.1658,-66.102,0,Heavy Rain,48.35,2.54,0.85,0.25,0.47,1.825,0.075,451,4.38,Naranjito,"Naranjito silty clay loam, 20 to 40 percent slopes",1,48.709319912476424,52.54414433832308,50.24324968281509,1,721838
721943,09/06/2017,BAYAMON CO.,18.416,-66.1973,0,Heavy Rain,58.545,0.355,0.34,7.31,1.605,0.0,0.0,34,0.36,Almirante,"Almirante clay, 2 to 5 percent slopes",1,58.59927134277117,64.77663603043139,61.070217217835264,1,721943
721853,09/06/2017,AGUAS BUENAS CO.,18.2662,-66.1853,0,Heavy Rain,52.595,1.9,4.375,0.77,0.665,0.59,0.0,541,3.93,Humatas,"Humatas clay, 40 to 60 percent slopes",1,52.932267958287774,58.695756371302394,55.23766332349362,1,721853
721944,09/06/2017,CATANO CO.,18.4498,-66.1588,0,Heavy Rain,58.545,0.355,0.34,7.31,1.605,0.0,0.0,2,0.82,Urban land,Urban land-Durados complex,1,58.59927134277117,64.77663603043139,61.070217217835264,1,721944
721845,09/06/2017,GUAYNABO CO.,18.4298,-66.1188,0,Heavy Rain,58.545,0.355,0.34,7.31,1.605,0.0,0.0,4,1.15,Urban land,Urban land,1,58.59927134277117,64.77663603043139,61.070217217835264,1,721845
721840,09/06/2017,COROZAL CO.,18.3566,-66.3306,0,Heavy Rain,51.06,2.38,4.53,7.66,5.55,0.0,0.0,172,7.34,Soller,"Soller clay loam, 40 to 60 percent slopes",1,51.465067818269105,64.65157029686742,56.739668809708434,1,721840
721844,09/06/2017,FLORIDA CO.,18.3914,-66.5792,0,Heavy Rain,34.815,2.375,5.55,9.0,9.24,0.0,0.0,174,2.43,Vega Alta,"Vega Alta clay, 5 to 12 percent slopes, eroded",1,35.238073093519425,52.12548095360571,41.99303623755394,1,721844
721948,09/06/2017,BARCELONETA CO.,18.4816,-66.5888,0,Heavy Rain,37.065,1.2,0.88,4.65,5.11,0.0,0.0,13,2.2,Santa Clara,"Santa Clara clay, 2 to 12 percent slopes",1,37.24352010210602,44.68145471858553,40.21869394869782,1,721948
721843,09/06/2017,FAJARDO CO.,18.2891,-65.6395,0,Heavy Rain,50.255,1.645,0.0,1.915,0.195,0.185,0.0,59,10.49,Naranjito,"Naranjito silty clay loam, 20 to 40 percent slopes",0,50.47762654092423,53.129205181070574,51.538257996982765,1,721843
721954,09/06/2017,ARECIBO CO.,18.4819,-66.7687,0,Heavy Rain,23.445,2.595,2.11,9.9,4.13,0.0,0.0,17,3.3,San German,"San German gravelly clay loam, 5 to 20 percent slopes",1,23.83484105805424,36.06169775169008,28.725583735508575,1,721954
721850,09/06/2017,ADJUNTAS CO.,18.2493,-66.7947,0,Heavy Rain,25.375,7.435,16.78,8.99,10.535,0.805,0.0,479,8.74,Lirios,"Lirios clay loam, 40 to 60 percent slopes",1,26.688554251417177,56.629849740945176,38.665072447228376,1,721850
721849,09/06/2017,JAYUYA CO.,18.2777,-66.5758,0,Heavy Rain,35.225,3.59,10.61,16.45,5.97,0.155,0.0,478,5.41,Humatas,"Humatas clay, 40 to 60 percent slopes",1,35.90518259542891,60.47368438163545,45.732583309911526,1,721849
721847,09/06/2017,HATILLO CO.,18.4803,-66.8243,0,Heavy Rain,17.045,3.37,3.465,3.865,4.715,0.0,0.0,8,2.38,Colinas,"Colinas clay loam, 20 to 40 percent slopes",1,17.56454359325685,27.750705245288096,21.63900825406935,1,721847
721955,09/06/2017,CAMUY CO.,18.479,-66.9067,0,Heavy Rain,12.015,1.695,5.575,4.18,3.825,0.0,0.0,70,5.67,San German,"San German gravelly clay loam, 12 to 20 percent slopes",1,12.346502991890752,22.55690602613077,16.43066420558676,1,721955
721839,09/06/2017,COMERIO CO.,18.2617,-66.2115,0,Heavy Rain,49.88,2.465,3.41,1.075,1.535,0.915,0.0,289,24.78,Caguabo,"Caguabo clay loam, 40 to 60 percent slopes",1,50.27605780178884,56.59446151489333,52.80341928703064,1,721839
721956,09/06/2017,BARRANQUITAS CO.,18.2403,-66.3526,0,Heavy Rain,45.45,2.14,4.86,11.495,3.415,1.1,0.0,639,25.26,Maricao,"Maricao clay, 20 to 60 percent slopes",1,45.8286315111256,60.91259852829991,51.86221831799533,1,721956
721842,09/06/2017,DORAD CO.,18.4728,-66.3125,0,Heavy Rain,52.285,0.825,0.47,1.68,4.51,0.0,0.0,6,1.32,Urban land,Urban land-Durados complex,1,52.40525995894791,56.994664941946446,54.24102195214732,1,721842
721942,09/07/2017,CAGUAS CO.,18.3041,-66.0662,0,Heavy Rain,32.245,62.37,1.955,3.865,2.88,0.385,0.0,86,1.65,Humatas,"Humatas clay, 20 to 40 percent slopes",1,40.72166868949501,92.11398640305032,61.278595774917136,1,721942
721503,09/20/2017,PONCE CO.,18.1531,-66.6623,0,Heavy Rain,91.5,0.5,9.3,5.635,0.49,2.39,2.535,821,11.62,Los Guineos,"Los Guineos clay, 20 to 40 percent slopes",1,91.73800308328352,105.11553847457876,97.08901723980162,1,721503
721924,09/20/2017,FAJARDO CO.,18.3599,-65.6649,0,Heavy Rain,131.225,15.755,0.825,2.035,0.26,3.64,4.965,8,1.39,Catano,"Catano loamy sand, 0 to 2 percent slopes",0,133.37231778947603,150.8640780907223,140.36902190997455,1,721924
721926,09/20/2017,GUAYAMA CO.,18.0976,-66.0903,0,Heavy Rain,160.6,11.185,0.075,0.46,1.53,3.275,12.445,685,11.18,Los Guineos,"Los Guineos clay, 40 to 60 percent slopes",0,162.11509881591817,178.40063979832124,168.6293152088794,1,721926
721905,09/20/2017,CIALES CO.,18.3292,-66.582,0,Heavy Rain,119.99,1.82,1.675,13.355,0.275,4.12,1.305,343,14.21,Rock outcrop,"Rock outcrop-Tanama complex, 12 to 60 percent slopes",1,120.26698891062928,134.2524265413089,125.86116396290112,1,721905
721929,09/20/2017,GURABO CO.,18.3008,-66.0158,0,Heavy Rain,165.97,8.275,0.0,1.785,0.795,2.49,3.51,168,16.24,Mucara,"Mucara clay, 40 to 60 percent slopes",1,167.08989946878296,177.4636916657448,171.23941634756767,1,721929
721935,09/20/2017,HUMACAO CO.,18.1707,-65.7484,0,Heavy Rain,179.97,20.99,0.06,1.685,0.24,4.285,10.385,7,1.5,Aguadilla,Aguadilla loamy sand,0,182.8117865334698,205.9488609281192,192.0666162913296,1,721935
722507,09/20/2017,ARROYO CO.,18.022,-66.0948,0,Heavy Rain / Tropical System,160.6,11.185,0.075,0.46,1.53,3.275,12.445,730,15.98,Caguabo,"Caguabo clay loam, 20 to 60 percent slopes",0,162.11509881591817,178.40063979832124,168.6293152088794,1,722507
721364,09/20/2017,COMERIO CO.,18.2753,-66.2127,0,Heavy Rain,131.91,4.89,0.065,2.04,0.0,0.015,3.175,117,6.95,Caguabo,"Caguabo clay loam, 40 to 60 percent slopes",1,132.5729800515548,138.88154154110927,135.09640464737657,1,721364
722607,09/20/2017,AGUAS BUENAS CO.,18.2757,-66.1775,0,Heavy Rain / Tropical System,158.585,7.03,0.465,0.28,0.17,0.325,4.52,490,6.92,Humatas,"Humatas clay, 20 to 40 percent slopes",1,159.54492381323664,167.38425989518964,162.68065824601786,1,722607
721906,09/20/2017,CIDRA CO.,18.2079,-66.1665,0,Heavy Rain,158.585,7.03,0.465,0.28,0.17,0.325,4.52,468,3.92,Humatas,"Humatas clay, 20 to 40 percent slopes",1,159.54492381323664,167.38425989518964,162.68065824601786,1,721906
721928,09/20/2017,GUAYNABO CO.,18.4324,-66.1144,0,Heavy Rain,155.555,5.55,0.0,9.095,0.005,1.825,3.65,3,0.93,Urban land,Urban land,1,156.30611082196322,168.7362085778808,161.27814992433025,1,721928
722613,09/20/2017,CATANO CO.,18.4407,-66.1121,0,Heavy Rain / Tropical System,155.555,5.55,0.0,9.095,0.005,1.825,3.65,1,1.15,Water,Water,1,156.30611082196322,168.7362085778808,161.27814992433025,1,722613
722509,09/20/2017,CEIBA CO.,18.2822,-65.633,0,Heavy Rain / Tropical System,154.485,17.16,0.9,1.44,0.305,4.14,5.215,0,2.32,Water,Water,0,156.82383753534015,175.38707245430905,164.2491315029277,1,722509
749456,09/20/2017,TOA BAJA CO.,18.449,-66.1638,9,Heavy Rain / Tropical System,155.555,5.55,0.0,9.095,0.005,1.825,3.65,1,1.32,Durados,Durados sandy loam,1,156.30611082196322,168.7362085778808,161.27814992433025,1,749456
749737,09/20/2017,UTUADO CO.,18.27,-66.7,3,Heavy Rain / Tropical System,98.24,0.275,0.58,8.625,0.645,3.43,0.49,174,6.94,Lirios,"Lirios clay loam, 40 to 60 percent slopes",1,98.28784027344552,106.78422389897736,101.68639372365826,1,749737
749457,09/20/2017,VEGA ALTA CO.,18.42,-66.33,1,Heavy Rain / Tropical System,131.74,3.395,0.0,2.885,0.0,4.095,1.385,53,3.87,San Sebastian,"San Sebastian gravelly clay, 20 to 60 percent slopes",1,132.1994632865883,139.1548816377773,134.98163062706388,1,749457
721914,09/20/2017,COAMO CO.,18.0506,-66.4165,0,Heavy Rain,120.165,1.31,0.77,0.0,0.49,2.355,15.605,111,2.38,Llanos,"Llanos clay, 5 to 12 percent slopes, eroded",1,120.35639226298429,129.93116830916992,124.18630268145854,1,721914
721915,09/20/2017,COROZAL CO.,18.3468,-66.3396,0,Heavy Rain,118.4,2.15,0.01,7.41,0.0,3.28,5.975,120,6.1,Lares,"Lares clay, 5 to 12 percent slopes, eroded",1,118.6911540153476,129.23979006996535,122.91060843719472,1,721915
722508,09/20/2017,CANOVANAS CO.,18.414,-65.9005,0,Heavy Rain,181.965,10.035,0.0,3.83,0.09,1.16,3.4,2,1.65,Toa,"Toa silty clay loam, 0 to 2 percent slopes, occasionally flooded",1,183.32308956727945,195.22069194570545,188.08213051864985,1,722508
721933,09/20/2017,HATILLO CO.,18.479,-66.8271,0,Heavy Rain,111.635,1.795,0.17,7.89,2.39,6.83,2.19,11,0.93,Guerrero,"Guerrero sand, 2 to 12 percent slopes",1,111.88104049202082,124.08127351219946,116.76113370009227,1,721933
721923,09/20/2017,DORAD CO.,18.4712,-66.3121,0,Heavy Rain,131.74,3.395,0.0,2.885,0.0,4.095,1.385,15,1.81,Urban land,Urban land-Durados complex,1,132.1994632865883,139.1548816377773,134.98163062706388,1,721923
722636,09/20/2017,CAYEY CO.,18.1433,-66.217,0,Heavy Rain / Tropical System,120.51,4.88,0.0,0.26,0.33,0.4,6.5,282,1.73,Water,Water,1,121.17043618219468,128.0503354467245,123.9223958880066,1,722636
721936,09/20/2017,ISABELA CO.,18.5096,-67.088,0,Heavy Rain,77.015,0.5,1.61,18.37,8.645,3.965,4.7,41,13.6,Limestone outcrop,Limestone outcrop,1,77.11215582022916,99.44282609815386,86.04442393139905,1,721936
721937,09/20/2017,JAYUYA CO.,18.2796,-66.5737,0,Heavy Rain,96.715,0.785,2.91,8.08,0.36,2.045,1.825,511,13.49,Humatas,"Humatas clay, 40 to 60 percent slopes",1,96.87453670650696,106.8248173200811,100.8546489519366,1,721937
721927,09/20/2017,GUAYANILLA CO.,18.127,-66.7921,0,Heavy Rain,97.655,0.4,7.305,8.005,0.645,2.11,3.34,715,16.33,Mucara,"Mucara silty clay, 40 to 60 percent slopes, eroded",1,97.84292985537684,111.52064383627231,103.31401544773504,1,721927
721931,09/20/2017,GUANICA CO.,17.9533,-66.8662,0,Heavy Rain,96.865,1.515,0.275,0.0,0.485,8.2,13.695,8,0.82,Manglillo,"Manglillo, Boqueron and Serrano soils, very frequently flooded",1,97.07506975479788,108.48489229280383,101.63899877000026,1,721931
722612,09/20/2017,BAYAMON CO.,18.4165,-66.1964,0,Heavy Rain / Tropical System,155.555,5.55,0.0,9.095,0.005,1.825,3.65,32,1.15,Almirante,"Almirante clay, 2 to 5 percent slopes",1,156.30611082196322,168.7362085778808,161.27814992433025,1,722612
722510,09/20/2017,CAGUAS CO.,18.3034,-66.0659,0,Heavy Rain / Tropical System,165.97,8.275,0.0,1.785,0.795,2.49,3.51,82,0.52,Humatas,"Humatas clay, 20 to 40 percent slopes",1,167.08989946878296,177.4636916657448,171.23941634756767,1,722510
722611,09/20/2017,CAROLINA CO.,18.4585,-65.9779,0,Heavy Rain / Tropical System,181.965,10.035,0.0,3.83,0.09,1.16,3.4,8,1.88,Rock land,Rock land,1,183.32308956727945,195.22069194570545,188.08213051864985,1,722611
722635,09/20/2017,AIBONITO CO.,18.1811,-66.241,0,Heavy Rain / Tropical System,120.51,4.88,0.0,0.26,0.33,0.4,6.5,267,11.35,Mucara,"Mucara clay, 20 to 40 percent slopes",1,121.17043618219468,128.0503354467245,123.9223958880066,1,722635
722617,09/20/2017,ADJUNTAS CO.,18.2509,-66.7914,0,Heavy Rain / Tropical System,98.24,0.275,0.58,8.625,0.645,3.43,0.49,498,21.24,Lirios,"Lirios clay loam, 40 to 60 percent slopes",1,98.28784027344552,106.78422389897736,101.68639372365826,1,722617
722620,09/20/2017,ARECIBO CO.,18.481,-66.7708,1,Heavy Rain / Tropical System,121.245,0.83,0.05,6.45,0.935,11.3,0.86,24,2.66,Jobos,"Jobos sandy loam, 2 to 12 percent slopes",1,121.35824406703084,132.62865728687473,125.8664093549684,1,722620
722633,09/20/2017,CAMUY CO.,18.4862,-66.8329,0,Heavy Rain / Tropical System,111.635,1.795,0.17,7.89,2.39,6.83,2.19,7,1.29,Catano,"Catano sand, 0 to 2 percent slopes",1,111.88104049202082,124.08127351219946,116.76113370009227,1,722633
721934,09/20/2017,HORMIGUEROS CO.,18.1505,-67.1436,0,Heavy Rain,108.545,0.725,9.23,7.005,0.96,1.84,2.72,11,1.09,Urban land,Urban land,1,108.81217142728956,123.27013268136236,114.59535592891868,1,721934
722614,09/20/2017,BARCELONETA CO.,18.479,-66.5298,0,Heavy Rain / Tropical System,125.785,1.425,0.045,5.665,0.315,5.315,0.675,46,0.73,Caracoles,"Caracoles loam, 20 to 40 percent slopes",1,125.97867698236216,133.8107715460554,129.11151480783946,1,722614
722615,09/20/2017,BARRANQUITAS CO.,18.2425,-66.3519,0,Heavy Rain / Tropical System,111.155,2.04,1.085,5.925,0.055,0.205,3.54,743,18.16,Mucara,"Mucara clay, 40 to 60 percent slopes",1,111.45095644599697,119.23225560496458,114.56347610958402,1,722615
722625,09/20/2017,AGUADILLA CO.,18.5133,-67.1012,0,Heavy Rain / Tropical System,88.875,0.465,0.08,2.36,1.13,2.915,1.165,9,1.06,Limestone outcrop,Limestone outcrop,1,88.93939615781612,93.4351523632941,90.73769864000732,1,722625
722629,09/20/2017,ANASCO CO.,18.3044,-67.2271,4,Heavy Rain / Tropical System,81.315,0.735,19.845,3.225,0.685,1.575,1.635,75,18.36,Caguabo,"Caguabo clay loam, 20 to 60 percent slopes",1,81.77794528692583,100.81782272799242,89.39389626335247,1,722629
722630,09/20/2017,CABO ROJO CO.,18.1674,-67.1783,0,Heavy Rain / Tropical System,108.545,0.725,9.23,7.005,0.96,1.84,2.72,7,2.08,Tidal swamp,Tidal swamp,1,108.81217142728956,123.27013268136236,114.59535592891868,1,722630
722622,09/20/2017,AGUADA CO.,18.4152,-67.1596,2,Heavy Rain / Tropical System,109.955,1.335,3.01,6.55,1.52,11.345,6.18,8,2.43,Catano,"Catano sand, 0 to 2 percent slopes",1,110.19080267617598,126.67600033456048,116.78488173952977,1,722622
721925,09/20/2017,FLORIDA CO.,18.4051,-66.5679,0,Heavy Rain,125.785,1.425,0.045,5.665,0.315,5.315,0.675,145,2.88,Rock outcrop,"Rock outcrop-Tanama complex, 12 to 60 percent slopes",1,125.97867698236216,133.8107715460554,129.11151480783946,1,721925
725405,10/07/2017,UTUADO CO.,18.2641,-66.6969,0,Heavy Rain,31.47,16.26,21.935,,7.86,0.225,7.995,158,4.92,Pellejas,"Pellejas clay loam, 40 to 60 percent slopes",1,34.072305244451705,69.99078128711287,48.43969566151617,1,725405
725750,10/08/2017,VEGA ALTA CO.,18.4304,-66.3401,0,Heavy Rain,23.62,7.09,8.505,18.025,0.0,0.325,0.25,42,13.6,Rock outcrop,"Rock outcrop-Tanama complex, 12 to 60 percent slopes",1,24.73530166689627,48.16486194960662,34.10712577998041,1,725750
725751,10/08/2017,MANATI CO.,18.437,-66.5323,0,Heavy Rain,21.245,16.01,3.835,18.465,0.0,0.315,0.0,8,1.06,Toa,"Toa silty clay loam, 0 to 2 percent slopes, occasionally flooded",1,23.481958359756465,50.18865841401552,34.164638381460094,1,725751
725752,10/08/2017,SAN JUAN CO.,18.4505,-66.0763,0,Heavy Rain,18.95,0.16,6.315,5.95,0.0,0.255,1.505,10,1.03,Urban land,Urban land,1,19.087316904900213,28.473856217971072,22.841932630128554,1,725752
725753,10/09/2017,CAGUAS CO.,18.1871,-66.0621,0,Heavy Rain,21.58,1.3,0.07,19.185,7.85,0.0,0.0,147,10.71,Naranjito,"Naranjito silty clay loam, 40 to 60 percent slopes",1,21.757217962929804,39.69044025668472,28.93050688043177,1,725753
725469,10/15/2017,LUQUILLO CO.,18.3283,-65.6898,0,Heavy Rain,35.78,0.64,0.57,0.915,17.325,31.265,9.7,121,18.03,Caguabo,"Caguabo clay loam, 20 to 60 percent slopes",0,35.87705449543801,66.56488870343294,48.15218817863598,1,725469
725531,10/15/2017,GUAYAMA CO.,17.9861,-66.1343,0,Heavy Rain,19.475,0.0,0.0,0.0,18.56,33.465,2.935,123,12.88,Descalabrado,"Descalabrado and Guayama soils, 20 to 60 percent slopes, eroded",0,19.475,47.5842142835993,30.71868571343972,1,725531
725534,10/16/2017,CIDRA CO.,18.1658,-66.1647,0,Heavy Rain,126.24,16.43,0.0,1.25,0.0,28.165,26.395,452,5.4,Caguabo,"Caguabo clay loam, 40 to 60 percent slopes",1,128.46355870357755,166.28636481787396,143.5926811492961,1,725534
728493,11/18/2017,BAYAMON CO.,18.3988,-66.1382,0,Heavy Rain,19.26,6.07,28.97,2.525,0.0,0.0,2.145,14,1.32,Urban land,"Urban land-Vega Alta complex, 2 to 12 percent slopes",1,20.61208922785287,48.84740940611761,31.90621729915877,1,728493
728497,11/18/2017,CATANO CO.,18.431,-66.1479,0,Heavy Rain,14.39,4.085,21.765,4.585,0.0,0.18,7.195,6,0.26,Urban land,Urban land-Sabana Seca complex,1,15.341484512434862,40.4154277064089,25.371061790024477,1,728497
728499,11/18/2017,MOROVIS CO.,18.2949,-66.4154,0,Heavy Rain,18.27,6.825,33.74,0.895,0.0,0.0,0.42,222,18.91,Mucara,"Mucara clay, 40 to 60 percent slopes",1,19.811632964195773,50.30256008582975,32.00800381284937,1,728499
728599,11/18/2017,GUAYNABO CO.,18.4087,-66.1029,0,Heavy Rain,14.39,4.085,21.765,4.585,0.0,0.18,7.195,14,0.82,Urban land,Urban land,1,15.341484512434862,40.4154277064089,25.371061790024477,1,728599
762070,05/31/2018,SAN JUAN CO.,18.3518,-66.0809,0,Heavy Rain,1.17,0.0,1.085,0.63,2.82,0.0,0.0,122,2.32,Naranjito,"Naranjito silty clay loam, 12 to 20 percent slopes, eroded",1,1.1898724681942765,3.988264573293131,2.3092293102338184,1,762070
766156,06/23/2018,PATILLAS CO.,18.0428,-66.0394,0,Heavy Rain,119.115,31.635,0.0,6.85,33.76,0.365,0.0,131,19.95,Pandura,"Pandura loam, 40 to 60 percent slopes",0,123.39633168519023,170.24460640740494,142.13564157407612,1,766156
774259,07/09/2018,FAJARDO CO.,18.3328,-65.666,0,Heavy Rain,94.845,0.91,0.0,0.0,0.0,0.0,0.0,47,4.51,Fajardo,"Fajardo clay, 2 to 10 percent slopes, eroded",0,94.96815510774532,95.63385888877266,95.23443662015626,1,774259
774272,07/09/2018,FAJARDO CO.,18.3225,-65.652,0,Heavy Rain,94.845,0.91,0.0,0.0,0.0,0.0,0.0,6,0.58,Toa,"Toa silty clay loam, 0 to 2 percent slopes, occasionally flooded",0,94.96815510774532,95.63385888877266,95.23443662015626,1,774272
776359,07/09/2018,SAN LORENZO CO.,18.1926,-65.9597,0,Heavy Rain,141.45,0.0,0.0,0.0,0.0,0.0,0.0,90,4.23,Cayagua,Cayagua sandy loam,1,141.45,141.45,141.45,1,776359
776362,07/09/2018,LAS PIEDRAS CO.,18.16,-65.8992,0,Heavy Rain,149.085,0.0,0.0,0.0,0.0,0.0,0.0,158,1.32,Pandura,"Pandura loam, 40 to 60 percent slopes",1,149.085,149.085,149.085,1,776362
776677,07/09/2018,LAS PIEDRAS CO.,18.175,-65.8785,0,Heavy Rain,149.085,0.0,0.0,0.0,0.0,0.0,0.0,116,0.93,Candelero,"Candelero loam, 2 to 5 percent slopes",1,149.085,149.085,149.085,1,776677
776678,07/10/2018,HUMACAO CO.,18.1151,-65.8608,0,Heavy Rain,42.565,149.085,0.0,0.0,0.0,0.0,0.0,239,10.21,Pandura,"Pandura loam, 40 to 60 percent slopes",1,62.7414607013304,171.80349168425582,106.36627309450056,1,776678
783757,09/23/2018,GUAYNABO CO.,18.3721,-66.0762,0,Heavy Rain,0.0,0.0,1.12,0.0,0.305,4.52,1.91,62,3.1,Urban land,"Urban land-Vega Alta complex, 2 to 12 percent slopes",1,0.0205135155553822,4.037174031897089,1.627177722092065,1,783757
784420,09/23/2018,SAN JUAN CO.,18.3989,-66.08,0,Heavy Rain,0.0,0.0,1.12,0.0,0.305,4.52,1.91,10,0.0,Urban land,Urban land,1,0.0205135155553822,4.037174031897089,1.627177722092065,1,784420
784409,09/23/2018,GUAYNABO CO.,18.3941,-66.0696,0,Heavy Rain,0.0,0.0,1.12,0.0,0.305,4.52,1.91,11,0.36,Urban land,Urban land,1,0.0205135155553822,4.037174031897089,1.627177722092065,1,784409
783761,09/23/2018,GUAYNABO CO.,18.3962,-66.0694,0,Heavy Rain,0.0,0.0,1.12,0.0,0.305,4.52,1.91,12,1.03,Urban land,Urban land,1,0.0205135155553822,4.037174031897089,1.627177722092065,1,783761
783758,09/23/2018,GUAYNABO CO.,18.3803,-66.0665,0,Heavy Rain,0.0,0.0,1.12,0.0,0.305,4.52,1.91,35,3.1,Urban land,"Urban land-Vega Alta complex, 2 to 12 percent slopes",1,0.0205135155553822,4.037174031897089,1.627177722092065,1,783758
783676,09/23/2018,GUAYNABO CO.,18.4012,-66.1064,0,Heavy Rain,3.51,0.0,3.005,0.685,0.0,4.955,0.52,17,2.43,Urban land,Urban land,1,3.565038494860646,8.860777822956724,5.683334226099078,1,783676
783675,09/23/2018,SAN JUAN CO.,18.3964,-66.0477,0,Heavy Rain,0.0,0.0,1.12,0.0,0.305,4.52,1.91,35,2.58,Urban land,Urban land,1,0.0205135155553822,4.037174031897089,1.627177722092065,1,783675
788504,10/23/2018,UTUADO CO.,18.24,-66.71,0,Heavy Rain,7.445,1.565,0.0,0.0,0.0,0.0,0.26,224,4.92,Lirios,"Lirios clay loam, 40 to 60 percent slopes",1,7.656799718265299,8.912000852985042,8.158880172153196,1,788504
789304,10/23/2018,UTUADO CO.,18.2672,-66.7104,0,Heavy Rain,7.445,1.565,0.0,0.0,0.0,0.0,0.26,134,1.32,Urban land,Urban land,1,7.656799718265299,8.912000852985042,8.158880172153196,1,789304
788532,10/24/2018,UTUADO CO.,18.2662,-66.7004,0,Heavy Rain,8.8,7.445,1.565,0.0,0.0,0.0,0.0,142,1.65,Urban land,Urban land,1,9.836235158557452,16.429967927302926,12.47372826605564,1,788532
788533,10/24/2018,UTUADO CO.,18.2651,-66.695,0,Heavy Rain,0.59,10.59,1.385,0.0,0.0,0.0,0.0,149,2.69,Urban land,Urban land,1,2.048567809336625,10.811033009263694,5.553553889307453,1,788533
792026,11/04/2018,NAGUABO CO.,18.216,-65.7776,0,Heavy Rain,69.76,5.905,4.79,0.0,0.0,1.635,0.0,10,0.52,Rio Arriba,"Rio Arriba clay, 2 to 5 percent slopes",0,70.64688675778925,79.27889084523106,74.09968839276597,1,792026
794102,11/14/2018,CAGUAS CO.,18.1817,-66.0531,0,Heavy Rain,25.16,15.615,0.0,1.415,0.13,0.84,0.695,114,2.38,Rio Arriba,"Rio Arriba clay, 5 to 12 percent slopes, eroded",1,27.27326044773971,40.39765214863985,32.52301712809977,1,794102
821318,04/28/2019,NAGUABO CO.,18.2124,-65.7782,0,Heavy Rain,10.33,1.83,0.0,0.0,0.0,0.0,1.08,9,1.06,Toa,"Toa silty clay loam, 0 to 2 percent slopes, occasionally flooded",0,10.577663568323,12.374709229873938,11.296481832943376,1,821318
821321,04/28/2019,NAGUABO CO.,18.2133,-65.7435,0,Heavy Rain,10.33,1.83,0.0,0.0,0.0,0.0,1.08,19,2.74,Mabi,"Mabi clay, 0 to 5 percent slopes, rarely flooded",0,10.577663568323,12.374709229873938,11.296481832943376,1,821321
831455,05/29/2019,SAN SEBASTIAN CO.,18.3534,-67.0321,0,Heavy Rain,28.0,38.705,72.005,7.91,4.465,29.945,30.61,62,3.83,Plata,"Plata clay, 20 to 40 percent slopes, eroded",1,34.556969715856404,150.98635875915642,81.1287253331764,1,831455
829409,05/29/2019,SAN SEBASTIAN CO.,18.355,-67.035,0,Heavy Rain,28.0,38.705,72.005,7.91,4.465,29.945,30.61,63,0.26,Plata,"Plata clay, 20 to 40 percent slopes, eroded",1,34.556969715856404,150.98635875915642,81.1287253331764,1,829409
831463,05/29/2019,SAN SEBASTIAN CO.,18.3638,-66.9854,0,Heavy Rain,22.05,37.535,61.145,7.11,4.62,26.03,24.475,175,7.48,Colinas,"Colinas cobbly clay loam, 20 to 40 percent slopes",1,28.249719596137908,130.9073652711439,69.31277786614031,1,831463
831457,05/29/2019,SAN SEBASTIAN CO.,18.3476,-66.9997,0,Heavy Rain,22.05,37.535,61.145,7.11,4.62,26.03,24.475,70,2.38,Santoni,Santoni clay,1,28.249719596137908,130.9073652711439,69.31277786614031,1,831457
829410,05/29/2019,MOCA CO.,18.3804,-67.0909,0,Heavy Rain,28.0,38.705,72.005,7.91,4.465,29.945,30.61,80,3.35,Rio Piedras,"Rio Piedras clay, 12 to 20 percent slopes, eroded",1,34.556969715856404,150.98635875915642,81.1287253331764,1,829410
845340,07/14/2019,AGUADA CO.,18.3619,-67.1791,0,Heavy Rain,29.135,16.0,2.35,0.0,3.085,8.54,0.0,41,3.23,Malaya,"Malaya clay, 20 to 60 percent slopes",1,31.34340628317433,50.69385921374015,39.08358745540066,1,845340
845347,07/14/2019,AGUADA CO.,18.3842,-67.2007,0,Heavy Rain,14.585,4.62,0.855,0.0,0.5,6.315,0.395,36,1.57,Colinas,"Colinas clay loam, 20 to 40 percent slopes",1,15.22590887980302,22.77393089757365,18.24511768691127,1,845347
845571,07/30/2019,NAGUABO CO.,18.2183,-65.7631,0,Heavy Rain,224.525,5.385,0.0,0.11,0.095,2.11,0.0,15,0.82,Mabi,"Mabi clay, 0 to 5 percent slopes, rarely flooded",0,225.25378050022917,230.35137690973903,227.29281906403315,1,845571
844871,07/30/2019,RIO GRANDE CO.,18.3499,-65.765,0,Heavy Rain,231.07,6.58,0.245,0.0,0.0,2.05,0.0,38,2.13,Caguabo,"Caguabo clay loam, 20 to 60 percent slopes",0,231.96499349522463,237.9617289192514,234.36368766483537,1,844871
845166,07/30/2019,NAGUABO CO.,18.215,-65.7777,0,Heavy Rain,224.525,5.385,0.0,0.11,0.095,2.11,0.0,11,0.58,Toa,"Toa silty clay loam, 0 to 2 percent slopes, occasionally flooded",0,225.25378050022917,230.35137690973903,227.29281906403315,1,845166
845552,07/31/2019,NAGUABO CO.,18.2142,-65.7843,0,Heavy Rain,109.21,224.525,5.385,0.0,0.11,0.095,2.11,19,1.63,Rio Arriba,"Rio Arriba clay, 5 to 12 percent slopes, eroded",0,139.6947841841163,308.8965178200771,207.37547763850063,1,845552
845554,07/31/2019,VIEQUES CO.,18.1409,-65.4541,0,Heavy Rain,91.775,116.405,6.645,0.255,0.365,0.045,1.465,22,2.01,Urban land,Urban land,0,107.65041106557354,198.6934632007052,144.0676319196262,1,845554
845555,07/31/2019,VIEQUES CO.,18.1007,-65.4874,0,Heavy Rain,91.775,116.405,6.645,0.255,0.365,0.045,1.465,34,3.66,Vieques,"Vieques loam, 12 to 40 percent slopes, eroded",0,107.65041106557354,198.6934632007052,144.0676319196262,1,845555
851063,08/29/2019,FAJARDO CO.,18.3323,-65.6607,0,Heavy Rain / Tropical System,67.125,37.865,0.735,0.0,0.225,0.0,0.385,21,1.5,Urban land,Urban land,0,72.26293249433756,100.79211260748832,83.67460453959788,1,851063
851066,08/29/2019,FAJARDO CO.,18.3334,-65.6569,0,Heavy Rain / Tropical System,67.125,37.865,0.735,0.0,0.225,0.0,0.385,14,0.93,Urban land,Urban land,0,72.26293249433756,100.79211260748832,83.67460453959788,1,851066
851067,08/29/2019,LAS PIEDRAS CO.,18.2189,-65.8286,0,Heavy Rain / Tropical System,65.775,27.255,0.0,0.0,0.0,0.195,0.225,100,1.46,Mabi,"Mabi clay, 0 to 5 percent slopes, rarely flooded",1,69.46356314461389,89.59270167158212,77.51521855540119,1,851067
851068,08/29/2019,HUMACAO CO.,18.1514,-65.8246,0,Heavy Rain / Tropical System,57.905,19.795,0.0,0.0,0.0,0.0,0.215,25,0.93,Urban land,Urban land,1,60.58396193166875,75.1560881873754,66.41281243395142,1,851068
851069,08/29/2019,LUQUILLO CO.,18.3796,-65.7517,0,Heavy Rain / Tropical System,69.555,36.18,0.125,0.0,0.275,0.0,0.7,3,0.82,Fortuna,Fortuna clay,0,74.45372000236173,101.46493555012198,85.25820622146583,1,851069
851070,08/29/2019,LUQUILLO CO.,18.3496,-65.7106,0,Heavy Rain / Tropical System,69.555,36.18,0.125,0.0,0.275,0.0,0.7,22,0.26,Aceitunas,"Aceitunas silty clay loam, 5 to 12 percent slopes",0,74.45372000236173,101.46493555012198,85.25820622146583,1,851070
851071,08/29/2019,NAGUABO CO.,18.2205,-65.782,0,Heavy Rain / Tropical System,63.325,32.74,0.0,0.0,0.0,0.355,0.455,13,0.26,Toa,"Toa silty clay loam, 0 to 2 percent slopes, occasionally flooded",0,67.75587717316671,92.07345937174668,77.4829100525987,1,851071
853173,08/29/2019,HUMACAO CO.,18.1556,-65.8273,0,Heavy Rain / Tropical System,57.905,19.795,0.0,0.0,0.0,0.0,0.215,30,0.36,Fortuna,Fortuna clay,1,60.58396193166875,75.1560881873754,66.41281243395142,1,853173
853175,08/29/2019,PATILLAS CO.,18.0416,-66.0342,0,Heavy Rain / Tropical System,73.315,6.77,0.0,0.0,0.0,0.0,0.0,104,10.33,Pandura,"Pandura loam, 40 to 60 percent slopes",0,74.23121986751187,79.18376338130872,76.21223727303061,1,853175
853178,08/29/2019,YABUCOA CO.,18.0575,-65.9003,0,Heavy Rain / Tropical System,72.535,9.825,0.0,0.0,0.0,0.0,0.0,24,0.52,Coloso,"Coloso silty clay, 0 to 2 percent slopes, occasionally flooded",0,73.86466915779971,81.05207536504552,76.73963164069804,1,853178
853180,08/29/2019,YABUCOA CO.,18.0664,-65.8776,0,Heavy Rain / Tropical System,55.625,19.835,0.0,0.0,0.0,0.0,0.0,16,0.82,Reilly,Reilly soils,0,58.309375342998216,72.81952314154485,64.11343446241686,1,853180
853182,08/29/2019,PATILLAS CO.,18.0373,-66.005,0,Heavy Rain / Tropical System,73.315,6.77,0.0,0.0,0.0,0.0,0.0,116,13.46,Pandura,"Pandura loam, 40 to 60 percent slopes",0,74.23121986751187,79.18376338130872,76.21223727303061,1,853182
853183,08/29/2019,MAUNABO CO.,18.0123,-65.9272,0,Heavy Rain / Tropical System,72.535,9.825,0.0,0.0,0.0,0.0,0.0,20,0.58,Coloso,"Coloso silty clay, 0 to 2 percent slopes, occasionally flooded",0,73.86466915779971,81.05207536504552,76.73963164069804,1,853183
857068,09/24/2019,BAYAMON CO.,18.3982,-66.1505,0,Heavy Rain,41.675,0.0,8.285,0.915,0.0,11.26,0.355,12,1.06,Urban land,"Urban land-Vega Alta complex, 2 to 12 percent slopes",1,41.82674506819316,54.15994755759627,46.7600260639544,1,857068
857069,09/24/2019,GUAYNABO CO.,18.4105,-66.1076,0,Heavy Rain,36.895,0.24,5.455,0.475,0.0,9.22,1.03,14,1.57,Urban land,Urban land,1,37.02739227811484,46.46247101415534,40.80142377253104,1,857069
856275,09/24/2019,JAYUYA CO.,18.2173,-66.5865,0,Heavy Rain,46.12,0.715,7.075,0.025,1.01,10.995,3.08,448,4.64,Pellejas,"Pellejas clay loam, 40 to 60 percent slopes",1,46.34634787265197,59.33274973800884,51.54090861879472,1,856275
856276,09/24/2019,COAMO CO.,18.0783,-66.2959,0,Heavy Rain,45.015,0.0,14.81,4.035,0.0,14.9,3.16,197,4.0,Llanos,"Llanos clay, 5 to 12 percent slopes, eroded",0,45.286254611942155,67.40812422732056,54.13500245809351,1,856276
856278,09/24/2019,DORAD CO.,18.4655,-66.2725,0,Heavy Rain,30.595,0.05,1.855,1.075,0.0,9.97,1.475,14,1.73,Urban land,Urban land-Durados complex,1,30.635742274300434,38.23931155364437,33.67716998603801,1,856278
856279,09/24/2019,TOA BAJA CO.,18.4166,-66.1974,0,Heavy Rain,36.895,0.24,5.455,0.475,0.0,9.22,1.03,32,0.77,Almirante,"Almirante clay, 2 to 5 percent slopes",1,37.02739227811484,46.46247101415534,40.80142377253104,1,856279
856280,09/24/2019,TOA BAJA CO.,18.4177,-66.2195,0,Heavy Rain,30.595,0.05,1.855,1.075,0.0,9.97,1.475,33,3.65,Urban land,"Urban land-Vega Alta complex, 2 to 12 percent slopes",1,30.635742274300434,38.23931155364437,33.67716998603801,1,856280
856281,09/24/2019,TOA BAJA CO.,18.422,-66.2444,0,Heavy Rain,30.595,0.05,1.855,1.075,0.0,9.97,1.475,13,0.93,Urban land,Urban land-Sabana Seca complex,1,30.635742274300434,38.23931155364437,33.67716998603801,1,856281
857413,09/29/2019,NAGUABO CO.,18.2172,-65.7844,0,Heavy Rain,32.4,3.205,0.475,8.53,32.13,59.345,0.5,26,2.13,Sabana,"Sabana silty clay loam, 20 to 40 percent slopes",0,32.84244951124549,88.50050001300514,55.10566971194935,1,857413
857414,09/29/2019,NAGUABO CO.,18.2268,-65.7868,0,Heavy Rain,32.4,3.205,0.475,8.53,32.13,59.345,0.5,20,1.82,Rio Arriba,"Rio Arriba clay, 5 to 12 percent slopes, eroded",0,32.84244951124549,88.50050001300514,55.10566971194935,1,857414
859200,10/14/2019,JAYUYA CO.,18.2194,-66.6154,0,Heavy Rain,20.075,14.375,1.04,8.485,1.4,1.485,0.0,446,16.89,Pellejas,"Pellejas clay loam, 40 to 60 percent slopes",1,22.03949296097059,40.362941332111106,29.3688723094268,1,859200
859201,10/14/2019,JAYUYA CO.,18.2177,-66.5877,0,Heavy Rain,32.11,12.105,0.01,10.115,9.31,2.12,0.375,448,7.55,Reilly,Reilly gravelly silt loam,1,33.74841675996808,55.65487166761517,42.510998723026916,1,859201
859203,10/16/2019,UTUADO CO.,18.2585,-66.7232,0,Heavy Rain,115.245,6.505,16.86,13.16,3.385,20.43,0.26,150,4.66,Riverwash,Riverwash,1,116.43415768911822,154.1501297838538,131.52054652701247,1,859203
859326,10/16/2019,ADJUNTAS CO.,18.2047,-66.7035,0,Heavy Rain,115.245,6.505,16.86,13.16,3.385,20.43,0.26,347,1.39,Toa,"Toa silty clay loam, 0 to 2 percent slopes, occasionally flooded",1,116.43415768911822,154.1501297838538,131.52054652701247,1,859326
859327,10/16/2019,UTUADO CO.,18.2663,-66.7091,0,Heavy Rain,115.245,6.505,16.86,13.16,3.385,20.43,0.26,133,2.88,Urban land,Urban land,1,116.43415768911822,154.1501297838538,131.52054652701247,1,859327
859945,10/16/2019,NARANJITO CO.,18.301,-66.2447,0,Heavy Rain,7.57,2.73,30.58,0.32,2.3,3.51,0.0,109,1.46,Urban land,"Urban land-Mucara complex, 12 to 40 percent slopes",1,8.499557560453445,36.142355692632925,19.55667681332524,1,859945
877660,02/24/2020,CAROLINA CO.,18.4472,-66.038,0,Heavy Rain,5.585,0.5,0.0,0.0,0.0,0.125,0.0,0,1.46,Urban land,Urban land,1,5.652667641618306,6.07963165731971,5.823453247898868,1,877660
877663,02/24/2020,CAROLINA CO.,18.3997,-65.952,0,Heavy Rain,1.35,0.0,0.0,0.0,0.0,0.12,0.0,9,0.58,Urban land,Urban land,1,1.35,1.4087449991468344,1.373497999658734,1,877663
877662,02/24/2020,CAROLINA CO.,18.3953,-65.9667,0,Heavy Rain,1.35,0.0,0.0,0.0,0.0,0.12,0.0,5,0.52,Water,Water,1,1.35,1.4087449991468344,1.373497999658734,1,877662
877661,02/24/2020,CAROLINA CO.,18.4406,-66.0297,0,Heavy Rain,5.585,0.5,0.0,0.0,0.0,0.125,0.0,3,0.52,Urban land,Urban land,1,5.652667641618306,6.07963165731971,5.823453247898868,1,877661
877664,02/24/2020,CAROLINA CO.,18.3975,-65.973,0,Heavy Rain,1.35,0.0,0.0,0.0,0.0,0.12,0.0,6,0.36,Urban land,Urban land,1,1.35,1.4087449991468344,1.373497999658734,1,877664
877665,02/24/2020,CAROLINA CO.,18.3841,-65.9589,0,Heavy Rain,1.35,0.0,0.0,0.0,0.0,0.12,0.0,12,0.36,Urban land,Urban land,1,1.35,1.4087449991468344,1.373497999658734,1,877665
877666,02/24/2020,CAROLINA CO.,18.42,-65.9995,0,Heavy Rain,0.73,0.64,0.0,0.0,0.0,0.52,0.0,2,1.5,Made land,Made land,1,0.8166145812714322,1.539363518809732,1.105714156286752,1,877666
877667,02/24/2020,SAN JUAN CO.,18.4505,-66.0666,0,Heavy Rain,5.585,0.5,0.0,0.0,0.0,0.125,0.0,17,6.5,Urban land,Urban land,1,5.652667641618306,6.07963165731971,5.823453247898868,1,877667
877671,03/10/2020,CANOVANAS CO.,18.3772,-65.9029,0,Heavy Rain,0.0,2.0,0.0,0.0,0.0,0.0,0.0,14,3.69,Urban land,Urban land,1,0.2706705664732254,1.7337557995003632,0.8559046596840806,1,877671
877670,03/10/2020,CANOVANAS CO.,18.3625,-65.8885,0,Heavy Rain,0.44,0.585,0.0,0.0,0.0,0.14,0.12,18,0.93,Toa,"Toa silty clay loam, 0 to 2 percent slopes, occasionally flooded",1,0.5191711406934184,1.0665841451730635,0.7381363424852765,1,877670
877672,03/10/2020,CANOVANAS CO.,18.3667,-65.9015,0,Heavy Rain,0.0,2.0,0.0,0.0,0.0,0.0,0.0,15,0.52,Rio Arriba,"Rio Arriba clay, 2 to 5 percent slopes",1,0.2706705664732254,1.7337557995003632,0.8559046596840806,1,877672
888963,04/05/2020,SAN JUAN CO.,18.3982,-66.0706,0,Heavy Rain,0.275,0.0,0.0,0.0,0.0,0.0,0.0,15,2.85,Urban land,Urban land,1,0.275,0.275,0.275,1,888963
888964,04/05/2020,SAN JUAN CO.,18.4009,-66.1109,0,Heavy Rain,0.26,0.0,0.0,0.0,0.0,0.0,0.0,27,1.88,Urban land,"Urban land-Vega Alta complex, 2 to 12 percent slopes",1,0.26,0.26,0.26,1,888964
888965,04/05/2020,SAN JUAN CO.,18.4154,-66.0789,0,Heavy Rain,2.16,0.0,0.0,0.0,0.0,0.0,0.0,5,1.57,Urban land,Urban land,1,2.16,2.16,2.16,1,888965
888968,04/08/2020,SAN JUAN CO.,18.4254,-66.0566,0,Heavy Rain,9.145,0.0,1.755,2.16,0.0,0.0,0.0,11,1.63,Urban land,Urban land,1,9.177143946249728,11.870951013614206,10.25466677319552,1,888968
888969,04/08/2020,SAN JUAN CO.,18.4246,-66.0972,0,Heavy Rain,9.145,0.0,1.755,2.16,0.0,0.0,0.0,-2,1.29,Hydraquents,"Hydraquents, saline",1,9.177143946249728,11.870951013614206,10.25466677319552,1,888969
888974,04/08/2020,LUQUILLO CO.,18.3552,-65.7388,0,Heavy Rain,6.57,1.3,3.29,0.46,3.06,0.635,0.0,45,3.51,Caguabo,"Caguabo clay loam, 20 to 60 percent slopes",0,6.8061943201515325,12.50785993751962,9.086860567098768,1,888974
888975,04/08/2020,FAJARDO CO.,18.3325,-65.6616,0,Heavy Rain,21.965,1.305,1.915,2.505,3.705,0.0,0.0,21,3.02,Urban land,Urban land,0,22.176686993095704,28.259490156567203,24.609808258484303,1,888975
905696,07/30/2020,CABO ROJO CO.,18.0977,-67.1576,0,Heavy Rain,196.27,5.15,0.045,0.0,2.895,1.875,0.375,28,1.86,Urban land,Urban land,0,196.96780091241857,203.4801270539124,199.57273136901608,1,905696
905705,07/30/2020,HORMIGUEROS CO.,18.1344,-67.0971,0,Heavy Rain,183.285,3.1,0.0,0.08,6.235,1.595,0.0,36,1.96,Urban land,Urban land,1,183.7045393780335,190.32627305153977,186.353232847436,1,905705
905700,07/30/2020,HORMIGUEROS CO.,18.153,-67.1499,0,Heavy Rain,181.215,2.935,0.105,0.08,6.15,1.25,0.0,11,1.06,Urban land,Urban land,1,181.6141321983828,187.9752504009361,184.15857947940412,1,905700
905711,07/30/2020,CAGUAS CO.,18.1748,-66.0565,0,Heavy Rain,84.94,13.195,0.045,0.0,0.12,0.0,26.55,163,12.59,Mucara,"Mucara clay, 40 to 60 percent slopes",1,86.7265732660571,107.747135592756,95.13479819673664,1,905711
905716,07/30/2020,GURABO CO.,18.2662,-65.9914,0,Heavy Rain,80.795,14.0,0.255,0.0,0.34,0.805,25.96,42,0.58,Toa,"Toa silty clay loam, 0 to 2 percent slopes, occasionally flooded",1,82.69436445322921,104.72572157743636,91.50690730291208,1,905716
905717,07/30/2020,GUANICA CO.,17.9932,-66.9124,0,Heavy Rain,140.455,5.205,0.0,0.0,0.705,0.0,0.805,10,0.0,San Anton,"San Anton clay loam, 0 to 2 percent slopes, occasionally flooded",1,141.1594201492466,145.7068458849851,142.978390443542,1,905717
905714,07/30/2020,CAGUAS CO.,18.2498,-66.0281,0,Heavy Rain,94.625,11.76,0.465,0.0,0.295,0.155,23.345,54,0.36,Rio Arriba,"Rio Arriba clay, 2 to 5 percent slopes",1,96.2250597029458,115.31837592789414,103.86238619292514,1,905714
905772,07/30/2020,MAYAGUEZ CO.,18.1522,-67.1414,0,Heavy Rain,181.215,2.935,0.105,0.08,6.15,1.25,0.0,22,2.94,Urban land,Urban land,1,181.6141321983828,187.9752504009361,184.15857947940412,1,905772
905774,07/30/2020,CAGUAS CO.,18.2413,-66.0287,0,Heavy Rain,94.625,11.76,0.465,0.0,0.295,0.155,23.345,59,3.19,Urban land,"Urban land-Vega Alta complex, 2 to 12 percent slopes",1,96.2250597029458,115.31837592789414,103.86238619292514,1,905774
910956,07/30/2020,RINCON CO.,18.3187,-67.194,1,Heavy Rain,143.145,2.655,0.28,0.1,1.69,3.325,0.235,242,15.34,Caguabo,"Caguabo clay loam, 20 to 60 percent slopes",1,143.5094435558821,148.40394563460495,145.46724438737124,1,910956
910961,07/30/2020,MAYAGUEZ CO.,18.1566,-67.1494,0,Heavy Rain,181.215,2.935,0.105,0.08,6.15,1.25,0.0,8,0.77,Coloso,"Coloso silty clay loam, 0 to 2 percent slopes, occasionally flooded",1,181.6141321983828,187.9752504009361,184.15857947940412,1,910961
910964,07/30/2020,SAN GERMAN CO.,18.1029,-67.051,0,Heavy Rain,183.285,3.1,0.0,0.08,6.235,1.595,0.0,48,6.05,Mucara,"Mucara loam, 20 to 40 percent slopes",1,183.7045393780335,190.32627305153977,186.353232847436,1,910964
910966,07/30/2020,HORMIGUEROS CO.,18.1396,-67.1228,0,Heavy Rain,181.215,2.935,0.105,0.08,6.15,1.25,0.0,23,2.34,Urban land,Urban land,1,181.6141321983828,187.9752504009361,184.15857947940412,1,910966
910990,07/30/2020,MAYAGUEZ CO.,18.1999,-67.1489,0,Heavy Rain,181.215,2.935,0.105,0.08,6.15,1.25,0.0,2,0.73,Leveled sandy land,Leveled sandy land,1,181.6141321983828,187.9752504009361,184.15857947940412,1,910990
910974,07/30/2020,MAYAGUEZ CO.,18.2281,-67.1457,0,Heavy Rain,173.475,3.445,0.115,0.0,6.98,5.23,0.12,69,1.55,Consumo,"Consumo clay, 20 to 40 percent slopes",1,173.94333634922234,183.10077436592127,177.60631155590193,1,910974
910977,07/30/2020,MAYAGUEZ CO.,18.1669,-67.1324,0,Heavy Rain,181.215,2.935,0.105,0.08,6.15,1.25,0.0,21,1.57,Toa,"Toa silty clay loam, 0 to 2 percent slopes, occasionally flooded",1,181.6141321983828,187.9752504009361,184.15857947940412,1,910977
910989,07/30/2020,GUANICA CO.,17.9732,-66.9077,0,Heavy Rain,140.455,5.205,0.0,0.0,0.705,0.0,0.805,12,0.82,Urban land,Urban land,1,141.1594201492466,145.7068458849851,142.978390443542,1,910989
917908,08/22/2020,NAGUABO CO.,18.2156,-65.7822,0,Heavy Rain,112.005,5.855,0.75,0.0,0.0,0.0,0.0,12,3.12,Toa,"Toa silty clay loam, 0 to 2 percent slopes, occasionally flooded",0,112.81112481251692,117.64417807284376,114.74434611664766,1,917908
917909,08/22/2020,CIALES CO.,18.259,-66.4996,0,Heavy Rain,69.925,17.75,0.0,0.0,0.0,0.0,11.3,292,31.26,Caguabo,"Caguabo-Rock outcrop complex, 20 to 60 percent slopes",1,72.32720127744987,90.10749587671526,79.43931911715603,1,917909
920634,09/09/2020,SAN JUAN CO.,18.4072,-66.0755,0,Heavy Rain,12.15,4.915,0.0,0.0,0.0,0.385,0.7,6,1.73,Urban land,Urban land,1,12.815172917107953,16.896239408175433,14.447599513534945,1,920634
920633,09/09/2020,SAN JUAN CO.,18.3967,-66.0697,0,Heavy Rain,1.56,7.93,0.0,0.345,0.0,0.01,4.51,13,1.57,Urban land,Urban land,1,2.633208796066339,10.577905170465767,5.8110873458261105,1,920633
920637,09/09/2020,SAN JUAN CO.,18.4149,-66.0901,0,Heavy Rain,12.15,4.915,0.0,0.0,0.0,0.385,0.7,7,0.93,Urban land,Urban land,1,12.815172917107953,16.896239408175433,14.447599513534945,1,920637
920639,09/09/2020,SAN JUAN CO.,18.4037,-66.0796,0,Heavy Rain,12.15,4.915,0.0,0.0,0.0,0.385,0.7,11,0.82,Urban land,Urban land,1,12.815172917107953,16.896239408175433,14.447599513534945,1,920639
920638,09/09/2020,SAN JUAN CO.,18.414,-66.1016,0,Heavy Rain,16.165,3.98,0.0,0.0,0.885,0.0,0.185,8,2.13,Urban land,Urban land,1,16.703634427281717,20.193458555432827,18.09956407854216,1,920638
920641,09/09/2020,SAN JUAN CO.,18.396,-66.0739,0,Heavy Rain,1.56,7.93,0.0,0.345,0.0,0.01,4.51,34,2.08,Urban land,Urban land,1,2.633208796066339,10.577905170465767,5.8110873458261105,1,920641
920642,09/09/2020,SAN JUAN CO.,18.3947,-66.0463,0,Heavy Rain,1.56,7.93,0.0,0.345,0.0,0.01,4.51,46,3.69,Urban land,Urban land,1,2.633208796066339,10.577905170465767,5.8110873458261105,1,920642
920636,09/09/2020,SAN JUAN CO.,18.3969,-66.0953,0,Heavy Rain,1.56,7.93,0.0,0.345,0.0,0.01,4.51,39,1.88,Urban land,Urban land,1,2.633208796066339,10.577905170465767,5.8110873458261105,1,920636
920640,09/09/2020,SAN JUAN CO.,18.403,-66.0547,0,Heavy Rain,12.15,4.915,0.0,0.0,0.0,0.385,0.7,20,1.96,Urban land,Urban land,1,12.815172917107953,16.896239408175433,14.447599513534945,1,920640
920643,09/09/2020,SAN JUAN CO.,18.4134,-66.1013,0,Heavy Rain,16.165,3.98,0.0,0.0,0.885,0.0,0.185,9,1.46,Urban land,Urban land,1,16.703634427281717,20.193458555432827,18.09956407854216,1,920643
920644,09/09/2020,SAN JUAN CO.,18.3955,-66.0537,0,Heavy Rain,1.56,7.93,0.0,0.345,0.0,0.01,4.51,18,3.35,Urban land,Urban land,1,2.633208796066339,10.577905170465767,5.8110873458261105,1,920644
920635,09/09/2020,SAN JUAN CO.,18.3957,-66.0714,0,Heavy Rain,1.56,7.93,0.0,0.345,0.0,0.01,4.51,25,2.58,Urban land,Urban land,1,2.633208796066339,10.577905170465767,5.8110873458261105,1,920635
920692,09/13/2020,ARECIBO CO.,18.4574,-66.742,0,Heavy Rain,16.385,3.32,0.0,0.0,15.35,12.0,2.975,31,1.65,Urban land,Urban land,1,16.834313140345557,35.068466930562074,24.12797465643217,1,920692
920693,09/13/2020,ARECIBO CO.,18.4677,-66.7521,0,Heavy Rain,16.385,3.32,0.0,0.0,15.35,12.0,2.975,40,1.82,Urban land,Urban land,1,16.834313140345557,35.068466930562074,24.12797465643217,1,920693
920694,09/13/2020,ARECIBO CO.,18.4532,-66.7466,0,Heavy Rain,16.385,3.32,0.0,0.0,15.35,12.0,2.975,55,3.19,Guerrero,"Guerrero sand, 2 to 12 percent slopes",1,16.834313140345557,35.068466930562074,24.12797465643217,1,920694
920696,09/13/2020,ARECIBO CO.,18.4669,-66.7271,0,Heavy Rain,16.385,3.32,0.0,0.0,15.35,12.0,2.975,10,3.81,Urban land,Urban land,1,16.834313140345557,35.068466930562074,24.12797465643217,1,920696
920695,09/13/2020,ARECIBO CO.,18.4601,-66.7474,0,Heavy Rain,16.385,3.32,0.0,0.0,15.35,12.0,2.975,47,1.65,Urban land,Urban land,1,16.834313140345557,35.068466930562074,24.12797465643217,1,920695
920697,09/13/2020,ARECIBO CO.,18.4417,-66.717,0,Heavy Rain,16.385,3.32,0.0,0.0,15.35,12.0,2.975,9,0.52,Coloso,"Coloso silty clay, 0 to 2 percent slopes, occasionally flooded",1,16.834313140345557,35.068466930562074,24.12797465643217,1,920697
920698,09/13/2020,ARECIBO CO.,18.4653,-66.7233,0,Heavy Rain,16.385,3.32,0.0,0.0,15.35,12.0,2.975,6,0.36,Urban land,Urban land,1,16.834313140345557,35.068466930562074,24.12797465643217,1,920698
920699,09/13/2020,HATILLO CO.,18.4244,-66.7876,0,Heavy Rain,16.385,3.32,0.0,0.0,15.35,12.0,2.975,141,1.88,Bayamon,"Bayamon sandy clay loam, 5 to 12 percent slopes",1,16.834313140345557,35.068466930562074,24.12797465643217,1,920699
920700,09/13/2020,ARECIBO CO.,18.4638,-66.7568,0,Heavy Rain,16.385,3.32,0.0,0.0,15.35,12.0,2.975,38,2.2,Espinosa,"Espinosa sandy loam, 2 to 5 percent slopes",1,16.834313140345557,35.068466930562074,24.12797465643217,1,920700
921014,09/13/2020,ARECIBO CO.,18.4826,-66.7662,1,Heavy Rain,16.385,3.32,0.0,0.0,15.35,12.0,2.975,8,1.29,Carrizales,"Carrizales fine sand, 2 to 12 percent slopes",1,16.834313140345557,35.068466930562074,24.12797465643217,1,921014
924296,10/14/2020,UTUADO CO.,18.2684,-66.7025,0,Heavy Rain,13.92,2.08,7.16,3.77,11.17,0.0,0.0,151,5.71,Urban land,Urban land,1,14.33263736357549,29.867510119618174,20.546586465992565,1,924296
924297,10/16/2020,NAGUABO CO.,18.2161,-65.7781,0,Heavy Rain,41.27,3.24,3.44,0.08,0.365,18.78,1.63,10,0.58,Toa,"Toa silty clay loam, 0 to 2 percent slopes, occasionally flooded",0,41.77149211546387,56.8073236274379,47.78582472025349,1,924297
924298,10/17/2020,YABUCOA CO.,18.0604,-65.8765,0,Heavy Rain,16.55,24.69,5.295,2.32,0.265,0.0,10.975,13,1.29,Reilly,Reilly soils,0,19.988409451027817,48.25076850877426,31.293353074126394,1,924298
924299,10/18/2020,UTUADO CO.,18.2693,-66.7013,0,Heavy Rain,14.095,1.365,5.36,6.74,13.92,2.08,7.16,147,2.38,Lirios,"Lirios clay loam, 40 to 60 percent slopes",1,14.377904486061592,35.614538357075276,22.872558034467065,1,924299
930414,11/08/2020,HUMACAO CO.,18.1867,-65.817,0,Heavy Rain,50.57,0.405,0.385,0.165,0.295,1.065,3.91,39,1.65,Rio Arriba,"Rio Arriba clay, 2 to 5 percent slopes",1,50.63186231068299,53.66514329174275,51.84517470310689,1,930414
929820,11/08/2020,GUAYAMA CO.,17.974,-66.1101,0,Heavy Rain,47.035,1.46,1.225,0.0,0.34,3.01,3.365,34,0.58,Urban land,Urban land,0,47.255026171164154,52.314740600104486,49.27891194274029,1,929820
929838,11/08/2020,LAS PIEDRAS CO.,18.2021,-65.8481,0,Heavy Rain,29.92,1.48,0.725,1.2,0.195,0.0,0.415,184,14.98,Pandura,"Pandura loam, 40 to 60 percent slopes",1,30.13357505738452,32.81576196289457,31.20644981958854,1,929838
929849,11/08/2020,LAS PIEDRAS CO.,18.2199,-65.8319,0,Heavy Rain,29.92,1.48,0.725,1.2,0.195,0.0,0.415,94,0.52,Mabi,"Mabi clay, 0 to 5 percent slopes, rarely flooded",1,30.13357505738452,32.81576196289457,31.20644981958854,1,929849
929851,11/08/2020,GUAYAMA CO.,17.9758,-66.1112,0,Heavy Rain,47.035,1.46,1.225,0.0,0.34,3.01,3.365,36,0.73,Urban land,Urban land,0,47.255026171164154,52.314740600104486,49.27891194274029,1,929851
929856,11/08/2020,LAS PIEDRAS CO.,18.1892,-65.8715,0,Heavy Rain,50.57,0.405,0.385,0.165,0.295,1.065,3.91,117,6.02,Pandura,"Pandura loam, 12 to 40 percent slopes",1,50.63186231068299,53.66514329174275,51.84517470310689,1,929856
929858,11/08/2020,LAS PIEDRAS CO.,18.2253,-65.8605,0,Heavy Rain,29.92,1.48,0.725,1.2,0.195,0.0,0.415,84,1.5,Urban land,"Urban land-Reilly, frequently flooded complex, 0 to 2 percent slopes",1,30.13357505738452,32.81576196289457,31.20644981958854,1,929858
929949,11/11/2020,HUMACAO CO.,18.124,-65.8533,0,Heavy Rain,52.015,76.32,46.405,50.57,0.405,0.385,0.165,162,5.15,Pandura,"Pandura loam, 40 to 60 percent slopes",1,63.19372603924999,186.47790413131725,112.5073972760769,1,929949
929952,11/11/2020,NAGUABO CO.,18.2184,-65.773,0,Heavy Rain,51.035,70.39,55.65,33.49,0.68,4.175,1.525,62,11.46,Sabana,"Sabana silty clay loam, 40 to 60 percent slopes",0,61.58051589118322,178.76595410104292,108.4546911751271,1,929952
929956,11/11/2020,PATILLAS CO.,17.9864,-65.9985,0,Heavy Rain,63.085,67.615,39.96,35.705,0.225,0.09,0.14,34,12.41,Pandura,"Pandura loam, 40 to 60 percent slopes",0,72.96758810603738,175.21814589724994,113.8678112225224,1,929956
930376,11/11/2020,ARROYO CO.,18.004,-65.906,0,Heavy Rain,51.845,66.605,41.08,38.14,0.0,0.855,0.0,9,0.77,Urban land,"Urban land-Talante, occasionally flooded complex, 0 to 2 percent slopes",0,61.611412985523785,165.71853348554924,103.25426118553398,1,930376
930377,11/11/2020,LAS PIEDRAS CO.,18.2337,-65.8588,0,Heavy Rain,36.565,82.73,40.32,29.92,1.48,0.725,1.2,96,2.2,Mabi,"Mabi clay, 0 to 5 percent slopes, rarely flooded",1,48.499774542158725,159.77237764301984,93.00881578250318,1,930377
950883,03/20/2021,TOA BAJA CO.,18.4425,-66.1666,0,Heavy Rain,0.0,0.0,0.0,0.0,0.0,0.0,0.0,4,0.36,Urban land,Urban land-Sabana Seca complex,1,0.0,0.0,0.0,1,950883
950886,03/20/2021,TOA BAJA CO.,18.4498,-66.1893,0,Heavy Rain,0.0,0.0,0.0,0.0,0.0,0.0,0.0,3,0.36,Saladar,Saladar muck,1,0.0,0.0,0.0,1,950886
950889,03/20/2021,TOA BAJA CO.,18.4516,-66.173,0,Heavy Rain,0.0,0.0,0.0,0.0,0.0,0.0,0.0,2,1.39,Tropopsamments,Tropopsamments,1,0.0,0.0,0.0,1,950889
950891,03/20/2021,CATANO CO.,18.4388,-66.1394,0,Heavy Rain,0.0,0.0,0.0,0.0,0.0,0.0,0.0,0,0.36,Urban land,Urban land-Sabana Seca complex,1,0.0,0.0,0.0,1,950891
950897,03/24/2021,GUAYNABO CO.,18.3962,-66.1079,0,Heavy Rain,0.415,0.0,0.0,0.0,0.0,0.0,0.0,26,2.08,Urban land,"Urban land-Vega Alta complex, 2 to 12 percent slopes",1,0.415,0.415,0.415,1,950897
956004,04/07/2021,LOIZA CO.,18.3871,-65.8732,0,Heavy Rain,7.75,1.075,0.0,0.0,0.41,5.46,0.0,9,1.15,Rio Arriba,"Rio Arriba clay, 2 to 5 percent slopes",1,7.895485429479359,11.58632563343559,9.371821511061851,1,956004
956169,04/07/2021,CANOVANAS CO.,18.3993,-65.9082,0,Heavy Rain,7.92,0.32,0.0,0.0,0.0,1.04,0.0,0,0.36,Coloso,"Coloso silty clay loam, 0 to 2 percent slopes, occasionally flooded",1,7.963307290635716,8.706524253859289,8.260594075925145,1,956169
962022,05/23/2021,HUMACAO CO.,18.1479,-65.7999,0,Heavy Rain,87.8,0.235,0.49,0.0,3.98,0.0,0.0,11,0.93,Talante,Talante soils,0,87.84077845461609,90.61951830563906,88.95227439502528,1,962022
959320,05/23/2021,NAGUABO CO.,18.2306,-65.8207,0,Heavy Rain,79.05,0.0,0.0,0.0,0.0,0.0,0.0,293,10.13,Naranjito,"Naranjito silty clay loam, 40 to 60 percent slopes",1,79.05,79.05,79.05,1,959320
959321,05/23/2021,HUMACAO CO.,18.1145,-65.8013,0,Heavy Rain,76.38,0.0,0.0,0.0,0.0,0.0,0.0,17,0.93,Urban land,Urban land,1,76.38,76.38,76.38,1,959321
959322,05/23/2021,HUMACAO CO.,18.1606,-65.7657,0,Heavy Rain,87.8,0.235,0.49,0.0,3.98,0.0,0.0,2,1.29,Aguadilla,Aguadilla loamy sand,0,87.84077845461609,90.61951830563906,88.95227439502528,1,959322
966049,06/09/2021,BAYAMON CO.,18.348,-66.1409,0,Heavy Rain,40.735,26.725,47.235,0.04,13.3,0.01,0.01,46,2.43,Mucara,"Mucara clay, 40 to 60 percent slopes",1,45.21697464740784,106.94428953929152,69.90790060416131,1,966049
966052,06/09/2021,BAYAMON CO.,18.3514,-66.1428,0,Heavy Rain,40.735,26.725,47.235,0.04,13.3,0.01,0.01,43,1.65,Made land,Made land,1,45.21697464740784,106.94428953929152,69.90790060416131,1,966052
966056,06/09/2021,GUAYNABO CO.,18.4057,-66.1084,0,Heavy Rain,63.9,17.275,21.635,0.05,30.805,0.0,0.5,34,0.26,Urban land,Urban land,1,66.63417586527025,112.77442707803225,85.09027635037505,1,966056
966381,06/09/2021,NAGUABO CO.,18.2218,-65.6894,0,Heavy Rain,38.17,15.775,12.465,3.24,5.205,0.545,1.265,23,3.83,Toa,"Toa silty clay loam, 0 to 2 percent slopes, occasionally flooded",0,40.53321853180564,67.06581555243345,51.14625734005676,1,966381
967171,06/09/2021,HUMACAO CO.,18.1492,-65.7912,0,Heavy Rain,40.935,31.835,20.725,9.83,2.925,0.965,1.735,9,0.93,Fortuna,Fortuna clay,0,45.622990357806586,93.37056586865728,64.72202056214687,1,967171
967286,06/10/2021,CAROLINA CO.,18.374,-65.9262,0,Heavy Rain,16.615,58.8,29.58,47.9,0.08,2.32,0.76,13,0.58,Mabi,"Mabi clay, 0 to 5 percent slopes, rarely flooded",1,25.11449125264158,122.52348715286242,64.07808961272991,1,967286
968805,06/10/2021,SAN JUAN CO.,18.4517,-66.0691,0,Heavy Rain,36.76,66.04,21.96,28.115,1.335,8.295,0.575,4,0.77,Urban land,Urban land,1,46.09975353494251,133.88492810309046,81.21382336220168,1,968805
968804,06/10/2021,SAN JUAN CO.,18.4468,-66.0523,0,Heavy Rain,36.76,66.04,21.96,28.115,1.335,8.295,0.575,4,0.58,Urban land,Urban land,1,46.09975353494251,133.88492810309046,81.21382336220168,1,968804
968808,06/10/2021,SAN JUAN CO.,18.4466,-66.0505,0,Heavy Rain,36.76,66.04,21.96,28.115,1.335,8.295,0.575,1,1.15,Urban land,Urban land,1,46.09975353494251,133.88492810309046,81.21382336220168,1,968808
968809,06/10/2021,CAROLINA CO.,18.4407,-66.0288,0,Heavy Rain,36.76,66.04,21.96,28.115,1.335,8.295,0.575,3,0.36,Urban land,Urban land,1,46.09975353494251,133.88492810309046,81.21382336220168,1,968809
968810,06/10/2021,CANOVANAS CO.,18.3794,-65.8905,0,Heavy Rain,24.76,93.52,28.37,35.13,0.58,2.23,0.69,12,0.0,Mabi,"Mabi clay, 0 to 5 percent slopes, rarely flooded",1,37.93617036356141,151.74691775534245,83.46046932027383,1,968810
968820,06/10/2021,RIO GRANDE CO.,18.3598,-65.7709,0,Heavy Rain,14.66,77.745,24.33,28.115,3.015,3.285,0.685,27,6.78,Caguabo,"Caguabo clay loam, 20 to 60 percent slopes",0,25.627261089393357,122.25553884787188,64.27857219278476,1,968820
968840,06/10/2021,RIO GRANDE CO.,18.3733,-65.8721,0,Heavy Rain,24.76,93.52,28.37,35.13,0.58,2.23,0.69,20,0.93,Rio Arriba,"Rio Arriba clay, 2 to 5 percent slopes",1,37.93617036356141,151.74691775534245,83.46046932027383,1,968840
968839,06/10/2021,RIO GRANDE CO.,18.3514,-65.8208,0,Heavy Rain,24.76,93.52,28.37,35.13,0.58,2.23,0.69,42,4.92,Caguabo,"Caguabo clay loam, 20 to 60 percent slopes",1,37.93617036356141,151.74691775534245,83.46046932027383,1,968839
968837,06/10/2021,RIO GRANDE CO.,18.3739,-65.798,0,Heavy Rain,14.66,77.745,24.33,28.115,3.015,3.285,0.685,11,4.19,Caguabo,"Caguabo clay loam, 20 to 60 percent slopes",0,25.627261089393357,122.25553884787188,64.27857219278476,1,968837
968835,06/10/2021,RIO GRANDE CO.,18.3635,-65.8088,0,Heavy Rain,24.76,93.52,28.37,35.13,0.58,2.23,0.69,48,4.4,Rubble land,"Rubble land-Pandura complex, 40 to 60 percent slopes",1,37.93617036356141,151.74691775534245,83.46046932027383,1,968835
968834,06/10/2021,RIO GRANDE CO.,18.3518,-65.7877,0,Heavy Rain,14.66,77.745,24.33,28.115,3.015,3.285,0.685,234,3.65,Caguabo,"Caguabo clay loam, 20 to 60 percent slopes",0,25.627261089393357,122.25553884787188,64.27857219278476,1,968834
968876,06/27/2021,NAGUABO CO.,18.22,-65.7857,0,Heavy Rain,62.535,29.95,0.62,0.45,0.0,2.155,2.965,15,0.52,Toa,"Toa silty clay loam, 0 to 2 percent slopes, occasionally flooded",0,66.59964742904755,91.570284358891,76.58790220098493,1,968876
968881,06/27/2021,NAGUABO CO.,18.2136,-65.7802,0,Heavy Rain,62.535,29.95,0.62,0.45,0.0,2.155,2.965,10,1.29,Toa,"Toa silty clay loam, 0 to 2 percent slopes, occasionally flooded",0,66.59964742904755,91.570284358891,76.58790220098493,1,968881
975935,08/02/2021,SAN JUAN CO.,18.3942,-66.0964,0,Heavy Rain,10.95,0.0,0.0,0.0,0.0,5.435,0.0,33,2.06,Urban land,Urban land,1,10.95,13.61065891969204,12.014263567876815,1,975935
975940,08/02/2021,SAN JUAN CO.,18.3972,-66.0847,0,Heavy Rain,10.95,0.0,0.0,0.0,0.0,5.435,0.0,16,0.93,Urban land,Urban land,1,10.95,13.61065891969204,12.014263567876815,1,975940
975939,08/04/2021,SAN JUAN CO.,18.4013,-66.0925,0,Heavy Rain,9.375,0.0,0.29,0.0,0.45,0.0,1.065,39,1.15,Urban land,Urban land,1,9.380311535277732,10.299008650541277,9.747790381383153,1,975939
976064,09/03/2021,ARECIBO CO.,18.4623,-66.7251,0,Heavy Rain,15.055,0.24,5.255,9.285,0.0,0.0,0.23,5,0.82,Urban land,Urban land,1,15.183729150337085,25.358281274732217,19.25355000009514,1,976064
981381,09/21/2021,VEGA BAJA CO.,18.3901,-66.3807,0,Heavy Rain,18.855,16.375,1.17,0.0,0.39,2.875,8.54,135,7.46,Jobos,"Jobos sandy loam, 2 to 12 percent slopes",1,21.092544560499352,39.18117048219773,28.327994929178704,1,981381
981380,09/21/2021,VEGA BAJA CO.,18.4468,-66.4099,0,Heavy Rain,28.355,12.06,0.0,0.0,0.36,2.905,7.89,18,2.43,Algarrobo,"Algarrobo fine sand, 2 to 12 percent slopes",1,29.98714351583355,43.783266268314065,35.50559261682576,1,981380
986664,10/02/2021,ARROYO CO.,17.9619,-66.0638,0,Heavy Rain,49.71,3.515,0.0,1.71,0.0,0.79,0.0,3,1.63,Urban land,Urban land,0,50.185703520576695,54.25777451704999,51.814531919166015,1,986664
987108,10/13/2021,SAN JUAN CO.,18.3549,-66.0415,0,Heavy Rain,22.87,8.635,41.515,6.78,0.0,0.035,0.0,108,4.59,Humatas,"Humatas clay, 20 to 40 percent slopes",1,24.798993919213952,65.98696125450837,41.27418085333172,1,987108
987883,10/16/2021,SAN JUAN CO.,18.4183,-66.0908,0,Heavy Rain,10.345,26.255,4.98,21.57,5.01,47.28,9.335,10,0.0,Urban land,Urban land,1,13.989439743043164,80.83506461790675,40.7276896929886,1,987883
987884,10/16/2021,SAN JUAN CO.,18.3779,-66.0529,0,Heavy Rain,11.505,17.85,3.705,22.87,8.635,41.515,6.78,29,2.01,Urban land,"Urban land-Vega Alta complex, 2 to 12 percent slopes",1,13.988594247856298,72.73831600085356,37.4884829490552,1,987884
987885,10/16/2021,SAN JUAN CO.,18.4012,-66.0852,0,Heavy Rain,10.345,26.255,4.98,21.57,5.01,47.28,9.335,19,1.73,Urban land,Urban land,1,13.989439743043164,80.83506461790675,40.7276896929886,1,987885
987886,10/16/2021,SAN JUAN CO.,18.4082,-66.0713,0,Heavy Rain,10.345,26.255,4.98,21.57,5.01,47.28,9.335,7,1.57,Bajura,"Bajura clay, 0 to 2 percent slopes, frequently flooded",1,13.989439743043164,80.83506461790675,40.7276896929886,1,987886
988231,10/18/2021,SAN GERMAN CO.,18.0754,-67.0338,0,Heavy Rain,7.12,0.97,0.0,21.405,2.165,1.04,10.27,77,8.32,El Cacique,"El Cacique-La Taina complex, 20 to 60 percent slopes, very stony",0,7.251275224739515,27.994971774398227,15.548753844603,1,988231
988251,10/20/2021,SAN JUAN CO.,18.3992,-66.0875,0,Heavy Rain,10.12,0.0,0.0,12.085,11.505,17.85,3.705,23,1.57,Urban land,Urban land,1,10.12,34.80034302028679,19.992137208114716,1,988251
988256,10/20/2021,SAN JUAN CO.,18.3584,-66.0453,0,Heavy Rain,10.12,0.0,0.0,12.085,11.505,17.85,3.705,94,3.23,Urban land,"Urban land-Vega Alta complex, 2 to 12 percent slopes",1,10.12,34.80034302028679,19.992137208114716,1,988256
988257,10/20/2021,SAN JUAN CO.,18.3547,-66.0501,0,Heavy Rain,10.12,0.0,0.0,12.085,11.505,17.85,3.705,85,3.19,Humatas,"Humatas clay, 40 to 60 percent slopes",1,10.12,34.80034302028679,19.992137208114716,1,988257
999057,01/31/2022,GUAYNABO CO.,18.367,-66.1234,0,Heavy Rain,0.58,0.0,0.0,0.0,0.0,0.0,0.0,32,1.5,Rio Piedras,"Rio Piedras clay, 20 to 40 percent slopes, eroded",1,0.58,0.58,0.58,1,999057
999058,01/31/2022,GUAYNABO CO.,18.3991,-66.1072,0,Heavy Rain,0.58,0.0,0.0,0.0,0.0,0.0,0.0,20,2.85,Urban land,Urban land,1,0.58,0.58,0.58,1,999058
999059,01/31/2022,SAN JUAN CO.,18.3865,-66.0956,0,Heavy Rain,0.58,0.0,0.0,0.0,0.0,0.0,0.0,32,1.29,Urban land,"Urban land-Vega Alta complex, 2 to 12 percent slopes",1,0.58,0.58,0.58,1,999059
999064,01/31/2022,GUAYNABO CO.,18.3632,-66.0915,0,Heavy Rain,0.58,0.0,0.0,0.0,0.0,0.0,0.0,50,3.65,Urban land,"Urban land-Vega Alta complex, 2 to 12 percent slopes",1,0.58,0.58,0.58,1,999064
999063,01/31/2022,SAN JUAN CO.,18.3543,-66.0745,0,Heavy Rain,0.58,0.0,0.0,0.0,0.0,0.0,0.0,105,1.88,Humatas,"Humatas clay, 20 to 40 percent slopes",1,0.58,0.58,0.58,1,999063
999062,01/31/2022,GUAYNABO CO.,18.3733,-66.1058,0,Heavy Rain,0.58,0.0,0.0,0.0,0.0,0.0,0.0,39,1.63,Urban land,"Urban land-Vega Alta complex, 2 to 12 percent slopes",1,0.58,0.58,0.58,1,999062
999060,01/31/2022,SAN JUAN CO.,18.3931,-66.084,0,Heavy Rain,0.58,0.0,0.0,0.0,0.0,0.0,0.0,24,2.01,Urban land,Urban land,1,0.58,0.58,0.58,1,999060
999061,01/31/2022,GUAYNABO CO.,18.3994,-66.1057,0,Heavy Rain,0.58,0.0,0.0,0.0,0.0,0.0,0.0,27,4.64,Urban land,Urban land,1,0.58,0.58,0.58,1,999061
1008918,02/01/2022,ADJUNTAS CO.,18.3424,-66.3206,0,Heavy Rain,39.345,0.0,0.0,0.0,0.0,0.0,0.0,82,3.3,Urban land,"Urban land-Vega Alta complex, 2 to 12 percent slopes",1,39.345,39.345,39.345,1,1008918
1008919,02/01/2022,VEGA ALTA CO.,18.4,-66.3459,0,Heavy Rain,39.345,0.0,0.0,0.0,0.0,0.0,0.0,34,7.16,Colinas,"Colinas clay loam, 40 to 60 percent slopes",1,39.345,39.345,39.345,1,1008919
1007653,02/04/2022,NARANJITO CO.,18.29,-66.25,0,Heavy Rain,41.66,8.015,0.0,10.735,0.0,0.0,0.0,443,7.99,Mucara,"Mucara clay, 40 to 60 percent slopes",1,42.74471229514145,55.60122464909359,47.8873172367223,1,1007653
1007654,02/05/2022,TOA BAJA CO.,18.44,-66.25,0,Heavy Rain,91.815,50.19,8.615,0.0,3.855,0.765,0.0,6,0.58,Bajura,"Bajura clay, 0 to 2 percent slopes, frequently flooded",1,98.76526709467204,144.3490663982062,116.9987868160857,1,1007654
1008911,02/05/2022,BAYAMON CO.,18.42,-66.19,0,Heavy Rain,91.65,32.48,7.315,0.0,2.76,15.845,0.0,56,6.28,Tanama,"Tanama-Rock outcrop complex, 20 to 60 percent slopes",1,96.17966889799628,134.61866019515296,111.55526541685894,1,1008911
1008917,02/05/2022,BAYAMON CO.,18.4078,-66.1917,0,Heavy Rain,91.65,32.48,7.315,0.0,2.76,15.845,0.0,62,1.39,Urban land,"Urban land-Vega Alta complex, 2 to 12 percent slopes",1,96.17966889799628,134.61866019515296,111.55526541685894,1,1008917
1007657,02/05/2022,SAN JUAN CO.,18.4651,-66.1096,0,Heavy Rain,91.65,32.48,7.315,0.0,2.76,15.845,0.0,8,3.87,Urban land,Urban land,1,96.17966889799628,134.61866019515296,111.55526541685894,1,1007657
1007659,02/05/2022,TOA BAJA CO.,18.42,-66.22,0,Heavy Rain,91.815,50.19,8.615,0.0,3.855,0.765,0.0,60,8.7,Tanama,"Tanama-Rock outcrop complex, 20 to 60 percent slopes",1,98.76526709467204,144.3490663982062,116.9987868160857,1,1007659
1007662,02/05/2022,SAN JUAN CO.,18.41,-66.08,0,Heavy Rain,71.0,48.405,16.255,0.0,0.52,28.405,0.0,14,2.31,Urban land,Urban land,1,77.84862509520461,139.3755723995056,102.45940401692502,1,1007662
1007665,02/05/2022,BAYAMON CO.,18.3811,-66.1474,0,Heavy Rain,56.38,56.795,4.785,0.0,5.725,0.58,0.0,26,1.15,Urban land,"Urban land-Vega Alta complex, 2 to 12 percent slopes",1,64.15400774350601,112.72709457471426,83.58324247598932,1,1007665
1007666,02/05/2022,TOA BAJA CO.,18.4,-66.21,0,Heavy Rain,61.95,41.14,4.81,0.0,6.92,0.0,0.0,76,1.32,Urban land,"Urban land-Vega Alta complex, 2 to 12 percent slopes",1,67.60579177540906,105.1358119797083,82.61779985712874,1,1007666
1007667,02/05/2022,BAYAMON CO.,18.42,-66.17,0,Heavy Rain,91.65,32.48,7.315,0.0,2.76,15.845,0.0,12,0.58,Urban land,Urban land-Sabana Seca complex,1,96.17966889799628,134.61866019515296,111.55526541685894,1,1007667
1007668,02/05/2022,VEGA ALTA CO.,18.4129,-66.3304,0,Heavy Rain,87.09,87.435,5.37,0.79,8.575,0.0,0.0,32,1.29,Urban land,Urban land,1,99.02139547062572,172.2779969801375,128.32403607443044,1,1007668
1007669,02/05/2022,TOA BAJA CO.,18.4179,-66.2258,0,Heavy Rain,91.815,50.19,8.615,0.0,3.855,0.765,0.0,46,7.35,Tanama,"Tanama-Rock outcrop complex, 20 to 60 percent slopes",1,98.76526709467204,144.3490663982062,116.9987868160857,1,1007669
1007672,02/05/2022,TOA BAJA CO.,18.3972,-66.2077,0,Heavy Rain,61.95,41.14,4.81,0.0,6.92,0.0,0.0,89,3.12,Lares,"Lares clay, 5 to 12 percent slopes, eroded",1,67.60579177540906,105.1358119797083,82.61779985712874,1,1007672
1007673,02/05/2022,VEGA ALTA CO.,18.42,-66.32,0,Heavy Rain,87.09,87.435,5.37,0.79,8.575,0.0,0.0,43,5.82,Bayamon,"Bayamon clay, 2 to 5 percent slopes",1,99.02139547062572,172.2779969801375,128.32403607443044,1,1007673
1031763,05/03/2022,BAYAMON CO.,18.4037,-66.157,0,Heavy Rain,8.46,6.56,36.145,40.35,0.0,0.0,0.0,1,1.57,Toa,"Toa silty clay loam, 0 to 2 percent slopes, occasionally flooded",1,10.009818225665477,67.5944317519455,33.04366363617749,1,1031763
1031764,05/03/2022,GUAYNABO CO.,18.42,-66.1,0,Heavy Rain,8.46,6.56,36.145,40.35,0.0,0.0,0.0,5,2.85,Urban land,Urban land,1,10.009818225665477,67.5944317519455,33.04366363617749,1,1031764
1031781,05/03/2022,SAN JUAN CO.,18.4172,-66.0881,0,Heavy Rain,51.085,6.34,32.31,45.565,0.0,0.0,0.0,6,1.86,Urban land,Urban land,1,52.53480398821512,110.54405788008118,75.73850554496155,1,1031781
1031765,05/03/2022,GUAYNABO CO.,18.41,-66.1,0,Heavy Rain,8.46,6.56,36.145,40.35,0.0,0.0,0.0,17,4.16,Urban land,Urban land,1,10.009818225665477,67.5944317519455,33.04366363617749,1,1031765
1031766,05/03/2022,CAROLINA CO.,18.3824,-65.9723,0,Heavy Rain,17.505,5.385,42.86,75.965,0.0,0.0,0.0,13,0.73,Urban land,Urban land,1,19.018788783000307,103.86802227670812,52.95848218048344,1,1031766
1031767,05/03/2022,BAYAMON CO.,18.39,-66.13,0,Heavy Rain,9.91,3.96,29.39,62.1,0.0,0.0,0.0,24,2.13,Daguey,"Daguey clay, 12 to 20 percent slopes",1,10.984224348556884,75.88311959917192,36.9437824488029,1,1031767
1031768,05/03/2022,BAYAMON CO.,18.398,-66.137,0,Heavy Rain,9.91,3.96,29.39,62.1,0.0,0.0,0.0,19,0.73,Urban land,"Urban land-Vega Alta complex, 2 to 12 percent slopes",1,10.984224348556884,75.88311959917192,36.9437824488029,1,1031768
1032059,05/25/2022,OROCOVIS CO.,18.2104,-66.4235,0,Heavy Rain,20.41,14.19,12.04,5.42,0.0,0.0,0.0,810,12.12,Maricao,"Maricao clay, 20 to 60 percent slopes",1,22.550927961347895,45.28958369789984,31.646390255968672,1,1032059
1045044,07/02/2022,FAJARDO CO.,18.32,-65.65,0,Heavy Rain,73.43,0.0,1.15,0.225,0.0,0.0,0.0,7,3.09,Toa,"Toa silty clay loam, 0 to 2 percent slopes, occasionally flooded",0,73.45106298472206,74.44077267498108,73.84694686082567,1,1045044
1045050,07/02/2022,NAGUABO CO.,18.214,-65.7084,0,Heavy Rain,166.835,0.0,0.385,0.19,0.015,0.0,2.12,16,4.73,Daguao,"Daguao clay, 20 to 40 percent slopes, eroded",0,166.84205152097218,168.15623338343013,167.36772426595536,1,1045050
1045052,07/02/2022,FAJARDO CO.,18.3217,-65.6517,0,Heavy Rain,73.43,0.0,1.15,0.225,0.0,0.0,0.0,7,0.36,Toa,"Toa silty clay loam, 0 to 2 percent slopes, occasionally flooded",0,73.45106298472206,74.44077267498108,73.84694686082567,1,1045052
1045079,07/10/2022,BAYAMON CO.,18.3899,-66.1659,0,Heavy Rain,50.115,0.0,0.0,23.88,9.085,0.375,0.48,37,0.52,Urban land,"Urban land-Vega Alta complex, 2 to 12 percent slopes",1,50.115,71.1891059205409,58.54464236821636,1,1045079
1045081,07/10/2022,BAYAMON CO.,18.3924,-66.159,0,Heavy Rain,50.115,0.0,0.0,23.88,9.085,0.375,0.48,14,2.08,Urban land,"Urban land-Vega Alta complex, 2 to 12 percent slopes",1,50.115,71.1891059205409,58.54464236821636,1,1045081
1045082,07/10/2022,BAYAMON CO.,18.3991,-66.188,0,Heavy Rain,50.115,0.0,0.0,23.88,9.085,0.375,0.48,39,2.34,Urban land,"Urban land-Vega Alta complex, 2 to 12 percent slopes",1,50.115,71.1891059205409,58.54464236821636,1,1045082
1045088,07/10/2022,BAYAMON CO.,18.3995,-66.158,0,Heavy Rain,50.115,0.0,0.0,23.88,9.085,0.375,0.48,5,0.0,Urban land,"Urban land-Vega Alta complex, 2 to 12 percent slopes",1,50.115,71.1891059205409,58.54464236821636,1,1045088
1045090,07/10/2022,BAYAMON CO.,18.4057,-66.1846,0,Heavy Rain,27.085,0.66,0.22,57.02,8.075,0.73,0.29,64,2.74,Urban land,"Urban land-Vega Alta complex, 2 to 12 percent slopes",1,27.178350727491686,70.00805185066802,44.31023117676222,1,1045090
1045215,08/16/2022,GUAYNABO CO.,18.4084,-66.1075,0,Heavy Rain,10.39,10.855,1.58,0.0,0.44,0.38,0.0,16,2.31,Urban land,Urban land,1,11.888003208977633,21.421795529162235,15.701520137051473,1,1045215
1045216,08/16/2022,GUAYNABO CO.,18.409,-66.1058,0,Heavy Rain,10.39,10.855,1.58,0.0,0.44,0.38,0.0,16,0.77,Urban land,Urban land,1,11.888003208977633,21.421795529162235,15.701520137051473,1,1045216
1045253,08/21/2022,TRUJILLO ALTO CO.,18.368,-66.0142,0,Heavy Rain,2.77,0.915,3.385,10.39,25.095,4.13,1.55,54,3.44,Rio Piedras,"Rio Piedras clay, 12 to 20 percent slopes, eroded",1,2.9558302217998658,29.726581959633137,13.664130916933177,1,1045253
1045482,08/22/2022,SAN JUAN CO.,18.4125,-66.0214,0,Heavy Rain,16.21,0.93,2.495,0.37,7.7,1.785,1.805,4,0.58,Urban land,Urban land,1,16.381559332437444,25.120319132492803,19.87706325245959,1,1045482
1045494,08/22/2022,SAN JUAN CO.,18.3953,-66.0332,0,Heavy Rain,17.845,2.77,0.915,3.385,10.39,25.095,4.13,36,1.32,Urban land,Urban land,1,18.236637544148607,43.04410380210267,28.159624047330233,1,1045494
1055759,09/04/2022,CEIBA CO.,18.2268,-65.6874,0,Heavy Rain,32.53,0.835,0.0,0.43,0.0,0.01,0.0,66,11.18,Daguao,"Daguao clay, 20 to 40 percent slopes, eroded",0,32.64300496150257,33.538857257625324,33.00134587995167,1,1055759
1055748,09/04/2022,CEIBA CO.,18.2313,-65.6208,0,Heavy Rain,32.53,0.835,0.0,0.43,0.0,0.01,0.0,6,1.46,Made land,Made land,0,32.64300496150257,33.538857257625324,33.00134587995167,1,1055748
1055770,09/06/2022,NARANJITO CO.,18.2793,-66.2394,0,Heavy Rain,7.49,8.14,19.83,10.77,0.0,0.26,4.67,460,9.98,Mucara,"Mucara clay, 40 to 60 percent slopes",1,8.954828324709625,38.57328149605504,20.80220959324779,1,1055770
1055794,09/07/2022,BAYAMON CO.,18.4422,-66.3735,0,Heavy Rain,6.935,0.92,9.72,6.715,11.55,0.135,0.0,44,4.64,Rock outcrop,"Rock outcrop-Tanama complex, 12 to 60 percent slopes",1,7.23753647057618,25.99988266101279,14.742474946750823,1,1055794
1055793,09/07/2022,VEGA BAJA CO.,18.4427,-66.3722,0,Heavy Rain,6.935,0.92,9.72,6.715,11.55,0.135,0.0,31,4.73,Rock outcrop,"Rock outcrop-Tanama complex, 12 to 60 percent slopes",1,7.23753647057618,25.99988266101279,14.742474946750823,1,1055793
1055800,09/09/2022,SAN JUAN CO.,18.4512,-66.0615,0,Heavy Rain,0.0,3.975,8.79,3.0,9.945,4.51,13.33,11,2.32,Urban land,Urban land,1,0.698952216697509,25.48648687107467,10.613966078448374,1,1055800
1055799,09/09/2022,SAN JUAN CO.,18.4512,-66.0615,0,Heavy Rain,0.0,3.975,8.79,3.0,9.945,4.51,13.33,11,2.32,Urban land,Urban land,1,0.698952216697509,25.48648687107467,10.613966078448374,1,1055799
1058489,09/18/2022,PATILLAS CO.,18.0,-66.01,0,Heavy Rain / Tropical System,175.215,7.505,3.155,0.005,0.86,0.0,0.015,18,2.08,Parcelas,"Parcelas clay, 5 to 12 percent slopes, eroded",0,176.28847714138473,184.58710987017713,179.6079302329017,1,1058489
1058495,09/18/2022,SALINAS CO.,17.983,-66.2254,0,Heavy Rain / Tropical System,190.59,4.785,0.345,0.0,0.28,0.0,0.02,16,0.93,Paso Seco,"Paso Seco clay, 0 to 5 percent slopes",0,191.24389822570384,195.16387894749133,192.8118905144188,1,1058495
1058497,09/18/2022,PATILLAS CO.,18.0,-65.99,0,Heavy Rain / Tropical System,205.58,12.24,3.55,0.04,1.52,0.0,0.0,48,5.21,Parcelas,"Parcelas clay, 5 to 12 percent slopes, eroded",0,207.30152438487116,219.74275899111257,212.2780182273677,1,1058497
1058498,09/18/2022,SAN LORENZO CO.,18.19,-65.96,0,Heavy Rain / Tropical System,188.045,13.82,8.15,0.0,0.0,0.0,0.905,90,3.14,Urban land,"Urban land-Mucara complex, 12 to 40 percent slopes",1,190.06460607127315,206.5338499384487,196.65230361814335,1,1058498
1058510,09/18/2022,ISABELA CO.,18.5008,-67.0242,0,Heavy Rain / Tropical System,78.49,0.97,4.935,0.0,0.08,2.14,16.825,76,1.39,Urban land,Urban land,1,78.7116629026554,91.27228173381138,83.7359104351178,1,1058510
1058512,09/18/2022,BARRANQUITAS CO.,18.1665,-66.317,0,Heavy Rain / Tropical System,123.8,7.69,3.675,0.0,0.26,0.005,5.045,606,6.22,Mucara,"Mucara clay, 40 to 60 percent slopes",1,124.90803830100565,135.5182055275906,129.15210519163963,1,1058512
1058513,09/18/2022,UTUADO CO.,18.27,-66.72,0,Heavy Rain / Tropical System,68.045,5.5,3.59,0.05,0.0,2.01,28.595,163,6.1,Pellejas,"Pellejas clay loam, 40 to 60 percent slopes",1,68.85509720141192,88.66212414148467,76.77790797744103,1,1058513
1058523,09/18/2022,CAGUAS CO.,18.24,-66.06,0,Heavy Rain / Tropical System,131.6,13.34,5.87,0.12,0.0,0.0,0.535,81,0.77,Rio Arriba,"Rio Arriba clay, 2 to 5 percent slopes",1,133.5128854786533,147.88053505236022,139.25994530813605,1,1058523
1058525,09/18/2022,PONCE CO.,17.99,-66.63,0,Heavy Rain / Tropical System,99.68,1.715,1.185,0.275,0.0,0.105,0.96,7,1.63,Urban land,Urban land,1,99.93380404283394,102.6951417372902,101.03833912061644,1,1058525
1058544,09/18/2022,ADJUNTAS CO.,18.44,-66.71,0,Heavy Rain / Tropical System,93.275,4.81,3.79,0.11,0.0,3.91,3.825,10,1.32,Toa,"Toa silty clay loam, 0 to 2 percent slopes, occasionally flooded",1,93.99537898375642,103.90177395846416,97.95793697363952,1,1058544
1058548,09/18/2022,CIDRA CO.,18.15,-66.2,0,Heavy Rain / Tropical System,138.51,8.87,2.92,0.0,0.125,0.0,7.47,388,24.72,Caguabo,"Caguabo clay loam, 40 to 60 percent slopes",1,139.76390562786383,151.6341755890217,144.512013612327,1,1058548
1141220,09/18/2022,TOA BAJA CO.,18.4099,-66.2597,1,Heavy Rain,109.93,6.56,2.375,0.0,0.265,0.005,0.19,8,0.82,Toa,"Toa silty clay loam, 0 to 2 percent slopes, occasionally flooded",1,110.86129910039293,117.63420644472346,113.57046203812514,1,1141220
1058554,09/18/2022,SALINAS CO.,17.9787,-66.2237,0,Heavy Rain / Tropical System,190.59,4.785,0.345,0.0,0.28,0.0,0.02,9,0.58,Paso Seco,"Paso Seco clay, 0 to 5 percent slopes",0,191.24389822570384,195.16387894749133,192.8118905144188,1,1058554
1058580,09/19/2022,HORMIGUEROS CO.,18.1524,-67.1492,0,Heavy Rain / Tropical System,78.985,106.475,1.715,3.405,0.42,0.335,0.0,9,1.29,Urban land,Urban land,1,93.4262356033125,175.1939359916128,126.13331575863262,1,1058580
1058569,09/19/2022,HORMIGUEROS CO.,18.1514,-67.1454,0,Heavy Rain / Tropical System,78.985,106.475,1.715,3.405,0.42,0.335,0.0,9,0.93,Urban land,Urban land,1,93.4262356033125,175.1939359916128,126.13331575863262,1,1058569
1058562,09/19/2022,FAJARDO CO.,18.33,-65.66,0,Heavy Rain / Tropical System,95.795,97.23,7.73,3.895,0.0,0.0,0.0,23,2.58,Urban land,Urban land,0,109.09522947770576,188.42781279726557,140.82826280552968,1,1058562
1058560,09/19/2022,ADJUNTAS CO.,18.28,-67.15,0,Heavy Rain / Tropical System,67.365,77.78,3.38,5.98,0.515,0.43,0.0,9,1.63,Lares,"Lares clay, 0 to 5 percent slopes, eroded",1,77.95328518958766,141.72769460364282,103.46304895520971,1,1058560
1141219,09/19/2022,COMERIO CO.,18.2492,-66.191,1,Heavy Rain,84.99,137.005,11.885,6.18,0.24,0.0,0.0,374,7.95,Naranjito,"Naranjito silty clay loam, 40 to 60 percent slopes",1,103.74929184802473,216.8493400082972,148.98931111213372,1,1141219
1059579,10/02/2022,DORAD CO.,18.4092,-66.2988,0,Heavy Rain,16.14,1.275,0.63,4.005,0.0,0.505,0.19,79,7.63,Tanama,"Tanama-Rock outcrop complex, 20 to 60 percent slopes",1,16.324091338626584,20.65556282098567,18.05667993157022,1,1059579
1059583,10/02/2022,DORAD CO.,18.4304,-66.2933,0,Heavy Rain,16.14,1.275,0.63,4.005,0.0,0.505,0.19,34,2.43,Bayamon,"Bayamon clay, 2 to 5 percent slopes",1,16.324091338626584,20.65556282098567,18.05667993157022,1,1059583
1059589,10/04/2022,GUAYNABO CO.,18.3893,-66.1099,0,Heavy Rain,3.965,0.0,3.79,1.615,0.565,1.9,1.49,43,1.96,Urban land,"Urban land-Vega Alta complex, 2 to 12 percent slopes",1,4.034416271388302,9.74668345081924,6.319323143160677,1,1059589
1059609,10/10/2022,BAYAMON CO.,18.3703,-66.1705,0,Heavy Rain,2.415,16.265,0.35,3.1,0.0,0.1,3.965,37,2.2,Urban land,"Urban land-Vega Alta complex, 2 to 12 percent slopes",1,4.6226388554545625,20.52883966942413,10.985119181042393,1,1059609
1059610,10/10/2022,GUAYNABO CO.,18.3793,-66.1184,0,Heavy Rain,2.415,16.265,0.35,3.1,0.0,0.1,3.965,72,11.17,Yunes,"Yunes silty clay loam, 40 to 60 percent slopes",1,4.6226388554545625,20.52883966942413,10.985119181042393,1,1059610
1059612,10/10/2022,BAYAMON CO.,18.393,-66.1436,0,Heavy Rain,2.415,16.265,0.35,3.1,0.0,0.1,3.965,16,1.29,Urban land,"Urban land-Vega Alta complex, 2 to 12 percent slopes",1,4.6226388554545625,20.52883966942413,10.985119181042393,1,1059612
1059672,10/27/2022,PONCE CO.,18.012,-66.6303,0,Heavy Rain,46.615,36.17,1.815,0.195,2.405,3.465,0.825,17,1.57,Urban land,Urban land,1,51.54332007925134,82.86545206859128,64.07217287498732,1,1059672
1059674,10/27/2022,GUAYAMA CO.,17.9587,-66.1765,0,Heavy Rain,49.59,51.63,0.725,0.0,0.0,0.29,0.0,14,1.03,Poncena,Poncena clay,0,56.59063951170065,95.03369408285296,71.96786134016159,1,1059674
1059677,10/27/2022,PONCE CO.,18.0194,-66.5605,0,Heavy Rain,54.335,34.915,0.46,0.0,1.7,2.845,0.12,24,3.69,Cintrona,Cintrona clay,1,59.068656608095154,87.35141299492619,70.38175916282756,1,1059677
1059678,10/27/2022,RIO GRANDE CO.,18.3835,-65.7916,0,Heavy Rain,76.055,60.22,1.23,1.685,1.09,0.16,0.0,5,2.01,Mabi,"Mabi clay, 5 to 12 percent slopes",0,84.22741899234198,130.97424842389594,102.92615076496357,1,1059678
1059679,10/27/2022,JUNCOS CO.,18.2284,-65.916,0,Heavy Rain,61.47,57.5,0.765,0.0,0.14,0.56,0.12,64,2.79,Vivi,Vivi loam,1,69.26579024985512,112.29448797275226,86.47726933901397,1,1059679
1059680,10/27/2022,PATILLAS CO.,18.0304,-66.0453,0,Heavy Rain,59.025,56.82,1.575,0.0,0.0,1.51,0.6,351,17.24,Pandura,"Pandura loam, 40 to 60 percent slopes",0,66.7435979247541,110.45841061373606,84.22952300034689,1,1059680
1059681,10/27/2022,PATILLAS CO.,18.0367,-66.0141,0,Heavy Rain,59.025,56.82,1.575,0.0,0.0,1.51,0.6,215,19.59,Patillas,"Patillas clay loam, 20 to 40 percent slopes, eroded",0,66.7435979247541,110.45841061373606,84.22952300034689,1,1059681
1059682,10/27/2022,NAGUABO CO.,18.2144,-65.7708,0,Heavy Rain,72.81,59.87,1.59,0.0,0.785,0.205,0.77,11,1.09,Fortuna,Fortuna clay,0,80.94164527320909,126.7752556111896,99.2750894084013,1,1059682
1059688,10/30/2022,SALINAS CO.,18.0056,-66.2214,0,Heavy Rain,36.215,8.89,11.805,45.27,41.68,0.02,0.0,77,2.88,Coamo,"Coamo clay loam, 2 to 5 percent slopes",0,37.634346785055,105.83062226643828,64.91285697760831,1,1059688
1063893,11/05/2022,SALINAS CO.,17.9743,-66.2702,0,Heavy Rain,94.26,22.18,0.245,0.0,0.0,4.325,44.285,13,0.52,Fraternidad,"Fraternidad clay, 0 to 2 perecent slopes",0,97.26622391371582,134.58208290165004,112.19256750888952,1,1063893
1063894,11/05/2022,SALINAS CO.,17.9916,-66.2834,0,Heavy Rain,94.26,22.18,0.245,0.0,0.0,4.325,44.285,20,0.36,Not Public Information,Not Public Information,0,97.26622391371582,134.58208290165004,112.19256750888952,1,1063894
1063926,11/05/2022,VEGA BAJA CO.,18.4565,-66.4152,0,Heavy Rain,87.92,5.73,5.87,0.0,0.0,18.69,16.465,7,2.01,Corozo,"Corozo fine sand, 2 to 12 percent slopes",1,88.80298397322265,113.4352145971109,98.65587622277796,1,1063926
1063901,11/05/2022,SANTA ISABEL CO.,17.9652,-66.3764,0,Heavy Rain,96.25,19.765,0.54,0.0,0.0,5.525,39.705,5,0.77,Fe,"Fe clay, 0 to 2 percent slopes",0,98.93479231817156,133.34408093347847,112.69850776429432,1,1063901
1063904,11/05/2022,JUANA DIAZ CO.,17.9948,-66.4906,0,Heavy Rain,88.88,22.055,0.525,0.0,0.485,7.405,38.39,2,0.77,Fe,"Fe clay, 0 to 2 percent slopes",1,91.87443538220008,128.58413548158592,106.55831542195442,1,1063904
1063908,11/05/2022,NAGUABO CO.,18.2116,-65.7086,0,Heavy Rain,87.405,13.455,0.0,0.43,0.31,17.945,35.785,26,6.35,Sabana,"Sabana silty clay loam, 20 to 40 percent slopes",0,89.22593623594862,123.49503091699864,102.93357410836865,1,1063908
1067569,11/05/2022,LAS PIEDRAS CO.,18.2,-65.84,0,Heavy Rain,85.39,15.365,0.0,0.25,0.17,20.475,30.235,124,2.38,Mabi,"Mabi clay, 0 to 5 percent slopes, rarely flooded",1,87.46942662693056,121.82271924325684,101.21074367346104,1,1067569
1063917,11/05/2022,LAS PIEDRAS CO.,18.2059,-65.8475,0,Heavy Rain / Burn Area,85.39,15.365,0.0,0.25,0.17,20.475,30.235,108,2.13,Cayagua,"Cayagua sandy loam, 5 to 12 percent slopes, eroded",1,87.46942662693056,121.82271924325684,101.21074367346104,1,1063917
1063919,11/05/2022,CAGUAS CO.,18.2299,-66.0401,0,Heavy Rain,85.545,9.25,0.0,0.18,0.2,20.81,26.98,72,1.32,Urban land,"Urban land-Vega Alta complex, 2 to 12 percent slopes",1,86.79685136993866,115.43076453919063,98.25041663763946,1,1063919
1063923,11/05/2022,SALINAS CO.,17.9785,-66.3,0,Heavy Rain,96.25,19.765,0.54,0.0,0.0,5.525,39.705,8,0.82,Urban land,Urban land,0,98.93479231817156,133.34408093347847,112.69850776429432,1,1063923
1067558,11/05/2022,FAJARDO CO.,18.3247,-65.6517,0,Heavy Rain,83.58,8.59,0.0,0.465,0.51,15.46,20.925,12,2.08,Urban land,Urban land,0,84.7425300830025,108.06572241537064,94.07180701594976,1,1067558
1067555,11/05/2022,VEGA BAJA CO.,18.4072,-66.37,0,Heavy Rain,92.62,4.455,1.79,0.0,0.0,17.515,13.77,81,2.43,Almirante,"Almirante clay, 2 to 5 percent slopes",1,93.25570368042996,112.24502165010348,100.85143086829936,1,1067555
1067479,11/05/2022,JUANA DIAZ CO.,18.08,-66.5,0,Heavy Rain,105.805,19.43,1.03,0.0,3.385,11.895,34.665,78,2.08,Urban land,"Urban land-Montegrande complex, 2 to 12 percent slopes",1,108.45342966134278,145.86801278283127,123.41926290993815,1,1067479
1067480,11/05/2022,RINCON CO.,18.3254,-67.2498,0,Heavy Rain,71.725,13.07,0.92,1.47,3.33,1.385,15.495,14,2.38,Water> 40 acres,Water > 40 acres,1,73.51068253968016,93.83825246247136,81.64171050879663,1,1067480
1067481,11/05/2022,FAJARDO CO.,18.3345,-65.6416,0,Heavy Rain,83.58,8.59,0.0,0.465,0.51,15.46,20.925,10,3.19,Vega Alta,"Vega Alta silty clay loam, 5 to 12 percent slopes",0,84.7425300830025,108.06572241537064,94.07180701594976,1,1067481
1067483,11/05/2022,VEGA BAJA CO.,18.4571,-66.4137,0,Heavy Rain,87.92,5.73,5.87,0.0,0.0,18.69,16.465,9,2.34,Corozo,"Corozo fine sand, 2 to 12 percent slopes",1,88.80298397322265,113.4352145971109,98.65587622277796,1,1067483
1067482,11/05/2022,VEGA BAJA CO.,18.4463,-66.4075,0,Heavy Rain,87.92,5.73,5.87,0.0,0.0,18.69,16.465,12,2.01,Urban land,Urban land,1,88.80298397322265,113.4352145971109,98.65587622277796,1,1067482
1067484,11/05/2022,SALINAS CO.,17.98,-66.23,0,Heavy Rain,94.26,22.18,0.245,0.0,0.0,4.325,44.285,11,0.58,Paso Seco,"Paso Seco clay, 0 to 5 percent slopes",0,97.26622391371582,134.58208290165004,112.19256750888952,1,1067484
1067486,11/05/2022,VEGA ALTA CO.,18.4006,-66.3476,0,Heavy Rain,92.62,4.455,1.79,0.0,0.0,17.515,13.77,76,21.59,Rock outcrop,"Rock outcrop-Tanama complex, 12 to 60 percent slopes",1,93.25570368042996,112.24502165010348,100.85143086829936,1,1067486
1067487,11/05/2022,MANATI CO.,18.45,-66.45,0,Heavy Rain,87.92,5.73,5.87,0.0,0.0,18.69,16.465,36,7.82,Rock outcrop,"Rock outcrop-San German complex, 20 to 60 percent slopes",1,88.80298397322265,113.4352145971109,98.65587622277796,1,1067487
1067488,11/05/2022,CIDRA CO.,18.15,-66.11,0,Heavy Rain,90.225,11.78,0.11,0.0,0.0,19.555,30.265,423,13.15,Mucara,"Mucara clay, 40 to 60 percent slopes",1,91.82126435680505,122.93611548834453,104.26720480942085,1,1067488
1067489,11/05/2022,FAJARDO CO.,18.3639,-65.6304,0,Heavy Rain,83.58,8.59,0.0,0.465,0.51,15.46,20.925,45,8.27,Descalabrado,"Descalabrado-Rock land complex, 40 to 60 percent slopes",0,84.7425300830025,108.06572241537064,94.07180701594976,1,1067489
1067490,11/05/2022,AIBONITO CO.,18.1041,-66.2896,0,Heavy Rain,105.68,12.91,0.785,0.0,0.82,20.945,28.77,345,13.18,Caguabo,"Caguabo clay loam, 40 to 60 percent slopes",1,107.44155628311232,140.38702905043155,120.61974539004002,1,1067490
1067491,11/05/2022,BARCELONETA CO.,18.43,-66.53,0,Heavy Rain,92.83,5.5,2.7,0.0,0.0,11.8,17.735,10,10.66,Toa,"Toa silty clay loam, 0 to 2 percent slopes, occasionally flooded",1,93.62379628280095,112.929661140782,101.34614222599338,1,1067491
1067496,11/05/2022,CAGUAS CO.,18.25,-66.07,0,Heavy Rain,85.545,9.25,0.0,0.18,0.2,20.81,26.98,95,3.94,Estacion,Estacion silty clay loam,1,86.79685136993866,115.43076453919063,98.25041663763946,1,1067496
ctrl_0000,03/11/2022,SAN JUAN CO.,18.3988,-66.0833,0,None,0.0,0.0,0.385,0.0,0.525,1.865,0.43,15,0.26,Urban land,Urban land,1,0.007051520972162659,1.6812712906028648,0.6767394288244435,0,574472
ctrl_0001,04/08/2016,SAN JUAN CO.,18.3786,-66.0533,0,None,0.0,0.0,0.0,0.0,0.0,0.0,0.225,27,2.58,Urban land,"Urban land-Vega Alta complex, 2 to 12 percent slopes",1,0.0,0.09548389027731376,0.03819355611092551,0,576170
ctrl_0002,04/20/2015,SAN JUAN CO.,18.3993,-66.0911,0,None,0.0,0.0,0.0,0.0,0.0,0.0,0.0,34,2.79,Urban land,Urban land,1,0.0,0.0,0.0,0,576021
ctrl_0003,05/03/2023,SAN JUAN CO.,18.3955,-66.0696,0,None,0.0,0.0,0.0,0.0,0.0,19.345,0.45,13,0.93,Urban land,Urban land,1,0.0,9.661151184683884,3.864460473873554,0,575333
ctrl_0004,02/07/2018,SAN SEBASTIAN CO.,18.3314,-66.9989,0,None,1.7,0.0,0.79,0.84,0.0,0.0,0.0,66,2.38,Urban land,Urban land,1,1.7144693547221,2.8408758698555623,2.165031960775485,0,599784
ctrl_0005,10/07/2017,SAN SEBASTIAN CO.,18.3314,-66.9888,0,None,33.62,24.69,19.6,1.55,11.185,6.58,17.555,65,1.39,Toa,"Toa silty clay loam, 0 to 2 percent slopes, occasionally flooded",1,37.32041466533116,87.74932244868114,57.491977778671156,0,599783
ctrl_0006,07/10/2017,SAN SEBASTIAN CO.,18.3372,-67.0001,0,None,0.035,12.35,9.085,15.47,0.145,5.4,8.51,64,0.52,Lares,"Lares clay, 0 to 5 percent slopes, eroded",1,1.8727883272763168,33.982697495518664,14.716751994573258,0,599782
ctrl_0007,08/01/2016,VEGA BAJA CO.,18.3251,-66.3598,0,None,22.565,64.19,0.115,0.595,0.27,0.0,9.685,223,2.38,Corozal,"Corozal clay, 5 to 12 percent slopes",1,31.25427812943037,82.94644341622214,51.93114424414708,0,602949
ctrl_0008,04/12/2023,SAN SEBASTIAN CO.,18.3376,-67.0011,0,None,0.0,0.0,0.0,0.0,26.67,43.465,36.8,56,1.88,Santoni,Santoni clay,1,0.0,51.95588126750167,20.782352507000667,0,603063
ctrl_0009,03/02/2016,MOCA CO.,18.3922,-67.1052,0,None,0.0,1.575,3.05,1.08,2.32,1.5,2.145,54,1.65,Plata,"Plata clay, 20 to 40 percent slopes, eroded",1,0.2690157697083042,7.315630904490187,3.087661823621058,0,603064
ctrl_0010,08/10/2022,SAN SEBASTIAN CO.,18.3703,-66.9252,0,None,4.785,0.0,0.0,24.045,0.0,0.0,6.475,221,2.08,Mabi,"Mabi clay, 5 to 12 percent slopes",1,4.785,23.196666314092482,12.149666525636993,0,603067
ctrl_0011,04/29/2023,CAGUAS CO.,18.2553,-66.0378,0,None,0.47,11.64,0.0,0.0,0.0,0.89,19.185,60,0.26,Urban land,"Urban land-Vega Alta complex, 2 to 12 percent slopes",1,2.045302696874172,19.13774387441009,8.882279167888539,0,605551
ctrl_0012,02/18/2021,SAN LORENZO CO.,18.1872,-65.9635,0,None,0.0,1.16,0.0,0.0,0.0,0.0,0.14,105,3.58,Urban land,"Urban land-Mucara complex, 12 to 40 percent slopes",1,0.15698892855447072,1.0649905621049836,0.5201895819746759,0,605680
ctrl_0013,12/30/2015,CAGUAS CO.,18.2392,-66.0452,0,None,0.53,0.0,0.33,0.0,0.185,0.235,0.395,69,0.36,Rio Arriba,"Rio Arriba clay, 2 to 5 percent slopes",1,0.5360441608332823,1.1651299233245591,0.7876784658297931,0,605549
ctrl_0014,08/22/2021,CAGUAS CO.,18.2514,-66.0381,0,None,0.0,0.0,0.0,0.0,0.0,0.0,21.42,62,0.36,Urban land,"Urban land-Vega Alta complex, 2 to 12 percent slopes",1,0.0,9.09006635440027,3.636026541760108,0,605554
ctrl_0015,10/02/2019,CAGUAS CO.,18.2374,-66.0562,0,None,17.035,0.0,0.0,16.415,1.95,0.0,3.485,81,1.29,Rio Arriba,"Rio Arriba clay, 2 to 5 percent slopes",1,17.035,30.308511834471577,22.344404733788632,0,605553
ctrl_0016,05/18/2015,CAGUAS CO.,18.2805,-66.046,0,None,0.005,0.85,0.0,0.32,0.0,0.0,1.37,66,2.58,Urban land,"Urban land-Mucara complex, 12 to 40 percent slopes",1,0.1200349907511208,1.5316975117750138,0.684699999160678,0,605552
ctrl_0017,05/10/2015,CAGUAS CO.,18.3296,-66.0936,0,None,0.27,0.0,0.0,0.0,0.0,0.0,0.0,94,3.81,Sabana,"Sabana silty clay loam, 40 to 60 percent slopes",1,0.27,0.27,0.27,0,605550
ctrl_0018,01/26/2016,AIBONITO CO.,18.12,-66.25,0,None,0.0,0.0,0.0,0.0,0.0,0.0,0.0,685,11.47,Maricao,"Maricao clay, 20 to 60 percent slopes",1,0.0,0.0,0.0,0,605716
ctrl_0019,06/21/2017,AIBONITO CO.,18.1413,-66.2547,0,None,2.55,1.155,12.5,0.0,0.01,0.0,0.0,609,1.39,Urban land,"Urban land-Mucara complex, 12 to 40 percent slopes",1,2.935257738247465,12.95035731887261,6.9412975704975235,0,605718
ctrl_0020,08/17/2017,COMERIO CO.,18.2363,-66.2137,0,None,82.955,11.99,1.86,0.02,0.0,0.0,2.575,187,7.21,Water,Water,1,84.61173713434003,95.85240264189348,89.10800333736141,0,605719
ctrl_0021,09/07/2020,SAN LORENZO CO.,18.15,-65.97,0,None,0.0,0.0,0.77,0.0,4.185,1.38,10.645,221,6.85,Pandura,"Pandura sandy loam, 20 to 40 percent slopes",1,0.014103041944325318,8.134999288690171,3.2624615406426636,0,605721
ctrl_0022,10/08/2021,LAS PIEDRAS CO.,18.1888,-65.8773,0,None,0.0,0.155,0.0,0.0,0.005,11.66,37.87,123,2.94,Cayagua,"Cayagua sandy loam, 5 to 12 percent slopes, eroded",1,0.02097696890167497,21.916245081291486,8.7790842138576,0,605723
ctrl_0023,04/26/2015,JUNCOS CO.,18.2262,-65.916,0,None,0.0,0.0,0.0,0.0,0.385,0.0,0.0,69,0.26,Urban land,Urban land,1,0.0,0.21741647697298733,0.08696659078919494,0,605725
ctrl_0024,04/24/2021,CAGUAS CO.,18.2,-66.03,0,None,0.0,0.0,0.0,0.0,0.0,0.0,0.0,161,17.05,Caguabo,"Caguabo clay loam, 40 to 60 percent slopes",1,0.0,0.0,0.0,0,605731
ctrl_0025,04/01/2017,NAGUABO CO.,18.2202,-65.7927,0,None,0.0,0.0,1.505,0.57,0.32,1.565,0.0,29,9.17,Pandura,"Pandura loam, 12 to 40 percent slopes",0,0.027565036527544936,2.449136085120122,0.9961934559645758,0,609484
ctrl_0026,01/18/2023,MOCA CO.,18.3677,-67.0961,0,None,0.0,0.0,0.0,3.795,0.0,1.86,2.15,117,8.87,Plata,"Plata clay, 40 to 60 percent slopes, eroded",1,0.0,4.295160328311731,1.7180641313246925,0,609898
ctrl_0027,04/22/2022,SAN JUAN CO.,18.4404,-66.052,0,None,1.58,0.655,0.595,1.76,0.23,0.0,7.24,23,2.45,Urban land,Urban land,1,1.6795424156587784,6.943811325733725,3.785249979688757,0,631856
ctrl_0028,11/19/2022,SAN JUAN CO.,18.4247,-66.0429,0,None,0.0,0.0,1.405,0.0,15.635,0.305,0.0,3,0.52,Urban land,Urban land,1,0.025733472638671522,10.034503640526964,4.029241539793988,0,631861
ctrl_0029,02/17/2021,LUQUILLO CO.,18.3802,-65.7179,0,None,2.115,0.0,0.0,0.155,0.415,0.735,0.0,7,1.81,Urban land,"Urban land-Catano complex, 0 to 2 percent slopes",0,2.115,2.8101441943248946,2.393057677729958,0,632052
ctrl_0030,09/22/2019,FAJARDO CO.,18.3428,-65.6592,0,None,49.25,1.785,0.035,0.685,0.0,1.41,19.475,15,1.32,Leveled clayey land,Leveled clayey land,0,49.49221452793846,60.224829420254395,53.785260484864835,0,631867
ctrl_0031,06/28/2017,LUQUILLO CO.,18.337,-65.7252,0,None,0.0,0.0,7.96,0.545,0.0,0.0,0.305,112,11.99,Humatas,"Humatas-Stony land complex, 40 to 60 percent slopes",0,0.14579248555432406,6.466227257165171,2.673966394198663,0,632053
ctrl_0032,01/21/2020,LUQUILLO CO.,18.3218,-65.7197,0,None,1.23,3.605,1.195,0.4,0.2,0.625,5.545,232,4.81,Humatas,"Humatas-Zarzal complex, 5 to 40 percent slopes",0,1.7397708845400262,8.285740407740128,4.358158693820068,0,631863
ctrl_0033,08/17/2021,FAJARDO CO.,18.346,-65.6389,0,None,0.0,5.715,68.8,1.62,0.365,0.0,8.185,12,5.94,Descalabrado,"Descalabrado clay loam, 20 to 40 percent slopes, eroded",0,2.033557099242153,61.39079009025094,25.77645029564567,0,631865
ctrl_0034,02/20/2018,LUQUILLO CO.,18.35,-65.72,0,None,0.23,0.0,1.215,3.07,1.27,1.18,0.2,29,0.58,Rio Arriba,"Rio Arriba clay, 5 to 12 percent slopes, eroded",0,0.25225350124981205,4.522688560069262,1.960427524777592,0,631864
ctrl_0035,02/05/2024,CANOVANAS CO.,18.33,-65.88,0,None,1.245,0.0,0.06,0.13,0.085,0.825,0.0,117,5.28,Humatas,"Humatas-Stony land complex, 40 to 60 percent slopes",1,1.246098938333324,1.8266486245687001,1.4783188128274745,0,632054
ctrl_0036,10/07/2024,CAGUAS CO.,18.2365,-66.0245,0,None,0.655,8.55,15.465,1.83,13.945,0.0,4.215,64,0.26,Urban land,"Urban land-Vega Alta complex, 2 to 12 percent slopes",1,2.095368027087313,30.54426161148173,13.474925460845082,0,632057
ctrl_0037,02/03/2015,CAGUAS CO.,18.2389,-66.0127,0,None,0.0,0.0,0.0,0.0,0.275,0.0,0.0,59,0.52,Urban land,"Urban land-Vega Alta complex, 2 to 12 percent slopes",1,0.0,0.15529748355213382,0.06211899342085353,0,632056
ctrl_0038,07/13/2023,CAGUAS CO.,18.2361,-66.0219,0,None,10.295,1.91,0.0,0.0,66.425,29.61,0.0,62,0.36,Urban land,"Urban land-Vega Alta complex, 2 to 12 percent slopes",1,10.55349039098193,63.957466582369634,31.91508086753701,0,632073
ctrl_0039,01/21/2024,CAGUAS CO.,18.2307,-66.0321,0,None,0.045,0.0,0.0,0.0,0.0,0.0,0.045,75,1.73,Urban land,"Urban land-Vega Alta complex, 2 to 12 percent slopes",1,0.045,0.06409677805546275,0.0526387112221851,0,632070
ctrl_0040,10/22/2016,PENUELAS CO.,18.0881,-66.6958,0,None,0.025,3.7,0.555,50.315,62.58,0.0,3.31,225,7.39,Caguabo,"Caguabo gravelly clay loam, 20 to 60 percent slopes",1,0.5359057275587146,73.1714085008438,29.59010683687275,0,632364
ctrl_0041,11/06/2022,SABANA GRANDE CO.,18.0318,-66.8988,0,None,0.32,94.565,34.845,1.48,0.58,4.515,9.615,61,1.29,Fraternidad,"Fraternidad clay, 2 to 5 perecent slopes",1,13.756189496348222,116.06382668707825,54.679244372640234,0,632367
ctrl_0042,10/05/2019,AGUADILLA CO.,18.4795,-67.1532,0,None,21.81,1.145,0.0,27.115,25.06,1.395,48.06,76,2.08,Urban land,Urban land,1,21.96495889930592,75.69645095599914,43.45755572198321,0,632773
ctrl_0043,11/01/2018,AGUADILLA CO.,18.4699,-67.125,0,None,0.105,0.0,0.28,2.38,0.44,0.375,0.71,90,3.1,Coto,"Coto clay, 2 to 5 percent slopes",1,0.11012837888884557,2.599197415432898,1.1057559935064667,0,632819
ctrl_0044,02/19/2018,LUQUILLO CO.,18.3277,-65.7483,0,None,0.0,1.215,3.07,1.27,1.18,0.2,0.73,141,18.91,Naranjito,"Naranjito silty clay loam, 40 to 60 percent slopes",0,0.22066138052089837,5.26168743422676,2.2370718020032427,0,632822
ctrl_0045,10/05/2016,NAGUABO CO.,18.2185,-65.7821,0,None,21.155,48.99,36.905,0.135,0.355,1.31,4.58,11,0.82,Toa,"Toa silty clay loam, 0 to 2 percent slopes, occasionally flooded",0,28.46101417895039,94.22996422300432,54.76859419657196,0,632823
ctrl_0046,06/07/2017,FAJARDO CO.,18.3394,-65.6688,0,None,0.0,0.2,0.0,1.31,0.775,3.12,1.49,25,1.32,Fajardo,"Fajardo clay, 2 to 10 percent slopes, eroded",0,0.027067056647322542,3.6241028077480824,1.4658813570876266,0,633046
ctrl_0047,08/01/2023,FAJARDO CO.,18.32,-65.65,0,None,3.275,0.0,0.0,1.785,0.0,3.225,0.665,7,3.09,Toa,"Toa silty clay loam, 0 to 2 percent slopes, occasionally flooded",0,3.275,6.29879851213928,4.484519404855712,0,633052
ctrl_0048,10/17/2018,LUQUILLO CO.,18.35,-65.72,0,None,3.85,7.925,45.21,4.44,20.095,16.9,3.07,29,0.58,Rio Arriba,"Rio Arriba clay, 5 to 12 percent slopes, eroded",0,5.7505821538098285,68.51077453537843,30.85465910643727,0,633053
ctrl_0049,03/01/2016,NAGUABO CO.,18.22,-65.73,0,None,0.26,4.235,2.385,0.0,0.89,0.26,0.155,29,1.39,Cobbly alluvial land,Cobbly alluvial land,0,0.8768277232566858,6.419159000578217,3.0937602341852983,0,640321
ctrl_0050,01/22/2016,CIDRA CO.,18.193,-66.2015,0,None,0.0,0.0,0.0,0.0,0.0,0.0,0.0,324,11.44,Mucara,"Mucara clay, 20 to 40 percent slopes",1,0.0,0.0,0.0,0,658835
ctrl_0051,04/13/2019,PONCE CO.,17.9965,-66.6338,0,None,0.865,0.0,0.0,0.335,0.0,0.0,0.0,12,0.82,Urban land,Urban land,1,0.865,1.0832320842729035,0.9522928337091614,0,658831
ctrl_0052,02/08/2016,PONCE CO.,18.0061,-66.6267,0,None,0.0,0.0,0.305,0.0,0.0,0.0,0.0,11,1.29,Urban land,Urban land,1,0.005586269861063925,0.2292005743879622,0.09503199167182325,0,658237
ctrl_0053,01/17/2019,UTUADO CO.,18.2716,-66.7008,0,None,0.0,0.0,0.0,0.0,0.0,0.0,18.435,161,4.75,Lirios,"Lirios clay loam, 40 to 60 percent slopes",1,0.0,7.823313410054572,3.1293253640218293,0,661451
ctrl_0054,07/10/2024,SAN SEBASTIAN CO.,18.3295,-66.9869,0,None,27.81,18.52,2.485,0.915,0.0,5.335,17.615,68,0.73,Lares,"Lares clay, 5 to 20 percent slopes, eroded",1,30.36192380818057,56.41509894464218,40.783193862765216,0,661455
ctrl_0055,11/16/2018,SAN SEBASTIAN CO.,18.3118,-67.0078,0,None,10.415,17.53,12.095,6.38,0.0,0.0,0.365,113,0.82,Humatas,"Humatas clay, 12 to 20 percent slopes",1,13.00895516749706,39.01156471808649,23.409998987732834,0,661460
ctrl_0056,10/15/2021,TRUJILLO ALTO CO.,18.3363,-66.0097,0,None,17.85,3.705,22.87,8.635,41.515,6.78,0.0,30,3.66,Mucara,"Mucara clay, 20 to 40 percent slopes",1,18.770295885777,70.63660985993513,39.51682147544025,0,663756
ctrl_0057,12/26/2017,CABO ROJO CO.,18.03,-67.13,0,None,2.855,3.285,0.515,0.29,3.26,1.785,0.2,24,2.08,Urban land,Urban land,0,3.309008959459971,9.078309542486972,5.616729192670771,0,663761
ctrl_0058,01/26/2024,MAYAGUEZ CO.,18.1819,-67.1694,0,None,0.0,0.0,0.635,0.0,0.0,0.255,0.135,5,2.08,Leveled sandy land,Leveled sandy land,1,0.011630430694346204,0.6593115384562179,0.2707028737990949,0,663762
ctrl_0059,07/04/2015,SALINAS CO.,17.971,-66.2177,0,None,0.0,0.0,0.0,3.965,0.505,0.0,0.38,4,0.73,Paso Seco,"Paso Seco clay, 0 to 5 percent slopes",0,0.0,3.0294001960817947,1.211760078432718,0,664147
ctrl_0060,03/15/2023,MAYAGUEZ CO.,18.2383,-67.1612,0,None,0.0,0.0,0.275,0.0,0.0,0.0,0.0,21,4.73,Lares,"Lares clay, 0 to 5 percent slopes, eroded",1,0.0050368006944019,0.20665625559570366,0.08568458265492261,0,664002
ctrl_0061,03/03/2020,SAN SEBASTIAN CO.,18.346,-67.0033,0,None,0.98,0.46,0.0,0.0,0.505,0.0,2.9,74,2.85,Urban land,Urban land,1,1.0422542302888418,2.894627737962157,1.783203633358168,0,664004
ctrl_0062,01/12/2021,VEGA ALTA CO.,18.3943,-66.3506,0,None,0.0,0.0,0.0,0.0,0.0,0.0,1.345,133,11.18,Colinas,"Colinas clay loam, 40 to 60 percent slopes",1,0.0,0.5707814774354978,0.22831259097419912,0,664010
ctrl_0063,06/02/2016,COAMO CO.,18.097,-66.3648,0,None,1.195,29.315,18.77,2.21,0.0,4.08,8.295,165,3.59,Llanos,"Llanos clay, 5 to 12 percent slopes, eroded",0,5.506138370022843,47.669937465226,22.371658008104106,0,664013
ctrl_0064,04/07/2019,SAN SEBASTIAN CO.,18.3439,-67.0004,0,None,0.0,0.5,1.255,0.0,0.49,4.47,0.0,60,0.82,Santoni,Santoni clay,1,0.09065376842366774,3.841506050687957,1.5909946813293836,0,667350
ctrl_0065,11/26/2015,SAN SEBASTIAN CO.,18.3314,-66.9885,0,None,5.025,2.0,0.81,0.0,0.0,0.0,0.65,66,1.57,Toa,"Toa silty clay loam, 0 to 2 percent slopes, occasionally flooded",1,5.310506233973101,7.643294756581363,6.2436216430164055,0,667352
ctrl_0066,03/18/2021,SAN SEBASTIAN CO.,18.3261,-66.9868,0,None,0.0,0.0,0.0,0.0,0.0,0.0,5.155,84,6.02,Humatas,"Humatas clay, 20 to 40 percent slopes",1,0.0,2.1876420194646773,0.8750568077858709,0,667357
ctrl_0067,04/22/2018,SAN SEBASTIAN CO.,18.3285,-66.9853,0,None,0.305,23.085,0.965,1.375,16.43,13.85,7.4,66,6.07,Toa,"Toa silty clay loam, 0 to 2 percent slopes, occasionally flooded",1,3.446889605044833,41.13661039511651,18.522777921073505,0,667364
ctrl_0068,04/27/2024,SAN SEBASTIAN CO.,18.3194,-67.003,0,None,35.01,23.895,10.21,26.895,5.91,10.48,1.06,122,4.12,Humatas,"Humatas clay, 20 to 40 percent slopes",1,38.43083926599283,89.83479993876729,58.99242353510262,0,667376
ctrl_0069,01/25/2022,JUANA DIAZ CO.,18.0967,-66.5448,0,None,0.0,0.0,0.0,0.0,0.0,0.0,0.0,189,14.19,Reilly,Reilly gravelly loam,1,0.0,0.0,0.0,0,665874
ctrl_0070,12/15/2021,JUANA DIAZ CO.,17.9996,-66.5283,0,None,0.0,0.0,0.0,0.0,0.0,0.0,0.0,12,0.58,Urban land,"Urban land-Cortada complex, 0 to 2 percent slopes, occasionally flooded",1,0.0,0.0,0.0,0,665876
ctrl_0071,12/12/2024,YABUCOA CO.,18.0645,-65.8269,0,None,0.0,0.205,0.0,0.0,0.0,0.0,0.0,14,9.8,Teja,"Teja gravelly sandy loam, 12 to 40 percent slopes",0,0.027743733063505603,0.17770996944878723,0.08773022761761826,0,665884
ctrl_0072,09/06/2024,NAGUABO CO.,18.2154,-65.7755,0,None,0.14,0.87,0.13,1.45,3.995,0.71,0.0,33,8.99,Sabana,"Sabana silty clay loam, 40 to 60 percent slopes",0,0.26012272947138854,4.54008593000891,1.9721080096863972,0,666186
ctrl_0073,01/28/2019,VEGA ALTA CO.,18.4191,-66.3104,0,None,0.0,0.0,0.0,3.055,0.0,0.0,0.0,47,7.97,San Sebastian,"San Sebastian gravelly clay, 20 to 60 percent slopes",1,0.0,1.9901463207573749,0.79605852830295,0,666332
ctrl_0074,06/29/2021,HATILLO CO.,18.4779,-66.8058,0,None,1.78,15.03,0.35,9.35,6.705,0.0,0.195,48,0.73,Colinas,"Colinas clay loam, 12 to 20 percent slopes",1,3.8204997806573457,25.032334786705977,12.3052337830768,0,681238
ctrl_0075,03/05/2017,HATILLO CO.,18.4739,-66.7761,0,None,0.0,0.0,0.0,0.0,0.0,0.0,0.4,60,3.35,Colinas,"Colinas clay loam, 12 to 20 percent slopes",1,0.0,0.16974913827078,0.067899655308312,0,681254
ctrl_0076,12/02/2022,SAN SEBASTIAN CO.,18.3301,-66.9178,0,None,0.0,0.75,0.345,0.19,0.355,0.2,0.0,295,9.72,Soller,"Soller clay, 20 to 40 percent slopes",1,0.10782035784407282,1.3315747770786555,0.5973221255379059,0,688401
ctrl_0077,10/19/2015,CAROLINA CO.,18.4312,-66.0084,0,None,4.22,0.0,0.245,3.36,0.89,0.0,0.235,3,0.58,Urban land,Urban land,1,4.224487331527739,7.19527391742878,5.412801965888155,0,695346
ctrl_0078,07/14/2015,CAROLINA CO.,18.4187,-65.999,0,None,0.0,0.715,41.685,0.075,0.82,0.0,0.0,0,0.0,Made land,Made land,1,0.8602521345910623,32.45707544952587,13.498981460564986,0,696260
ctrl_0079,06/08/2022,CAROLINA CO.,18.3943,-65.9658,0,None,0.0,0.0,0.0,0.115,0.005,0.0,0.0,5,0.93,Made land,Made land,1,0.0,0.07773908222611019,0.031095632890444078,0,696261
ctrl_0080,07/29/2017,CAROLINA CO.,18.4276,-66.0133,0,None,0.0,0.07,3.445,6.835,6.995,0.0,0.0,1,0.58,Urban land,Urban land,1,0.07257084579825213,11.052309949295914,4.464466487197317,0,696265
ctrl_0081,09/09/2023,RIO GRANDE CO.,18.348,-65.7664,0,None,1.395,0.0,0.58,0.0,0.0,1.63,3.54,38,6.1,Humatas,"Humatas clay, 20 to 40 percent slopes",0,1.4056230705554658,4.131089608757902,2.4958096858364405,0,696266
ctrl_0082,04/07/2018,RIO GRANDE CO.,18.2913,-65.8145,0,None,0.0,0.475,0.0,1.16,0.0,3.235,0.0,880,14.17,Yunque,"Yunque-Moteado complex, 20 to 60 percent slopes",1,0.06428425953739103,2.7511035777841037,1.139011986836076,0,696270
ctrl_0083,11/30/2015,VEGA ALTA CO.,18.4025,-66.3411,0,None,0.45,34.93,4.605,0.23,5.32,0.99,0.57,69,15.04,San Sebastian,"San Sebastian gravelly clay, 20 to 60 percent slopes",1,5.261604960537503,38.0712681301962,18.385470228400983,0,696285
ctrl_0084,08/11/2024,NAGUABO CO.,18.2124,-65.7714,0,None,1.79,0.395,0.165,0.0,0.0,0.0,0.0,13,1.15,Coloso,"Coloso silty clay loam, 0 to 2 percent slopes, occasionally flooded",0,1.8464795172951032,2.256410523758744,2.0104519198805595,0,696272
ctrl_0085,08/18/2017,FAJARDO CO.,18.3195,-65.656,0,None,0.02,88.05,5.33,0.245,0.84,0.0,0.51,9,0.26,Vega Baja,"Vega Baja silty clay loam, 0 to 3 percent slopes",0,12.033894044260702,81.20436898797163,39.70208402174508,0,696290
ctrl_0086,09/26/2024,COMERIO CO.,18.2376,-66.2065,0,None,11.685,0.0,0.28,2.235,5.765,4.315,7.565,238,15.02,Caguabo,"Caguabo-Rock outcrop complex, 20 to 60 percent slopes",1,11.690128378888845,21.9297327475521,15.785970126354147,0,696500
ctrl_0087,02/25/2016,SAN LORENZO CO.,18.1798,-65.9786,0,None,0.0,0.0,0.0,0.0,0.0,0.295,10.49,130,2.2,Pandura,"Pandura sandy loam, 12 to 20 percent slopes",1,0.0,4.596085940720506,1.8384343762882027,0,698056
ctrl_0088,04/13/2019,MAUNABO CO.,18.016,-65.9293,0,None,0.0,0.0,0.0,0.0,0.0,0.0,0.0,21,1.03,Reilly,Reilly soils,0,0.0,0.0,0.0,0,699780
ctrl_0089,02/19/2018,MAUNABO CO.,18.01,-65.9249,0,None,0.245,0.0,0.0,0.0,0.185,0.0,0.645,19,0.58,Coloso,"Coloso silty clay, 0 to 2 percent slopes, occasionally flooded",0,0.245,0.6231933380330682,0.3962773352132273,0,703582
ctrl_0090,02/08/2020,GUAYNABO CO.,18.4109,-66.1103,0,None,0.0,0.105,0.0,0.0,0.0,0.0,0.0,21,1.32,Urban land,"Urban land-Vega Alta complex, 2 to 12 percent slopes",1,0.014210204739844334,0.09102217947376906,0.04493499463341423,0,708505
ctrl_0091,02/23/2022,SAN JUAN CO.,18.3905,-66.0715,0,None,0.16,0.0,0.0,0.0,0.0,0.54,0.0,24,2.32,Urban land,"Urban land-Vega Alta complex, 2 to 12 percent slopes",1,0.16,0.42435249616075466,0.2657409984643019,0,709391
ctrl_0092,05/16/2024,SAN JUAN CO.,18.3923,-66.0731,0,None,0.0,0.0,0.0,0.535,0.0,0.0,10.295,26,2.31,Urban land,"Urban land-Vega Alta complex, 2 to 12 percent slopes",1,0.0,4.717438342023315,1.886975336809326,0,708510
ctrl_0093,02/10/2019,GUAYNABO CO.,18.4012,-66.1049,0,None,0.0,0.0,0.0,0.0,1.075,0.0,0.0,21,2.66,Urban land,Urban land,1,0.0,0.6070719811583412,0.24282879246333647,0,708507
ctrl_0094,11/04/2016,AGUADA CO.,18.3717,-67.141,0,None,2.78,0.43,8.77,51.625,7.46,3.49,13.075,28,6.07,Rio Piedras,"Rio Piedras clay, 5 to 12 percent slopes, eroded",1,2.998822324845942,54.84372724146135,23.736784291492107,0,710792
ctrl_0095,03/04/2019,RIO GRANDE CO.,18.3516,-65.7938,0,None,0.0,0.0,0.0,0.995,1.68,9.03,1.065,204,11.24,Caguabo,"Caguabo clay loam, 20 to 60 percent slopes",0,0.0,6.469426573661674,2.5877706294646696,0,710795
ctrl_0096,01/02/2019,NAGUABO CO.,18.219,-65.7861,0,None,0.845,0.655,0.66,0.0,1.025,1.375,3.08,15,0.93,Toa,"Toa silty clay loam, 0 to 2 percent slopes, occasionally flooded",0,0.9457329321865459,4.467804259399828,2.3545614630718585,0,715762
ctrl_0097,05/15/2017,NAGUABO CO.,18.2367,-65.7601,0,None,0.0,0.41,0.0,2.125,4.35,4.445,39.56,73,5.75,Urban land,Urban land,0,0.055487466127011206,23.16045421859562,9.297474167114457,0,715627
ctrl_0098,07/15/2022,NAGUABO CO.,18.2195,-65.7911,0,None,1.295,0.875,0.49,0.0,0.235,2.45,1.09,23,3.02,Pandura,"Pandura loam, 12 to 40 percent slopes",0,1.4223930358875156,4.216394262262533,2.5399935264375224,0,715881
ctrl_0099,01/05/2018,NAGUABO CO.,18.2152,-65.7315,0,None,6.25,0.695,1.405,0.0,0.89,2.48,1.05,21,0.26,Toa,"Toa silty clay loam, 0 to 2 percent slopes, occasionally flooded",0,6.369791494488117,10.070559669346101,7.850098764431311,0,715793
ctrl_0100,11/21/2022,NAGUABO CO.,18.2008,-65.7268,0,None,1.95,0.16,0.82,0.355,1.215,0.56,22.18,6,0.73,Toa,"Toa silty clay loam, 0 to 2 percent slopes, occasionally flooded",0,1.98667246920662,13.30903827441136,6.515618791288517,0,715791
ctrl_0101,09/07/2022,GUAYNABO CO.,18.4046,-66.1066,0,None,6.32,2.22,15.65,4.025,14.005,0.41,0.0,15,2.43,Urban land,Urban land,1,6.907084077393971,30.73672015977315,16.438938510345643,0,715882
ctrl_0102,04/15/2022,GUAYNABO CO.,18.3991,-66.1089,0,None,4.935,0.0,0.0,0.0,0.0,0.0,0.0,19,3.28,Urban land,"Urban land-Vega Alta complex, 2 to 12 percent slopes",1,4.935,4.935,4.935,0,715883
ctrl_0103,10/27/2015,LARES CO.,18.3147,-66.8956,0,None,10.465,12.565,22.89,1.86,7.95,7.25,0.38,293,15.12,Soller,"Soller-Limestone rockland complex, 20 to 40 percent slopes",1,12.584732808031164,47.970260478968925,26.738943876406267,0,715891
ctrl_0104,11/07/2021,CEIBA CO.,18.2638,-65.6952,0,None,0.0,0.23,1.295,2.695,34.76,1.575,0.255,94,6.17,Humatas,"Humatas clay, 20 to 40 percent slopes",0,0.054845867505331686,23.437018381960765,9.407714873287507,0,718939
ctrl_0105,02/20/2022,RIO GRANDE CO.,18.4045,-65.8041,0,None,0.0,0.585,2.785,0.0,1.045,0.0,0.37,1,0.77,Tidal swamp,Tidal swamp,1,0.1301801949985431,3.347136222967108,1.4169626061859693,0,718940
ctrl_0106,12/08/2016,RIO GRANDE CO.,18.3609,-65.7709,0,None,0.0,1.17,1.81,10.325,3.32,4.155,2.415,27,8.75,Caguabo,"Caguabo clay loam, 20 to 60 percent slopes",0,0.1914935877754457,14.034299495016864,5.728615950672013,0,718941
ctrl_0107,01/03/2021,LUQUILLO CO.,18.3553,-65.7001,0,None,0.0,0.275,0.0,0.15,0.68,2.935,2.595,8,0.58,Coloso,"Coloso silty clay loam, 0 to 2 percent slopes, occasionally flooded",0,0.037217202890068496,3.258167909357577,1.325597485477072,0,718943
ctrl_0108,03/13/2023,LUQUILLO CO.,18.3717,-65.7634,0,None,0.24,0.0,0.0,0.0,0.0,0.0,0.0,9,1.03,Water,Water,0,0.24,0.24,0.24,0,718944
ctrl_0109,10/06/2017,PATILLAS CO.,18.0026,-66.0131,0,None,16.78,5.04,0.0,0.0,0.0,2.725,34.465,16,0.26,Parcelas,"Parcelas clay, 5 to 12 percent slopes, eroded",0,17.46208982751253,37.109075763289695,25.320884201823397,0,718991
ctrl_0110,11/07/2016,PATILLAS CO.,17.9968,-65.9891,0,None,38.365,26.285,14.79,11.91,1.585,0.575,13.84,53,9.49,Parcelas,"Parcelas clay, 5 to 12 percent slopes, eroded",0,42.19317621903874,87.07375879650841,60.14540925002661,0,719001
ctrl_0111,03/15/2020,NAGUABO CO.,18.2186,-65.7821,0,None,1.02,2.095,1.42,0.55,6.655,1.12,1.95,11,0.82,Toa,"Toa silty clay loam, 0 to 2 percent slopes, occasionally flooded",0,1.3295356256027062,9.395511247521096,4.555925874370063,0,719011
ctrl_0112,04/11/2019,CAROLINA CO.,18.4255,-65.9879,0,None,2.045,0.0,0.0,0.35,0.0,0.49,0.0,6,1.29,Urban land,Urban land,1,2.045,2.5128790833187766,2.2321516333275104,0,720511
ctrl_0113,01/17/2018,SAN LORENZO CO.,18.1893,-65.989,0,None,0.23,0.0,1.61,0.0,0.115,0.26,0.335,225,21.62,Mucara,"Mucara clay, 40 to 60 percent slopes",1,0.25948817861086204,1.7742667606686888,0.8653996114339928,0,720493
ctrl_0114,03/13/2022,MAYAGUEZ CO.,18.2028,-67.1376,0,None,0.29,1.35,0.29,1.71,1.35,0.385,3.395,14,1.65,Leveled land,"Leveled land, frequently flooded",1,0.47801416764716004,5.18376318274583,2.3603137736866278,0,720502
ctrl_0115,09/26/2022,MAYAGUEZ CO.,18.1813,-67.1336,0,None,3.505,1.905,4.915,1.315,0.95,11.495,42.89,43,5.82,Mucara,"Mucara clay, 20 to 40 percent slopes",1,3.8528350797038753,34.0716705987414,15.940369287318886,0,720476
ctrl_0116,04/07/2021,PATILLAS CO.,18.0,-66.0085,0,None,0.65,0.34,0.015,0.0,0.485,0.0,0.0,25,5.31,Patillas,"Patillas clay loam, 20 to 40 percent slopes, eroded",0,0.6962887308837794,1.2298989344849542,0.9097328123242494,0,720485
ctrl_0117,06/25/2017,MAYAGUEZ CO.,18.204,-67.1506,0,None,0.84,0.17,0.0,0.0,9.98,15.575,13.275,6,1.09,Leveled sandy land,Leveled sandy land,1,0.8630069981502241,19.881416974556025,8.470370988712544,0,720492
ctrl_0118,09/12/2022,ARROYO CO.,17.9891,-66.061,0,None,0.0,0.0,0.0,0.0,0.815,0.0,1.585,40,2.06,Cobbly alluvial land,Cobbly alluvial land,0,0.0,1.1328762298342896,0.45315049193371587,0,720433
ctrl_0119,08/28/2018,PATILLAS CO.,18.0139,-66.0265,0,None,0.0,0.0,0.24,0.0,0.5,0.0,0.0,33,1.39,Cobbly alluvial land,Cobbly alluvial land,0,0.004395753333296203,0.46271361134194827,0.18772289653675706,0,720425
ctrl_0120,06/21/2024,PATILLAS CO.,17.9924,-65.9708,0,None,0.0,1.955,0.2,3.2,2.225,0.33,0.0,106,13.38,Caguabo,"Caguabo clay loam, 20 to 60 percent slopes",0,0.2682436065053247,5.3476933058471,2.3000234862420346,0,720474
ctrl_0121,08/21/2023,PATILLAS CO.,18.0023,-66.0382,0,None,7.465,2.355,0.0,0.465,0.0,0.0,0.0,142,17.19,Rock land,Rock land,0,7.783714592022223,9.809416615663618,8.59399540147878,0,720472
ctrl_0122,09/21/2023,MAYAGUEZ CO.,18.1594,-67.1444,0,None,8.09,17.44,11.16,0.84,10.53,5.885,3.24,34,3.94,Malaya,"Malaya clay, 20 to 60 percent slopes",1,10.654649869644798,42.344448481917134,23.33056931455373,0,720414
ctrl_0123,08/25/2015,MAYAGUEZ CO.,18.2018,-67.1413,0,None,4.055,0.28,7.74,4.875,10.185,0.0,0.0,22,0.52,Leveled clayey land,Leveled clayey land,1,4.234656924305053,19.04157953844569,10.157425969961308,0,720480
ctrl_0124,08/03/2017,AGUADA CO.,18.3768,-67.1937,0,None,0.0,3.835,0.0,0.0,11.44,3.385,0.11,12,0.36,Coloso,"Coloso clay, 0 to 2 percent slopes, occasionally flooded",1,0.5190108112124097,11.488631591935462,4.906859123501631,0,720407
ctrl_0125,03/27/2024,MAYAGUEZ CO.,18.1804,-67.1496,0,None,0.0,2.68,0.385,0.0,0.0,1.485,0.0,14,4.32,Toa,"Toa silty clay loam, 0 to 2 percent slopes, occasionally flooded",1,0.36975008004628473,3.3395208936065472,1.5576584054703897,0,720478
ctrl_0126,05/19/2015,CULEBRA CO.,18.3142,-65.2217,0,None,0.995,0.0,0.15,5.475,1.03,0.15,0.0,0,0.0,Water,Water,0,0.9977473458333102,5.329441348545357,2.730424946918129,0,721841
ctrl_0127,01/18/2024,HUMACAO CO.,18.1975,-65.817,0,None,0.0,0.215,0.0,0.06,0.0,0.0,0.535,201,11.83,Sabana,"Sabana silty clay loam, 40 to 60 percent slopes",1,0.02909708589587173,0.45250456433532066,0.1984600772716513,0,721848
ctrl_0128,07/23/2018,CEIBA CO.,18.2851,-65.6371,0,None,0.61,0.085,0.0,0.0,0.46,0.0,0.0,7,1.29,Vega Alta,"Vega Alta silty clay loam, 5 to 12 percent slopes",0,0.621503499075112,0.9434549576023347,0.7502840824860011,0,721940
ctrl_0129,07/09/2019,CANOVANAS CO.,18.401,-65.9279,0,None,0.13,0.0,3.375,0.045,4.835,0.0,0.0,6,1.09,Bajura,"Bajura clay, 0 to 2 percent slopes, frequently flooded",1,0.19181528124947786,5.425962741625504,2.2854742653998885,0,721939
ctrl_0130,01/08/2018,CAROLINA CO.,18.4321,-65.966,0,None,0.0,1.59,0.0,1.615,0.0,0.0,0.0,5,0.73,Tidal swamp,Tidal swamp,1,0.2151831003462142,2.4304099385154436,1.101273835613906,0,721887
ctrl_0131,10/06/2015,GURABO CO.,18.294,-66.0114,0,None,0.59,4.055,1.065,20.9,6.62,0.0,0.0,296,4.26,Caguabo,"Caguabo clay loam, 40 to 60 percent slopes",1,1.1582907289409663,22.259023470702594,9.598583825645619,0,721846
ctrl_0132,05/21/2017,CIALES CO.,18.3676,-66.4666,0,None,5.845,10.59,0.385,2.645,2.19,0.0,0.0,204,15.84,Naranjo,"Naranjo clay, 5 to 20 percent slopes",1,7.285252170447891,18.274344710555045,11.680889186490752,0,721837
ctrl_0133,05/19/2021,CIDRA CO.,18.1658,-66.102,0,None,0.0,0.0,0.0,0.0,0.0,0.0,0.0,451,4.38,Naranjito,"Naranjito silty clay loam, 20 to 40 percent slopes",1,0.0,0.0,0.0,0,721838
ctrl_0134,11/05/2024,BAYAMON CO.,18.416,-66.1973,0,None,26.07,0.92,5.1,3.655,13.415,110.915,30.495,34,0.36,Almirante,"Almirante clay, 2 to 5 percent slopes",1,26.287918218910228,107.89552832314227,58.93096226060305,0,721943
ctrl_0135,01/26/2023,AGUAS BUENAS CO.,18.2662,-66.1853,0,None,0.0,0.0,0.0,0.0,0.0,0.0,0.0,541,3.93,Humatas,"Humatas clay, 40 to 60 percent slopes",1,0.0,0.0,0.0,0,721853
ctrl_0136,07/19/2018,CATANO CO.,18.4498,-66.1588,0,None,3.905,0.0,0.0,8.8,0.265,0.0,0.0,2,0.82,Urban land,Urban land-Durados complex,1,3.905,9.787314008605344,6.257925603442137,0,721944
ctrl_0137,05/27/2017,GUAYNABO CO.,18.4298,-66.1188,0,None,0.19,0.0,0.0,0.0,0.0,0.0,3.29,4,1.15,Urban land,Urban land,1,0.19,1.5861866622771654,0.7484746649108662,0,721845
ctrl_0138,05/15/2022,COROZAL CO.,18.3566,-66.3306,0,None,0.0,0.01,0.23,7.965,0.375,0.0,0.0,172,7.34,Soller,"Soller clay loam, 40 to 60 percent slopes",1,0.005565949776774988,5.581989945392585,2.236135548023099,0,721840
ctrl_0139,08/13/2020,FLORIDA CO.,18.3914,-66.5792,0,None,0.0,12.495,0.02,0.14,0.0,0.11,0.0,174,2.43,Vega Alta,"Vega Alta clay, 5 to 12 percent slopes, eroded",1,1.6913806768192503,10.991719953845637,5.411516387629805,0,721844
ctrl_0140,06/16/2019,BARCELONETA CO.,18.4816,-66.5888,0,None,0.97,10.8,0.0,0.0,0.0,0.0,1.22,13,2.2,Santa Clara,"Santa Clara clay, 2 to 12 percent slopes",1,2.4316210589554172,10.85001618902784,5.798979110984386,0,721948
ctrl_0141,12/09/2024,FAJARDO CO.,18.2891,-65.6395,0,None,0.21,0.305,0.0,0.28,0.29,0.11,0.0,59,10.49,Naranjito,"Naranjito silty clay loam, 20 to 40 percent slopes",0,0.2512772613871669,0.874418533466016,0.5005337702187065,0,721843
ctrl_0142,03/25/2022,ARECIBO CO.,18.4819,-66.7687,0,None,0.0,0.0,0.0,0.0,0.0,0.0,0.0,17,3.3,San German,"San German gravelly clay loam, 5 to 20 percent slopes",1,0.0,0.0,0.0,0,721954
ctrl_0143,03/01/2020,ADJUNTAS CO.,18.2493,-66.7947,0,None,0.0,0.0,0.0,0.0,0.0,0.0,1.27,479,8.74,Lirios,"Lirios clay loam, 40 to 60 percent slopes",1,0.0,0.5389535140097265,0.2155814056038906,0,721850
ctrl_0144,08/15/2016,JAYUYA CO.,18.2777,-66.5758,0,None,0.0,3.995,8.145,4.045,9.74,25.585,0.275,478,5.41,Humatas,"Humatas clay, 40 to 60 percent slopes",1,0.6898453352790076,30.36101114999468,12.558311661165277,0,721849
ctrl_0145,12/27/2017,HATILLO CO.,18.4803,-66.8243,0,None,0.215,0.0,0.0,0.0,0.97,0.26,0.215,8,2.38,Colinas,"Colinas clay loam, 20 to 40 percent slopes",1,0.215,0.9812975716528786,0.5215190286611515,0,721847
ctrl_0146,08/01/2016,CAMUY CO.,18.479,-66.9067,0,None,9.19,38.66,2.75,22.295,0.0,16.145,39.645,70,5.67,San German,"San German gravelly clay loam, 12 to 20 percent slopes",1,14.472430056871465,84.02180750836362,42.29218103746833,0,721955
ctrl_0147,10/14/2017,COMERIO CO.,18.2617,-66.2115,0,None,0.0,0.0,0.145,23.265,16.36,25.23,15.745,289,24.78,Caguabo,"Caguabo clay loam, 40 to 60 percent slopes",1,0.0026557676388664557,43.53636888280837,17.416141013706667,0,721839
ctrl_0148,05/17/2023,BARRANQUITAS CO.,18.2403,-66.3526,0,None,20.6,0.0,5.06,4.215,3.355,0.955,0.0,639,25.26,Maricao,"Maricao clay, 20 to 60 percent slopes",1,20.692677132776996,29.51043231466727,24.219779205533108,0,721956
ctrl_0149,04/25/2021,DORAD CO.,18.4728,-66.3125,0,None,0.0,0.0,0.0,0.0,0.0,0.0,0.0,6,1.32,Urban land,Urban land-Durados complex,1,0.0,0.0,0.0,0,721842
ctrl_0150,01/23/2021,CAGUAS CO.,18.3041,-66.0662,0,None,0.0,0.32,0.0,11.155,0.475,0.0,0.0,86,1.65,Humatas,"Humatas clay, 20 to 40 percent slopes",1,0.04330729063571607,7.8124447226326685,3.150962263434497,0,721942
ctrl_0151,12/19/2017,PONCE CO.,18.1531,-66.6623,0,None,0.0,0.0,0.0,0.0,0.0,0.0,0.0,821,11.62,Los Guineos,"Los Guineos clay, 20 to 40 percent slopes",1,0.0,0.0,0.0,0,721503
ctrl_0152,05/25/2023,FAJARDO CO.,18.3599,-65.6649,0,None,1.225,2.43,50.4,40.735,1.615,2.485,2.325,8,1.39,Catano,"Catano loamy sand, 0 to 2 percent slopes",0,2.4769729382571715,70.85753653315537,29.829198376216453,0,721924
ctrl_0153,07/29/2021,GUAYAMA CO.,18.0976,-66.0903,0,None,0.0,0.0,0.0,18.675,2.925,4.6,0.0,685,11.18,Los Guineos,"Los Guineos clay, 40 to 60 percent slopes",0,0.0,16.069316540227145,6.427726616090858,0,721926
ctrl_0154,10/28/2019,CIALES CO.,18.3292,-66.582,0,None,2.7,0.265,0.0,6.365,7.67,30.69,12.38,343,14.21,Rock outcrop,"Rock outcrop-Tanama complex, 12 to 60 percent slopes",1,2.7358638500577026,31.68528960170201,14.315634150715427,0,721905
ctrl_0155,07/25/2021,GURABO CO.,18.3008,-66.0158,0,None,13.375,23.325,1.09,0.0,0.0,0.0,0.0,168,16.24,Mucara,"Mucara clay, 40 to 60 percent slopes",1,16.55165952788271,34.414037261125046,23.696610621179644,0,721929
ctrl_0156,07/01/2019,HUMACAO CO.,18.1707,-65.7484,0,None,0.0,0.0,0.0,1.29,5.525,0.0,4.11,7,1.5,Aguadilla,Aguadilla loamy sand,0,0.0,5.704596404040197,2.281838561616079,0,721935
ctrl_0157,01/29/2019,ARROYO CO.,18.022,-66.0948,0,None,0.0,0.0,0.0,0.0,2.03,0.0,0.0,730,15.98,Caguabo,"Caguabo clay loam, 20 to 60 percent slopes",0,0.0,1.1463777876757513,0.45855111507030055,0,722507
ctrl_0158,06/24/2017,COMERIO CO.,18.2753,-66.2127,0,None,0.0,0.0,0.0,0.275,1.755,20.745,0.0,117,6.95,Caguabo,"Caguabo clay loam, 40 to 60 percent slopes",1,0.0,11.32576777245365,4.53030710898146,0,721364
ctrl_0159,07/27/2016,AGUAS BUENAS CO.,18.2757,-66.1775,0,None,0.0,8.185,0.0,2.195,0.0,0.0,1.545,490,6.92,Humatas,"Humatas clay, 20 to 40 percent slopes",1,1.107719293291675,9.180960387306792,4.337015730897722,0,722607
ctrl_0160,09/25/2020,CIDRA CO.,18.2079,-66.1665,0,None,2.595,6.86,14.51,0.0,0.0,0.0,4.295,468,3.92,Humatas,"Humatas clay, 20 to 40 percent slopes",1,3.789159963278696,21.268399286991148,10.780855692763677,0,721906
ctrl_0161,07/21/2020,GUAYNABO CO.,18.4324,-66.1144,0,None,0.99,0.0,0.0,0.0,0.93,0.0,0.0,3,0.93,Urban land,Urban land,1,0.99,1.515187853467216,1.2000751413868864,0,721928
ctrl_0162,01/15/2016,CATANO CO.,18.4407,-66.1121,0,None,0.0,0.0,0.0,0.0,0.2,0.0,0.0,1,1.15,Water,Water,1,0.0,0.11294362440155187,0.04517744976062075,0,722613
ctrl_0163,06/30/2023,CEIBA CO.,18.2822,-65.633,0,None,2.86,85.51,4.15,2.3,0.065,0.165,0.085,0,2.32,Water,Water,0,14.508529970950999,81.75722254986185,41.40800700251534,0,722509
ctrl_0164,07/19/2015,TOA BAJA CO.,18.449,-66.1638,0,None,0.0,0.0,0.0,0.0,0.0,0.0,0.265,1,1.32,Durados,Durados sandy loam,1,0.0,0.11245880410439175,0.0449835216417567,0,749456
ctrl_0165,09/04/2024,UTUADO CO.,18.27,-66.7,0,None,2.035,0.13,3.255,3.065,7.04,4.345,0.62,174,6.94,Lirios,"Lirios clay loam, 40 to 60 percent slopes",1,2.1122109914035896,12.95619868128956,6.4498060673579785,0,749737
ctrl_0166,04/01/2016,VEGA ALTA CO.,18.42,-66.33,0,None,0.08,0.95,0.0,0.0,0.0,0.63,0.17,53,3.87,San Sebastian,"San Sebastian gravelly clay, 20 to 60 percent slopes",1,0.20856851907478208,1.2840886340486344,0.638776565064323,0,749457
ctrl_0167,09/25/2016,COAMO CO.,18.0506,-66.4165,0,None,0.0,0.12,0.775,0.59,9.11,6.355,0.765,111,2.38,Llanos,"Llanos clay, 5 to 12 percent slopes, eroded",1,0.030434854127162514,9.651033858964682,3.8786744560621704,0,721914
ctrl_0168,01/21/2022,COROZAL CO.,18.3468,-66.3396,0,None,0.0,0.0,0.0,0.0,0.0,0.475,12.11,120,6.1,Lares,"Lares clay, 5 to 12 percent slopes, eroded",1,0.0,5.371687449437418,2.148674979774967,0,721915
ctrl_0169,10/24/2016,CANOVANAS CO.,18.414,-65.9005,0,None,8.41,0.65,2.125,0.3,1.28,35.855,25.245,2,1.65,Toa,"Toa silty clay loam, 0 to 2 percent slopes, occasionally flooded",1,8.536888666742358,39.754439488581,21.023908995477814,0,722508
ctrl_0170,11/26/2023,HATILLO CO.,18.479,-66.8271,0,None,0.0,0.0,0.0,0.0,0.0,0.0,40.55,11,0.93,Guerrero,"Guerrero sand, 2 to 12 percent slopes",1,0.0,17.20831889220032,6.883327556880129,0,721933
ctrl_0171,08/26/2022,DORAD CO.,18.4712,-66.3121,0,None,3.67,2.98,0.0,5.09,15.875,0.0,1.125,15,1.81,Urban land,Urban land-Durados complex,1,4.073299144045106,19.01144058234836,10.048555719366409,0,721923
ctrl_0172,10/03/2019,CAYEY CO.,18.1433,-66.217,0,None,0.0,7.285,0.015,4.49,13.57,6.975,0.0,282,1.73,Water,Water,1,0.9861922729620546,20.329217018445686,8.723402171155508,0,722636
ctrl_0173,09/15/2021,ISABELA CO.,18.5096,-67.088,0,None,7.61,7.8,23.905,24.095,0.15,0.0,0.0,41,13.6,Limestone outcrop,Limestone outcrop,1,9.10345055688077,48.11684411852808,24.708807981539696,0,721936
ctrl_0174,09/25/2015,JAYUYA CO.,18.2796,-66.5737,0,None,6.065,0.33,12.755,11.0,32.93,14.045,0.38,511,13.49,Humatas,"Humatas clay, 40 to 60 percent slopes",1,6.343276617493887,48.735034260484596,23.29997967469017,0,721937
ctrl_0175,05/03/2019,GUAYANILLA CO.,18.127,-66.7921,0,None,0.715,0.0,0.0,0.0,2.42,0.0,8.455,715,16.33,Mucara,"Mucara silty clay, 40 to 60 percent slopes, eroded",1,0.715,5.6696902654573895,2.696876106182956,0,721927
ctrl_0176,04/20/2019,GUANICA CO.,17.9533,-66.8662,0,None,0.0,0.0,0.0,0.0,0.0,0.0,0.0,8,0.82,Manglillo,"Manglillo, Boqueron and Serrano soils, very frequently flooded",1,0.0,0.0,0.0,0,721931
ctrl_0177,09/13/2021,BAYAMON CO.,18.4165,-66.1964,0,None,12.775,8.68,17.865,1.665,1.12,0.07,1.51,32,1.15,Almirante,"Almirante clay, 2 to 5 percent slopes",1,14.276919147241035,36.116843251200635,23.012888788824874,0,722612
ctrl_0178,04/08/2020,CAGUAS CO.,18.3034,-66.0659,0,None,0.275,0.0,1.46,0.275,0.0,0.0,0.0,82,0.52,Humatas,"Humatas clay, 20 to 40 percent slopes",1,0.3017408327775519,1.5513025887109575,0.8015655351509142,0,722510
ctrl_0179,12/14/2020,CAROLINA CO.,18.4585,-65.9779,0,None,0.0,0.9,1.17,0.0,0.335,0.0,0.0,8,1.88,Rock land,Rock land,1,0.14323105241277043,1.8485991135458473,0.8253782768660012,0,722611
ctrl_0180,11/02/2017,AIBONITO CO.,18.1811,-66.241,0,None,0.0,0.0,0.0,12.085,0.68,0.97,6.6,267,11.35,Mucara,"Mucara clay, 20 to 40 percent slopes",1,0.0,11.532365524466197,4.612946209786479,0,722635
ctrl_0181,03/23/2021,ADJUNTAS CO.,18.2509,-66.7914,0,None,0.93,0.0,1.35,0.0,0.0,0.0,0.0,498,21.24,Lirios,"Lirios clay loam, 40 to 60 percent slopes",1,0.9547261124997912,1.9444943456516364,1.3506334057605294,0,722617
ctrl_0182,09/02/2024,ARECIBO CO.,18.481,-66.7708,0,None,15.34,0.0,0.355,2.485,0.86,1.125,3.9,24,2.66,Jobos,"Jobos sandy loam, 2 to 12 percent slopes",1,15.346502051805501,19.91704654707475,17.174719849913203,0,722620
ctrl_0183,02/24/2015,CAMUY CO.,18.4862,-66.8329,0,None,0.0,0.0,0.535,0.52,1.805,2.995,0.0,7,1.29,Catano,"Catano sand, 0 to 2 percent slopes",1,0.009798866805472786,3.226282142308507,1.2963921770066866,0,722633
ctrl_0184,08/25/2022,HORMIGUEROS CO.,18.1505,-67.1436,0,None,5.455,0.0,2.1,4.27,15.23,6.11,4.945,11,1.09,Urban land,Urban land,1,5.493462841666342,23.505027351059383,12.698088645423558,0,721934
ctrl_0185,02/07/2023,BARCELONETA CO.,18.479,-66.5298,0,None,0.61,0.0,0.0,0.0,0.0,0.0,0.0,46,0.73,Caracoles,"Caracoles loam, 20 to 40 percent slopes",1,0.61,0.61,0.61,0,722614
ctrl_0186,04/21/2016,BARRANQUITAS CO.,18.2425,-66.3519,0,None,0.0,0.0,0.445,16.165,0.0,0.0,0.0,743,18.16,Mucara,"Mucara clay, 40 to 60 percent slopes",1,0.00815045930548671,10.864919760408014,4.350858179746497,0,722615
ctrl_0187,08/31/2022,AGUADILLA CO.,18.5133,-67.1012,0,None,0.525,4.04,2.175,2.525,0.0,0.175,0.89,9,1.06,Limestone outcrop,Limestone outcrop,1,1.1115910588589122,7.769895070770347,3.7749126636234864,0,722625
ctrl_0188,12/10/2024,ANASCO CO.,18.3044,-67.2271,0,None,0.415,0.375,1.175,0.28,0.15,0.07,0.57,75,18.36,Caguabo,"Caguabo clay loam, 20 to 60 percent slopes",1,0.48727160690799237,2.166336124384487,1.1588974138985901,0,722629
ctrl_0189,01/15/2021,CABO ROJO CO.,18.1674,-67.1783,0,None,0.0,1.965,0.0,0.0,0.0,0.15,0.3,7,2.08,Tidal swamp,Tidal swamp,1,0.265933831559944,1.9041581756457349,0.9212235691942603,0,722630
ctrl_0190,06/10/2023,AGUADA CO.,18.4152,-67.1596,0,None,0.175,1.74,0.0,0.0,0.0,0.16,0.225,8,2.43,Catano,"Catano sand, 0 to 2 percent slopes",1,0.4104833928317061,1.8571781013717423,0.9891612762477207,0,722622
ctrl_0191,01/04/2018,FLORIDA CO.,18.4051,-66.5679,0,None,0.0,0.0,0.0,0.0,1.1,0.0,0.0,145,2.88,Rock outcrop,"Rock outcrop-Tanama complex, 12 to 60 percent slopes",1,0.0,0.6211899342085353,0.24847597368341412,0,721925
ctrl_0192,08/22/2023,UTUADO CO.,18.2641,-66.6969,0,None,13.405,2.805,3.06,0.0,0.0,2.195,4.245,158,4.92,Pellejas,"Pellejas clay loam, 40 to 60 percent slopes",1,13.840661324478225,21.012119698235797,16.709244673981253,0,725405
ctrl_0193,03/17/2022,VEGA ALTA CO.,18.4304,-66.3401,0,None,0.0,0.0,0.0,0.0,0.0,0.0,0.0,42,13.6,Rock outcrop,"Rock outcrop-Tanama complex, 12 to 60 percent slopes",1,0.0,0.0,0.0,0,725750
ctrl_0194,11/01/2018,MANATI CO.,18.437,-66.5323,0,None,6.265,1.225,0.0,0.0,0.0,0.0,0.0,8,1.06,Toa,"Toa silty clay loam, 0 to 2 percent slopes, occasionally flooded",1,6.43078572196485,7.326925427193972,6.789241604056499,0,725751
ctrl_0195,04/08/2016,SAN JUAN CO.,18.4505,-66.0763,0,None,0.0,0.26,0.0,0.0,0.0,0.0,0.0,10,1.03,Urban land,Urban land,1,0.035187173641519305,0.22538825393504722,0.11126760575893048,0,725752
ctrl_0196,04/24/2018,CAGUAS CO.,18.1871,-66.0621,0,None,0.365,9.335,0.0,4.455,0.58,3.505,4.21,147,10.71,Naranjito,"Naranjito silty clay loam, 40 to 60 percent slopes",1,1.6283548690137797,15.189455903280379,7.05279528272042,0,725753
ctrl_0197,11/23/2019,LUQUILLO CO.,18.3283,-65.6898,0,None,0.0,13.29,5.295,0.0,2.72,1.32,1.48,121,18.03,Caguabo,"Caguabo clay loam, 20 to 60 percent slopes",0,1.8955872221304302,18.31017964859172,8.461424192714947,0,725469
ctrl_0198,10/16/2016,GUAYAMA CO.,17.9861,-66.1343,0,None,2.79,0.51,1.0,0.0,11.61,28.075,1.015,123,12.88,Descalabrado,"Descalabrado and Guayama soils, 20 to 60 percent slopes, eroded",0,2.877336633339407,24.714582948881528,11.612235159556256,0,725531
ctrl_0199,02/09/2020,CIDRA CO.,18.1658,-66.1647,0,None,0.0,0.0,0.0,0.0,0.0,0.0,0.0,452,5.4,Caguabo,"Caguabo clay loam, 40 to 60 percent slopes",1,0.0,0.0,0.0,0,725534
ctrl_0200,01/21/2015,BAYAMON CO.,18.3988,-66.1382,0,None,0.0,0.0,0.0,2.065,3.33,0.0,0.0,14,1.32,Urban land,"Urban land-Vega Alta complex, 2 to 12 percent slopes",1,0.0,3.225733000087468,1.2902932000349874,0,728493
ctrl_0201,02/12/2023,CATANO CO.,18.431,-66.1479,0,None,0.0,0.0,0.0,0.0,0.0,0.0,0.0,6,0.26,Urban land,Urban land-Sabana Seca complex,1,0.0,0.0,0.0,0,728497
ctrl_0202,11/03/2024,MOROVIS CO.,18.2949,-66.4154,0,None,0.865,6.375,11.865,33.67,39.255,15.605,3.17,222,18.91,Mucara,"Mucara clay, 40 to 60 percent slopes",1,1.9450774860482372,68.3941471579131,28.524705354794182,0,728499
ctrl_0203,02/02/2023,GUAYNABO CO.,18.4087,-66.1029,0,None,0.0,0.505,0.0,0.0,0.495,0.0,0.31,14,0.82,Urban land,Urban land,1,0.06834431803448941,0.848864391927537,0.3805523475917085,0,728599
ctrl_0204,12/21/2017,SAN JUAN CO.,18.3518,-66.0809,0,None,0.0,0.0,0.0,0.79,0.0,0.0,0.0,122,2.32,Naranjito,"Naranjito silty clay loam, 12 to 20 percent slopes, eroded",1,0.0,0.514636855449534,0.2058547421798136,0,762070
ctrl_0205,08/19/2020,PATILLAS CO.,18.0428,-66.0394,0,None,0.0,0.0,0.0,0.11,0.0,0.37,0.0,131,19.95,Pandura,"Pandura loam, 40 to 60 percent slopes",0,0.0,0.2527887103644888,0.10111548414579552,0,766156
ctrl_0206,07/25/2023,FAJARDO CO.,18.3328,-65.666,0,None,4.27,0.0,0.0,0.055,0.0,0.0,0.0,47,4.51,Fajardo,"Fajardo clay, 2 to 10 percent slopes, eroded",0,4.27,4.305829148164207,4.284331659265683,0,774259
ctrl_0207,01/08/2017,FAJARDO CO.,18.3225,-65.652,0,None,0.0,0.38,0.0,0.67,2.655,0.0,1.815,6,0.58,Toa,"Toa silty clay loam, 0 to 2 percent slopes, occasionally flooded",0,0.051427407629912825,3.0354410992851415,1.2450328842920044,0,774272
ctrl_0208,09/17/2020,SAN LORENZO CO.,18.1926,-65.9597,0,None,0.535,0.0,0.0,1.96,0.19,0.0,0.0,90,4.23,Cayagua,Cayagua sandy loam,1,0.535,1.9191169959423433,1.0886467983769375,0,776359
ctrl_0209,03/18/2016,LAS PIEDRAS CO.,18.16,-65.8992,0,None,0.0,0.0,0.0,0.0,1.47,0.34,0.105,158,1.32,Pandura,"Pandura loam, 40 to 60 percent slopes",1,0.0,1.04113895239685,0.41645558095874,0,776362
ctrl_0210,10/12/2024,LAS PIEDRAS CO.,18.175,-65.8785,0,None,0.0,0.0,1.725,0.375,0.685,0.215,0.0,116,0.93,Candelero,"Candelero loam, 2 to 5 percent slopes",1,0.03159447708306646,2.032671347509074,0.8320252252534696,0,776677
ctrl_0211,01/12/2022,HUMACAO CO.,18.1151,-65.8608,0,None,0.0,0.0,0.0,0.0,0.335,7.78,0.0,239,10.21,Pandura,"Pandura loam, 40 to 60 percent slopes",1,0.0,3.9978146822256946,1.599125872890278,0,776678
ctrl_0212,05/14/2018,GUAYNABO CO.,18.3721,-66.0762,0,None,0.425,1.175,0.64,0.0,0.0,0.0,0.385,62,3.1,Urban land,"Urban land-Vega Alta complex, 2 to 12 percent slopes",1,0.5957409666918098,2.087910545360272,1.1926087981591946,0,783757
ctrl_0213,06/16/2024,SAN JUAN CO.,18.3989,-66.08,0,None,4.28,0.0,0.02,0.0,0.0,0.0,0.0,10,0.0,Urban land,Urban land,1,4.280366312777775,4.295029545861506,4.286231606011267,0,784420
ctrl_0214,03/09/2022,GUAYNABO CO.,18.3941,-66.0696,0,None,0.385,0.0,0.525,1.865,0.43,0.79,1.88,11,0.36,Urban land,Urban land,1,0.39461571041658544,3.4218470745459393,1.6055082560683271,0,784409
ctrl_0215,09/17/2020,GUAYNABO CO.,18.3962,-66.0694,0,None,0.0,0.0,1.405,0.0,0.0,2.235,0.0,12,1.03,Urban land,Urban land,1,0.025733472638671522,2.149951205880567,0.8754205659354297,0,783761
ctrl_0216,11/06/2021,GUAYNABO CO.,18.3803,-66.0665,0,None,0.0,0.0,2.17,28.815,1.455,0.0,0.0,35,3.1,Urban land,"Urban land-Vega Alta complex, 2 to 12 percent slopes",1,0.03974493638855316,21.223587036252027,8.513281776333942,0,783758
ctrl_0217,04/01/2017,GUAYNABO CO.,18.4012,-66.1064,0,None,0.0,0.0,0.0,0.0,5.805,0.0,0.0,17,2.43,Urban land,Urban land,1,0.0,3.2781886982550423,1.311275479302017,0,783676
ctrl_0218,09/25/2016,SAN JUAN CO.,18.3964,-66.0477,0,None,0.0,0.0,0.0,15.365,15.3,6.96,3.38,35,2.58,Urban land,Urban land,1,0.0,23.491138554587874,9.39645542183515,0,783675
ctrl_0219,03/19/2019,UTUADO CO.,18.24,-66.71,0,None,0.0,0.0,0.0,0.0,0.0,2.515,0.83,224,4.92,Lirios,"Lirios clay loam, 40 to 60 percent slopes",1,0.0,1.5834267356976055,0.6333706942790422,0,788504
ctrl_0220,07/28/2023,UTUADO CO.,18.2672,-66.7104,0,None,2.595,3.7,2.16,4.95,0.77,0.48,0.0,134,1.32,Urban land,Urban land,1,3.135302327975133,11.320075467430328,6.409211583757211,0,789304
ctrl_0221,10/30/2016,UTUADO CO.,18.2662,-66.7004,0,None,17.67,38.225,2.065,1.42,4.93,13.99,17.125,142,1.65,Urban land,Urban land,1,22.88101299602476,70.18338493076305,41.801961769920084,0,788532
ctrl_0222,01/25/2021,UTUADO CO.,18.2651,-66.695,0,None,0.0,0.0,0.0,0.0,0.0,11.985,2.025,149,2.69,Urban land,Urban land,1,0.0,6.7265118022859065,2.690604720914363,0,788533
ctrl_0223,10/02/2023,NAGUABO CO.,18.216,-65.7776,0,None,0.26,11.295,2.92,1.54,0.185,11.895,0.0,10,0.52,Rio Arriba,"Rio Arriba clay, 2 to 5 percent slopes",0,1.8420936897126443,19.176486615057353,8.775850859850529,0,792026
ctrl_0224,12/19/2020,CAGUAS CO.,18.1817,-66.0531,0,None,1.12,0.0,0.0,0.0,0.0,0.0,0.0,114,2.38,Rio Arriba,"Rio Arriba clay, 5 to 12 percent slopes, eroded",1,1.12,1.12,1.12,0,794102
ctrl_0225,01/10/2015,NAGUABO CO.,18.2124,-65.7782,0,None,1.5,2.845,0.275,0.32,0.26,0.26,0.55,9,1.06,Toa,"Toa silty clay loam, 0 to 2 percent slopes, occasionally flooded",0,1.8900656815025652,4.888896987124056,3.0895982037511613,0,821318
ctrl_0226,09/26/2021,NAGUABO CO.,18.2133,-65.7435,0,None,0.145,0.0,0.0,0.29,16.255,8.73,7.69,19,2.74,Mabi,"Mabi clay, 0 to 5 percent slopes, rarely flooded",0,0.145,17.05053627110808,6.907214508443232,0,821321
ctrl_0227,08/27/2018,SAN SEBASTIAN CO.,18.3534,-67.0321,0,None,15.475,16.21,2.58,17.75,18.515,11.515,13.42,62,3.83,Plata,"Plata clay, 20 to 40 percent slopes, eroded",1,17.716039289598427,64.81685727001758,36.55636648176609,0,831455
ctrl_0228,07/01/2020,SAN SEBASTIAN CO.,18.355,-67.035,0,None,15.395,7.81,12.025,0.0,0.0,4.1,1.855,63,0.26,Plata,"Plata clay, 20 to 40 percent slopes, eroded",1,16.672214119714972,33.99616327919348,23.601793783506377,0,829409
ctrl_0229,03/28/2015,SAN SEBASTIAN CO.,18.3638,-66.9854,0,None,0.0,0.065,0.305,0.0,0.35,0.32,0.0,175,7.48,Colinas,"Colinas cobbly clay loam, 20 to 40 percent slopes",1,0.014383063271443751,0.6398523116326646,0.26457076261593215,0,831463
ctrl_0230,04/10/2016,SAN SEBASTIAN CO.,18.3476,-66.9997,0,None,1.075,0.0,0.275,6.395,0.0,0.0,0.0,70,2.38,Santoni,Santoni clay,1,1.0800368006944019,5.447609028506804,2.827065691819363,0,831457
ctrl_0231,02/02/2019,MOCA CO.,18.3804,-67.0909,0,None,0.0,0.32,0.815,0.335,0.0,0.365,0.0,80,3.35,Rio Piedras,"Rio Piedras clay, 12 to 20 percent slopes, eroded",1,0.05823453633003442,1.2867697117876076,0.5496486065130637,0,829410
ctrl_0232,11/15/2024,AGUADA CO.,18.3619,-67.1791,0,None,0.96,1.385,0.455,19.795,9.365,29.105,25.01,41,3.23,Malaya,"Malaya clay, 20 to 60 percent slopes",1,1.1557729829770826,45.54804428771881,18.912681504873774,0,845340
ctrl_0233,05/06/2024,AGUADA CO.,18.3842,-67.2007,0,None,6.19,1.18,5.505,5.775,2.615,3.485,7.175,36,1.57,Colinas,"Colinas clay loam, 20 to 40 percent slopes",1,6.4505232263016845,21.339524717664897,12.406123822846968,0,845347
ctrl_0234,01/25/2024,NAGUABO CO.,18.2183,-65.7631,0,None,0.09,2.165,0.0,0.0,0.505,0.06,0.7,15,0.82,Mabi,"Mabi clay, 0 to 5 percent slopes, rarely flooded",0,0.3830008882072665,2.5784067961203436,1.2611632513724975,0,845571
ctrl_0235,06/20/2018,RIO GRANDE CO.,18.3499,-65.765,0,None,22.805,7.005,0.0,0.435,0.285,0.45,0.0,38,2.13,Caguabo,"Caguabo clay loam, 20 to 60 percent slopes",0,23.753023659072472,29.542094089348872,26.068651831183033,0,844871
ctrl_0236,09/14/2017,NAGUABO CO.,18.215,-65.7777,0,None,7.885,0.09,0.0,4.71,0.495,0.0,10.755,11,0.58,Toa,"Toa silty clay loam, 0 to 2 percent slopes, occasionally flooded",0,7.897180175491295,15.874962397598225,11.088293064334067,0,845166
ctrl_0237,09/02/2015,NAGUABO CO.,18.2142,-65.7843,0,None,30.83,10.91,0.3,12.34,4.495,24.805,10.85,19,1.63,Rio Arriba,"Rio Arriba clay, 5 to 12 percent slopes, eroded",0,32.312002631778064,67.83777324346029,46.52231087645096,0,845552
ctrl_0238,09/20/2017,VIEQUES CO.,18.1409,-65.4541,0,None,173.79,22.395,0.47,0.25,1.28,7.08,9.475,22,2.01,Urban land,Urban land,0,176.82944201836165,201.9295115156557,186.86946981727925,0,845554
ctrl_0239,11/12/2024,VIEQUES CO.,18.1007,-65.4874,0,None,3.44,66.64,65.615,10.755,13.195,16.295,14.62,34,3.66,Vieques,"Vieques loam, 12 to 40 percent slopes, eroded",0,13.660523920572164,139.15602085440344,63.85872269410468,0,845555
ctrl_0240,05/19/2021,FAJARDO CO.,18.3323,-65.6607,0,None,0.0,0.0,0.0,1.07,2.02,1.0,0.39,21,1.5,Urban land,Urban land,0,0.0,2.4928174673848664,0.9971269869539466,0,851063
ctrl_0241,11/26/2015,FAJARDO CO.,18.3334,-65.6569,0,None,2.35,2.095,1.655,3.36,0.2,0.725,1.945,14,0.93,Urban land,Urban land,0,2.6638398007415587,8.891905865742586,5.15506622674197,0,851066
ctrl_0242,12/24/2015,LAS PIEDRAS CO.,18.2189,-65.8286,0,None,0.75,0.615,0.17,0.4,0.315,0.46,0.0,100,1.46,Mabi,"Mabi clay, 0 to 5 percent slopes, rarely flooded",1,0.8363448578016016,2.074532043010225,1.3316197318850511,0,851067
ctrl_0243,03/24/2023,HUMACAO CO.,18.1514,-65.8246,0,None,0.0,0.0,0.615,0.0,0.0,0.105,0.0,25,0.93,Urban land,Urban land,1,0.011264117916571519,0.5135604094947809,0.21218263454785527,0,851068
ctrl_0244,06/20/2020,LUQUILLO CO.,18.3796,-65.7517,0,None,0.0,0.0,0.0,0.0,0.0,0.0,0.0,3,0.82,Fortuna,Fortuna clay,0,0.0,0.0,0.0,0,851069
ctrl_0245,03/03/2024,LUQUILLO CO.,18.3496,-65.7106,0,None,1.065,0.0,0.0,0.105,18.405,8.1,15.155,22,0.26,Aceitunas,"Aceitunas silty clay loam, 5 to 12 percent slopes",0,1.065,21.92369605523907,9.408478422095628,0,851070
ctrl_0246,10/18/2015,NAGUABO CO.,18.2205,-65.782,0,None,1.55,3.2,13.07,0.46,0.0,0.88,0.32,13,0.26,Toa,"Toa silty clay loam, 0 to 2 percent slopes, occasionally flooded",0,2.2224583066329164,15.012075437185597,7.33830515885399,0,851071
ctrl_0247,07/20/2023,HUMACAO CO.,18.1556,-65.8273,0,None,0.0,0.0,0.35,10.26,0.14,0.115,0.0,30,0.36,Fortuna,Fortuna clay,1,0.006410473611056962,7.0821396107751164,2.8367021284766807,0,853173
ctrl_0248,12/28/2020,PATILLAS CO.,18.0416,-66.0342,0,None,0.0,0.0,0.0,2.56,1.875,0.0,0.215,104,10.33,Pandura,"Pandura loam, 40 to 60 percent slopes",0,0.0,2.817770627864595,1.127108251145838,0,853175
ctrl_0249,08/10/2023,YABUCOA CO.,18.0575,-65.9003,0,None,3.165,4.72,4.555,0.145,5.935,0.0,2.305,24,0.52,Coloso,"Coloso silty clay, 0 to 2 percent slopes, occasionally flooded",0,3.887210272014996,15.103882883522209,8.37387931661788,0,853178
ctrl_0250,06/06/2016,YABUCOA CO.,18.0664,-65.8776,0,None,0.0,4.4,0.0,0.725,19.925,9.815,26.375,16,0.82,Reilly,Reilly soils,0,0.5954752462410959,31.536249849896468,12.971785087703246,0,853180
ctrl_0251,06/16/2016,PATILLAS CO.,18.0373,-66.005,0,None,0.0,0.0,0.0,0.0,0.0,0.0,0.0,116,13.46,Pandura,"Pandura loam, 40 to 60 percent slopes",0,0.0,0.0,0.0,0,853182
ctrl_0252,06/02/2022,MAUNABO CO.,18.0123,-65.9272,0,None,0.0,0.54,0.0,0.0,0.105,0.0,0.0,20,0.58,Coloso,"Coloso silty clay, 0 to 2 percent slopes, occasionally flooded",0,0.07308105294777087,0.5274094686759128,0.25481241923902764,0,853183
ctrl_0253,05/07/2020,BAYAMON CO.,18.3982,-66.1505,0,None,3.105,0.0,0.0,0.775,0.0,0.0,0.0,12,1.06,Urban land,"Urban land-Vega Alta complex, 2 to 12 percent slopes",1,3.105,3.6098652695865683,3.3069461078346274,0,857068
ctrl_0254,03/08/2021,GUAYNABO CO.,18.4105,-66.1076,0,None,0.0,0.0,0.0,0.0,0.0,0.0,0.0,14,1.57,Urban land,Urban land,1,0.0,0.0,0.0,0,857069
ctrl_0255,11/14/2016,JAYUYA CO.,18.2173,-66.5865,0,None,6.665,3.645,7.17,2.315,2.045,1.04,17.0,448,4.64,Pellejas,"Pellejas clay loam, 40 to 60 percent slopes",1,7.289620238229678,25.599253816076857,14.613473669368549,0,856275
ctrl_0256,12/28/2017,COAMO CO.,18.0783,-66.2959,0,None,0.0,0.0,0.0,0.0,0.0,0.0,0.0,197,4.0,Llanos,"Llanos clay, 5 to 12 percent slopes, eroded",0,0.0,0.0,0.0,0,856276
ctrl_0257,12/08/2020,DORAD CO.,18.4655,-66.2725,0,None,0.0,0.0,0.0,0.0,0.0,0.0,0.0,14,1.73,Urban land,Urban land-Durados complex,1,0.0,0.0,0.0,0,856278
ctrl_0258,10/20/2024,TOA BAJA CO.,18.4166,-66.1974,0,None,0.465,3.46,3.735,0.125,0.0,0.0,0.0,32,0.77,Almirante,"Almirante clay, 2 to 5 percent slopes",1,1.001668991248102,6.3525951049632035,3.1420394367341427,0,856279
ctrl_0259,10/27/2021,TOA BAJA CO.,18.4177,-66.2195,0,None,0.0,0.0,2.055,1.975,0.0,0.0,37.405,33,3.65,Urban land,"Urban land-Vega Alta complex, 2 to 12 percent slopes",1,0.03763863791634874,18.70454426843986,7.504400890125754,0,856280
ctrl_0260,05/24/2017,TOA BAJA CO.,18.422,-66.2444,0,None,0.0,0.0,0.0,7.93,2.28,0.005,26.955,13,0.93,Urban land,Urban land-Sabana Seca complex,1,0.0,17.894886807918933,7.157954723167574,0,856281
ctrl_0261,01/24/2021,NAGUABO CO.,18.2172,-65.7844,0,None,0.0,0.475,0.0,0.0,3.115,1.795,0.94,26,2.13,Sabana,"Sabana silty clay loam, 20 to 40 percent slopes",0,0.06428425953739103,3.44850170627657,1.4179712382330627,0,857413
ctrl_0262,06/28/2023,NAGUABO CO.,18.2268,-65.7868,0,None,8.83,3.81,0.285,0.355,0.115,1.345,0.21,20,1.82,Rio Arriba,"Rio Arriba clay, 5 to 12 percent slopes, eroded",0,9.350847386214785,13.390731105725326,10.966800874019,0,857414
ctrl_0263,03/16/2023,JAYUYA CO.,18.2194,-66.6154,0,None,0.0,0.0,11.495,0.0,0.0,0.0,0.0,446,16.89,Pellejas,"Pellejas clay loam, 40 to 60 percent slopes",1,0.21053826902599937,8.638231483900412,3.5816155549757647,0,859200
ctrl_0264,10/03/2022,JAYUYA CO.,18.2177,-66.5877,0,None,3.93,5.405,4.445,0.935,2.93,2.81,3.1,448,7.55,Reilly,Reilly gravelly silt loam,1,4.742900220754315,16.910679117097235,9.610011779291483,0,859201
ctrl_0265,04/10/2017,UTUADO CO.,18.2585,-66.7232,0,None,6.985,1.06,0.0,0.0,0.0,0.0,0.7,150,4.66,Riverwash,Riverwash,1,7.12845540023081,8.200951565709058,7.557453866422109,0,859203
ctrl_0266,01/06/2023,ADJUNTAS CO.,18.2047,-66.7035,0,None,0.0,0.0,9.5,5.99,0.245,2.385,0.0,347,1.39,Toa,"Toa silty clay loam, 0 to 2 percent slopes, occasionally flooded",1,0.1739985694429747,12.347067036761477,5.043225956370375,0,859326
ctrl_0267,07/07/2018,UTUADO CO.,18.2663,-66.7091,0,None,0.0,2.13,0.0,0.0,0.0,14.01,0.0,133,2.88,Urban land,Urban land,1,0.288264153293985,8.7049285768608,3.654929922720711,0,859327
ctrl_0268,06/30/2019,NARANJITO CO.,18.301,-66.2447,0,None,0.0,0.0,0.87,2.275,3.655,6.775,2.2,109,1.46,Urban land,"Urban land-Mucara complex, 12 to 40 percent slopes",1,0.015934605833198737,8.450118840784658,3.3896082998137826,0,859945
ctrl_0269,07/21/2022,CAROLINA CO.,18.4472,-66.038,0,None,61.995,0.145,0.0,0.0,0.0,0.0,0.32,0,1.46,Urban land,Urban land,1,62.01462361606931,62.2564966060804,62.111372812073746,0,877660
ctrl_0270,04/22/2022,CAROLINA CO.,18.3997,-65.952,0,None,1.94,0.26,0.61,0.0,1.43,0.29,6.025,9,0.58,Urban land,Urban land,1,1.986359713363647,6.130149793657207,3.643875745481071,0,877663
ctrl_0271,03/17/2019,CAROLINA CO.,18.3953,-65.9667,0,None,0.0,0.0,0.0,0.0,0.0,0.0,0.965,5,0.52,Water,Water,1,0.0,0.4095197960782567,0.1638079184313027,0,877662
ctrl_0272,12/07/2019,CAROLINA CO.,18.4406,-66.0297,0,None,0.0,0.0,0.705,13.08,1.035,0.0,2.4,3,0.52,Urban land,Urban land,1,0.012912525416557595,10.653592450026995,4.269184495260733,0,877661
ctrl_0273,10/27/2020,CAROLINA CO.,18.3975,-65.973,0,None,6.54,0.0,0.105,0.0,0.0,0.0,0.0,6,0.36,Urban land,Urban land,1,6.541923142083317,6.618905115772905,6.572715931559152,0,877664
ctrl_0274,01/31/2020,CAROLINA CO.,18.3841,-65.9589,0,None,0.0,0.0,0.0,0.63,0.0,0.86,0.0,12,0.36,Urban land,Urban land,1,0.0,0.8314124334635447,0.3325649733854179,0,877665
ctrl_0275,05/17/2016,CAROLINA CO.,18.42,-65.9995,0,None,0.135,1.23,0.66,11.645,4.79,3.82,4.135,2,1.5,Made land,Made land,1,0.31355072004759815,15.61307331587047,6.433359758376747,0,877666
ctrl_0276,10/19/2017,SAN JUAN CO.,18.4505,-66.0666,0,None,0.0,3.755,26.795,104.385,9.75,0.575,0.0,17,6.5,Urban land,Urban land,1,0.998951532577113,97.17891474571437,39.47093681783202,0,877667
ctrl_0277,07/16/2017,CANOVANAS CO.,18.3772,-65.9029,0,None,0.05,19.735,12.415,13.01,0.935,1.08,0.0,14,3.69,Urban land,Urban land,1,2.9482304714781864,36.01936451997731,16.176684090877835,0,877671
ctrl_0278,09/27/2015,CANOVANAS CO.,18.3625,-65.8885,0,None,0.0,0.0,0.0,2.62,8.605,2.285,10.82,18,0.93,Toa,"Toa silty clay loam, 0 to 2 percent slopes, occasionally flooded",1,0.0,12.276486652920372,4.910594661168149,0,877670
ctrl_0279,10/23/2018,CANOVANAS CO.,18.3667,-65.9015,0,None,1.235,0.24,0.0,0.0,0.0,0.0,2.33,15,0.52,Rio Arriba,"Rio Arriba clay, 2 to 5 percent slopes",1,1.267480467976787,2.431839426367337,1.733224051333007,0,877672
ctrl_0280,04/04/2015,SAN JUAN CO.,18.3982,-66.0706,0,None,0.385,0.0,0.0,0.0,0.0,0.0,0.0,15,2.85,Urban land,Urban land,1,0.385,0.385,0.385,0,888963
ctrl_0281,08/13/2021,SAN JUAN CO.,18.4009,-66.1109,0,None,0.0,0.0,1.605,20.26,3.085,0.0,0.0,27,1.88,Urban land,"Urban land-Vega Alta complex, 2 to 12 percent slopes",1,0.029396600416418357,16.14643176735896,6.476210667193435,0,888964
ctrl_0282,03/25/2021,SAN JUAN CO.,18.4154,-66.0789,0,None,0.0,0.0,0.0,0.0,0.245,0.0,0.0,5,1.57,Urban land,Urban land,1,0.0,0.138355939891901,0.055342375956760406,0,888965
ctrl_0283,08/07/2017,SAN JUAN CO.,18.4254,-66.0566,0,None,1.075,0.0,1.95,1.35,1.435,5.69,0.52,11,1.63,Urban land,Urban land,1,1.1107154958330316,7.2363598768759445,3.560973248250197,0,888968
ctrl_0284,08/14/2021,SAN JUAN CO.,18.4246,-66.0972,0,None,0.745,0.0,0.0,5.555,23.93,6.03,0.0,-2,1.29,Hydraquents,"Hydraquents, saline",1,0.745,20.829384831359118,8.778753932543646,0,888969
ctrl_0285,06/28/2017,LUQUILLO CO.,18.3552,-65.7388,0,None,0.0,0.0,7.96,0.545,0.0,0.0,0.305,45,3.51,Caguabo,"Caguabo clay loam, 20 to 60 percent slopes",0,0.14579248555432406,6.466227257165171,2.673966394198663,0,888974
ctrl_0286,02/06/2015,FAJARDO CO.,18.3325,-65.6616,0,None,1.37,0.695,1.225,0.675,0.88,1.235,4.89,21,3.02,Urban land,Urban land,0,1.4864946794881453,6.509480300457015,3.4956889278756935,0,888975
ctrl_0287,10/25/2015,CABO ROJO CO.,18.0977,-67.1576,0,None,25.18,0.705,4.95,0.0,0.0,3.555,5.985,28,1.86,Urban land,Urban land,0,25.366073787181048,33.791153601148054,28.736105712767852,0,905696
ctrl_0288,12/16/2022,HORMIGUEROS CO.,18.1344,-67.0971,0,None,0.35,0.4,0.0,0.0,0.0,0.0,0.0,36,1.96,Urban land,Urban land,1,0.40413411329464505,0.6967511599000726,0.5211809319368161,0,905705
ctrl_0289,02/04/2022,HORMIGUEROS CO.,18.153,-67.1499,0,None,7.52,15.86,3.305,8.08,0.0,0.335,0.0,11,1.06,Urban land,Urban land,1,9.726950778659944,29.17993998445421,17.508146460977652,0,905700
ctrl_0290,09/06/2015,CAGUAS CO.,18.1748,-66.0565,0,None,0.0,0.82,0.0,0.0,6.825,0.71,0.0,163,12.59,Mucara,"Mucara clay, 40 to 60 percent slopes",1,0.11097493225402241,4.912615638783542,2.0316312148658304,0,905711
ctrl_0291,08/02/2017,GURABO CO.,18.2662,-65.9914,0,None,1.535,0.135,0.745,0.185,0.55,0.155,0.155,42,0.58,Toa,"Toa silty clay loam, 0 to 2 percent slopes, occasionally flooded",1,1.5669154142090496,2.7846470408661306,2.0540080648718817,0,905716
ctrl_0292,10/11/2015,GUANICA CO.,17.9932,-66.9124,0,None,0.07,9.95,0.305,2.55,0.0,0.21,0.535,10,0.0,San Anton,"San Anton clay loam, 0 to 2 percent slopes, occasionally flooded",1,1.4221723380653604,10.915648494550586,5.219562800659451,0,905717
ctrl_0293,05/16/2015,CAGUAS CO.,18.2498,-66.0281,0,None,0.0,0.32,0.0,0.0,1.37,0.025,0.085,54,0.36,Rio Arriba,"Rio Arriba clay, 2 to 5 percent slopes",1,0.04330729063571607,1.099374988442153,0.4657343697582909,0,905714
ctrl_0294,08/29/2024,MAYAGUEZ CO.,18.1522,-67.1414,0,None,1.785,0.465,0.355,0.005,0.19,3.495,7.6,22,2.94,Urban land,Urban land,1,1.8544329585105255,7.501608028191062,4.11330298638274,0,905772
ctrl_0295,09/22/2018,CAGUAS CO.,18.2413,-66.0287,0,None,0.0,2.48,4.235,0.0,12.36,0.86,33.985,59,3.19,Urban land,"Urban land-Vega Alta complex, 2 to 12 percent slopes",1,0.4131982331205888,27.155596503120318,11.110157541120481,0,905774
ctrl_0296,10/25/2015,RINCON CO.,18.3187,-67.194,0,None,8.15,0.0,0.755,2.34,0.0,0.0,7.195,242,15.34,Caguabo,"Caguabo clay loam, 20 to 60 percent slopes",1,8.163828307360994,13.295095375540168,10.216335134632665,0,910956
ctrl_0297,10/13/2020,MAYAGUEZ CO.,18.1566,-67.1494,0,None,3.995,2.545,10.33,13.695,0.0,0.055,5.425,8,0.77,Coloso,"Coloso silty clay loam, 0 to 2 percent slopes, occasionally flooded",1,4.528628845557804,25.214570064292808,12.803005333051805,0,910961
ctrl_0298,09/08/2017,SAN GERMAN CO.,18.1029,-67.051,0,None,2.99,36.675,15.615,0.12,4.88,0.0,7.78,48,6.05,Mucara,"Mucara loam, 20 to 40 percent slopes",1,8.239420213950355,52.652682766376756,26.00472523492092,0,910964
ctrl_0299,02/21/2018,HORMIGUEROS CO.,18.1396,-67.1228,0,None,0.215,0.35,0.0,0.275,0.0,1.58,0.0,23,2.34,Urban land,Urban land,1,0.26236734913281445,1.4710288278335897,0.7458319406131246,0,910966
ctrl_0300,07/10/2022,MAYAGUEZ CO.,18.1999,-67.1489,0,None,29.555,0.16,0.0,1.18,3.78,22.465,11.055,2,0.73,Leveled sandy land,Leveled sandy land,1,29.576653645317858,48.28602824394163,37.06040348476737,0,910990
ctrl_0301,06/18/2020,MAYAGUEZ CO.,18.2281,-67.1457,0,None,4.37,8.385,0.19,0.415,1.95,0.0,6.365,69,1.55,Consumo,"Consumo clay, 20 to 40 percent slopes",1,5.5082663213278575,15.854232584613882,9.646652826642267,0,910974
ctrl_0302,06/03/2017,MAYAGUEZ CO.,18.1669,-67.1324,0,None,0.675,0.245,0.2,27.83,45.58,12.2,1.655,21,1.57,Toa,"Toa silty clay loam, 0 to 2 percent slopes, occasionally flooded",1,0.711820272170717,51.58182682244697,21.05982289228122,0,910977
ctrl_0303,01/24/2021,GUANICA CO.,17.9732,-66.9077,0,None,0.0,0.0,1.535,0.215,0.445,0.12,0.55,12,0.82,Urban land,Urban land,1,0.028114505694206964,1.8370266708023506,0.7516793717374645,0,910989
ctrl_0304,07/02/2016,NAGUABO CO.,18.2156,-65.7822,0,None,75.61,4.815,0.465,0.745,0.68,0.0,0.0,12,3.12,Toa,"Toa silty clay loam, 0 to 2 percent slopes, occasionally flooded",0,76.27015616086754,81.00278444940304,78.16320747628174,0,917908
ctrl_0305,02/17/2023,CIALES CO.,18.259,-66.4996,0,None,0.0,0.0,0.0,0.0,0.0,0.0,0.0,292,31.26,Caguabo,"Caguabo-Rock outcrop complex, 20 to 60 percent slopes",1,0.0,0.0,0.0,0,917909
ctrl_0306,11/30/2024,SAN JUAN CO.,18.4072,-66.0755,0,None,0.085,0.0,0.0,0.52,0.0,0.06,2.62,6,1.73,Urban land,Urban land,1,0.085,1.564977665163175,0.6769910660652702,0,920634
ctrl_0307,06/03/2021,SAN JUAN CO.,18.3967,-66.0697,0,None,0.0,1.65,0.0,0.0,0.0,0.32,20.0,13,1.57,Urban land,Urban land,1,0.22330321734041095,10.074458779185024,4.163765442078256,0,920633
ctrl_0308,06/25/2021,SAN JUAN CO.,18.4149,-66.0901,0,None,0.0,0.975,0.0,7.73,0.0,4.42,0.485,7,0.93,Urban land,Urban land,1,0.13195190115569738,8.25042483236654,3.3793410736400347,0,920637
ctrl_0309,04/27/2020,SAN JUAN CO.,18.4037,-66.0796,0,None,0.0,0.0,0.0,0.0,0.0,0.0,0.0,11,0.82,Urban land,Urban land,1,0.0,0.0,0.0,0,920639
ctrl_0310,09/29/2017,SAN JUAN CO.,18.414,-66.1016,0,None,0.0,0.245,0.12,0.0,0.0,1.59,4.4,8,2.13,Urban land,Urban land,1,0.035355021059618214,2.9481741202819642,1.2004826607485568,0,920638
ctrl_0311,10/26/2023,SAN JUAN CO.,18.396,-66.0739,0,None,4.415,7.305,0.07,1.455,13.5,7.675,9.885,34,2.08,Urban land,Urban land,1,5.404906338765667,27.323842760619048,14.172480907507019,0,920641
ctrl_0312,04/28/2020,SAN JUAN CO.,18.3947,-66.0463,0,None,0.0,0.0,0.0,0.215,0.0,0.0,0.0,46,3.69,Urban land,Urban land,1,0.0,0.14005939736917694,0.05602375894767078,0,920642
ctrl_0313,01/28/2024,SAN JUAN CO.,18.3969,-66.0953,0,None,0.0,0.0,0.0,0.0,0.945,0.0,0.0,39,1.88,Urban land,Urban land,1,0.0,0.5336586252973325,0.21346345011893303,0,920636
ctrl_0314,08/02/2019,SAN JUAN CO.,18.403,-66.0547,0,None,0.54,32.465,77.435,176.495,11.885,0.0,0.0,20,1.96,Urban land,Urban land,1,6.351931467625763,208.56124654368028,87.23565749804759,0,920640
ctrl_0315,02/25/2017,SAN JUAN CO.,18.4134,-66.1013,0,None,0.0,0.0,0.0,0.615,1.455,0.0,0.0,9,1.46,Urban land,Urban land,1,0.0,1.222299887902889,0.4889199551611556,0,920643
ctrl_0316,01/29/2016,SAN JUAN CO.,18.3955,-66.0537,0,None,0.0,0.0,0.0,0.0,0.0,0.0,0.165,18,3.35,Urban land,Urban land,1,0.0,0.07002151953669675,0.0280086078146787,0,920644
ctrl_0317,02/09/2016,SAN JUAN CO.,18.3957,-66.0714,0,None,0.0,0.0,2.005,3.88,1.07,0.0,0.0,25,2.58,Urban land,Urban land,1,0.03672285597191203,4.638543906384746,1.8774512761370459,0,920635
ctrl_0318,05/30/2022,ARECIBO CO.,18.4574,-66.742,0,None,0.0,0.0,3.17,0.295,0.415,4.615,0.485,31,1.65,Urban land,Urban land,1,0.05806057527728734,5.273771150662197,2.1443448054312513,0,920692
ctrl_0319,11/08/2019,ARECIBO CO.,18.4677,-66.7521,0,None,1.145,0.0,0.0,8.885,3.14,0.0,0.0,40,1.82,Urban land,Urban land,1,1.145,8.706250929267792,4.169500371707117,0,920693
ctrl_0320,12/29/2018,ARECIBO CO.,18.4532,-66.7466,0,None,0.0,1.64,0.26,0.0,0.335,0.0,0.0,55,3.19,Guerrero,"Guerrero sand, 2 to 12 percent slopes",1,0.2267119306191157,1.8062444226624714,0.858524927436458,0,920694
ctrl_0321,10/08/2019,ARECIBO CO.,18.4669,-66.7271,0,None,0.0,3.76,8.945,2.44,0.0,1.87,18.815,10,3.81,Urban land,Urban land,1,0.6726940548293909,20.47095458477821,8.591998266808918,0,920696
ctrl_0322,08/18/2019,ARECIBO CO.,18.4601,-66.7474,0,None,6.935,3.435,0.0,0.0,0.0,0.025,0.0,47,1.65,Urban land,Urban land,1,7.399876697917764,9.924964127130796,8.409911669602977,0,920695
ctrl_0323,04/03/2020,ARECIBO CO.,18.4417,-66.717,0,None,0.0,0.0,0.0,0.0,0.0,0.0,0.0,9,0.52,Coloso,"Coloso silty clay, 0 to 2 percent slopes, occasionally flooded",1,0.0,0.0,0.0,0,920697
ctrl_0324,09/15/2024,ARECIBO CO.,18.4653,-66.7233,0,None,1.2,9.12,28.58,43.305,0.0,6.91,15.27,6,0.36,Urban land,Urban land,1,2.9577187425579305,68.65662208922126,29.237280081223265,0,920698
ctrl_0325,03/13/2023,HATILLO CO.,18.4244,-66.7876,0,None,0.0,0.0,0.0,0.0,0.0,0.0,0.0,141,1.88,Bayamon,"Bayamon sandy clay loam, 5 to 12 percent slopes",1,0.0,0.0,0.0,0,920699
ctrl_0326,08/17/2015,ARECIBO CO.,18.4638,-66.7568,0,None,10.325,73.135,10.96,0.3,0.535,0.08,1.26,38,2.2,Espinosa,"Espinosa sandy loam, 2 to 5 percent slopes",1,20.4234853417302,83.03173536118565,45.46678534951238,0,920700
ctrl_0327,07/28/2022,ARECIBO CO.,18.4826,-66.7662,0,None,0.0,0.0,0.0,0.0,0.0,0.38,0.0,8,1.29,Carrizales,"Carrizales fine sand, 2 to 12 percent slopes",1,0.0,0.1860258306316422,0.07441033225265688,0,921014
ctrl_0328,05/07/2022,UTUADO CO.,18.2684,-66.7025,0,None,0.0,0.0,0.0,0.0,3.885,8.4,21.855,151,5.71,Urban land,Urban land,1,0.0,15.580748386548294,6.232299354619318,0,924296
ctrl_0329,04/07/2022,NAGUABO CO.,18.2161,-65.7781,0,None,0.645,0.615,0.0,0.0,0.835,1.95,0.16,10,0.58,Toa,"Toa silty clay loam, 0 to 2 percent slopes, occasionally flooded",0,0.7282311991905168,2.6721754316672115,1.5058088921811947,0,924297
ctrl_0330,02/15/2016,YABUCOA CO.,18.0604,-65.8765,0,None,2.195,2.9,0.0,0.505,0.0,0.0,0.595,13,1.29,Reilly,Reilly soils,0,2.5874723213861768,5.290424476506494,3.6686531834343032,0,924298
ctrl_0331,09/13/2015,UTUADO CO.,18.2693,-66.7013,0,None,19.43,8.185,4.175,0.385,0.0,0.0,4.375,147,2.38,Lirios,"Lirios clay loam, 40 to 60 percent slopes",1,20.61418708565214,31.770248545030668,25.07661166940355,0,924299
ctrl_0332,07/15/2019,HUMACAO CO.,18.1867,-65.817,0,None,0.0,2.285,0.0,0.0,0.0,0.14,0.255,39,1.65,Rio Arriba,"Rio Arriba clay, 2 to 5 percent slopes",1,0.30924112219566,2.157566908914761,1.0485714368833003,0,930414
ctrl_0333,03/09/2023,GUAYAMA CO.,17.974,-66.1101,0,None,0.0,0.0,0.0,0.0,0.0,0.0,0.0,34,0.58,Urban land,Urban land,0,0.0,0.0,0.0,0,929820
ctrl_0334,10/28/2018,LAS PIEDRAS CO.,18.2021,-65.8481,0,None,0.0,0.0,0.0,0.0,0.0,0.0,0.0,184,14.98,Pandura,"Pandura loam, 40 to 60 percent slopes",1,0.0,0.0,0.0,0,929838
ctrl_0335,12/31/2023,LAS PIEDRAS CO.,18.2199,-65.8319,0,None,0.0,0.0,0.29,0.0,0.06,0.17,0.0,94,0.52,Mabi,"Mabi clay, 0 to 5 percent slopes, rarely flooded",1,0.005311535277732911,0.3350335844369805,0.13720035494143196,0,929849
ctrl_0336,09/06/2024,GUAYAMA CO.,17.9758,-66.1112,0,None,0.125,0.545,2.165,3.175,2.035,0.0,0.0,36,0.73,Urban land,Urban land,0,0.23841108755806342,5.441917180818734,2.319813524862332,0,929851
ctrl_0337,03/30/2016,LAS PIEDRAS CO.,18.1892,-65.8715,0,None,1.06,0.15,0.23,0.26,0.75,0.0,0.0,117,6.02,Pandura,"Pandura loam, 12 to 40 percent slopes",1,1.0845128894299008,1.955784208833737,1.4330214171914353,0,929856
ctrl_0338,10/22/2017,LAS PIEDRAS CO.,18.2253,-65.8605,0,None,0.12,0.0,0.0,0.0,9.97,25.13,152.865,84,1.5,Urban land,"Urban land-Reilly, frequently flooded complex, 0 to 2 percent slopes",1,0.12,82.92417663549055,33.24167065419623,0,929858
ctrl_0339,03/02/2017,HUMACAO CO.,18.124,-65.8533,0,None,0.0,0.28,0.305,0.185,0.0,0.0,0.0,162,5.15,Pandura,"Pandura loam, 40 to 60 percent slopes",1,0.043480149167315484,0.5924426119612584,0.26306513428489264,0,929949
ctrl_0340,02/25/2017,NAGUABO CO.,18.2184,-65.773,0,None,0.735,0.0,2.75,1.1,0.48,1.965,1.205,62,11.46,Sabana,"Sabana silty clay loam, 40 to 60 percent slopes",0,0.785368006944019,5.26252885787506,2.5762323473164357,0,929952
ctrl_0341,01/12/2021,PATILLAS CO.,17.9864,-65.9985,0,None,0.0,0.0,0.76,0.0,0.0,0.0,0.0,34,12.41,Pandura,"Pandura loam, 40 to 60 percent slopes",0,0.013919885555437977,0.5711227427372174,0.23680102842814976,0,929956
ctrl_0342,01/19/2020,ARROYO CO.,18.004,-65.906,0,None,0.0,0.0,0.0,0.0,33.725,0.445,4.105,9,0.77,Urban land,"Urban land-Talante, occasionally flooded complex, 0 to 2 percent slopes",0,0.0,21.005015234718407,8.402006093887364,0,930376
ctrl_0343,08/04/2016,LAS PIEDRAS CO.,18.2337,-65.8588,0,None,0.0,0.18,0.0,21.62,86.895,0.545,0.495,96,2.2,Mabi,"Mabi clay, 0 to 5 percent slopes, rarely flooded",1,0.024360350982590286,63.788196420709326,25.529894778873288,0,930377
ctrl_0344,10/02/2019,TOA BAJA CO.,18.4425,-66.1666,0,None,0.58,0.0,8.01,50.595,4.99,0.0,1.09,4,0.36,Urban land,Urban land-Sabana Seca complex,1,0.7267082674987607,42.839402063923394,17.571785786068617,0,950883
ctrl_0345,01/28/2017,TOA BAJA CO.,18.4498,-66.1893,0,None,0.215,0.0,0.0,0.0,0.0,0.0,0.0,3,0.36,Saladar,Saladar muck,1,0.215,0.215,0.21500000000000002,0,950886
ctrl_0346,02/21/2018,TOA BAJA CO.,18.4516,-66.173,0,None,1.62,0.0,0.0,0.0,0.0,0.0,0.29,2,1.39,Tropopsamments,Tropopsamments,1,1.62,1.7430681252463156,1.6692272500985261,0,950889
ctrl_0347,03/16/2020,CATANO CO.,18.4388,-66.1394,0,None,0.26,0.0,0.245,18.325,0.0,6.41,0.675,0,0.36,Urban land,Urban land-Sabana Seca complex,1,0.2644873315277399,15.806146374652048,6.481150948777463,0,950891
ctrl_0348,10/27/2017,GUAYNABO CO.,18.3962,-66.1079,0,None,6.44,0.0,0.0,0.0,0.0,0.0,0.205,26,2.08,Urban land,"Urban land-Vega Alta complex, 2 to 12 percent slopes",1,6.44,6.5269964333637756,6.4747985733455105,0,950897
ctrl_0349,10/28/2024,LOIZA CO.,18.3871,-65.8732,0,None,0.215,0.565,0.07,1.335,0.0,0.0,0.61,9,1.15,Rio Arriba,"Rio Arriba clay, 2 to 5 percent slopes",1,0.2927465297508976,1.8859280015410214,0.9300191184669472,0,956004
ctrl_0350,11/12/2015,CANOVANAS CO.,18.3993,-65.9082,0,None,0.0,1.36,1.58,0.805,5.655,32.765,0.92,0,0.36,Coloso,"Coloso silty clay loam, 0 to 2 percent slopes, occasionally flooded",1,0.2129946946459933,22.51443298139194,9.133570009344373,0,956169
ctrl_0351,12/28/2019,HUMACAO CO.,18.1479,-65.7999,0,None,0.49,0.385,17.235,0.92,0.245,0.0,0.765,11,0.93,Talante,Talante soils,0,0.8577741202934295,14.837784237319715,6.449778167103944,0,962022
ctrl_0352,01/30/2024,NAGUABO CO.,18.2306,-65.8207,0,None,0.0,0.0,0.03,0.045,0.0,0.015,2.34,293,10.13,Naranjito,"Naranjito silty clay loam, 40 to 60 percent slopes",1,0.0005494691666620253,1.0522346601585733,0.42122354556342656,0,959320
ctrl_0353,09/05/2024,HUMACAO CO.,18.1145,-65.8013,0,None,0.21,0.8,8.04,2.26,0.345,0.0,4.58,17,0.93,Urban land,Urban land,1,0.46552596325471296,10.556087411438735,4.501750542528321,0,959321
ctrl_0354,08/14/2024,HUMACAO CO.,18.1606,-65.7657,0,None,157.625,1.525,1.98,0.94,0.75,0.52,0.0,2,1.29,Aguadilla,Aguadilla loamy sand,0,157.86765127193553,161.72536680596272,159.4107374855464,0,959322
ctrl_0355,03/11/2021,BAYAMON CO.,18.348,-66.1409,0,None,0.0,0.0,0.0,0.0,0.0,0.0,0.0,46,2.43,Mucara,"Mucara clay, 40 to 60 percent slopes",1,0.0,0.0,0.0,0,966049
ctrl_0356,02/13/2016,BAYAMON CO.,18.3514,-66.1428,0,None,0.0,0.0,0.0,0.0,0.0,0.0,1.235,43,1.65,Made land,Made land,1,0.0,0.5241004644110333,0.20964018576441334,0,966052
ctrl_0357,08/03/2015,GUAYNABO CO.,18.4057,-66.1084,0,None,0.0,0.295,0.0,0.65,0.0,0.0,0.0,34,0.26,Urban land,Urban land,1,0.03992390855480075,0.6791643678214897,0.29562009226147634,0,966056
ctrl_0358,05/02/2022,NAGUABO CO.,18.2218,-65.6894,0,None,5.77,24.265,47.63,0.735,0.0,0.185,0.0,23,3.83,Toa,"Toa silty clay loam, 0 to 2 percent slopes, occasionally flooded",0,9.926284528006816,63.16702862091739,31.222582165171048,0,966381
ctrl_0359,01/30/2021,HUMACAO CO.,18.1492,-65.7912,0,None,0.4,0.0,0.0,0.0,0.0,1.005,0.0,9,0.93,Fortuna,Fortuna clay,0,0.4,0.8919893678547379,0.5967957471418952,0,967171
ctrl_0360,05/24/2024,CAROLINA CO.,18.374,-65.9262,0,None,2.375,7.935,53.425,0.0,0.0,0.0,0.0,13,0.58,Mabi,"Mabi clay, 0 to 5 percent slopes, rarely flooded",1,4.427398480113145,49.40135051706484,22.416979294893824,0,967286
ctrl_0361,03/09/2015,SAN JUAN CO.,18.4517,-66.0691,0,None,0.0,0.29,0.0,0.0,0.08,0.29,0.0,4,0.77,Urban land,Urban land,1,0.03924723213861768,0.4385391219596897,0.1989639880670465,0,968805
ctrl_0362,01/25/2016,SAN JUAN CO.,18.4468,-66.0523,0,None,0.0,0.0,0.885,0.0,0.0,0.245,0.245,4,0.58,Urban land,Urban land,1,0.016209340416529747,0.8889664581539344,0.36531218751149164,0,968804
ctrl_0363,06/21/2023,SAN JUAN CO.,18.4466,-66.0505,0,None,0.89,0.0,0.485,0.665,0.0,0.0,0.0,1,1.15,Urban land,Urban land,1,0.8988830848610361,1.6876734603996657,1.2143992350764878,0,968808
ctrl_0364,07/15/2024,CAROLINA CO.,18.4407,-66.0288,0,None,0.125,0.71,49.13,2.185,0.0,2.065,3.34,3,0.36,Urban land,Urban land,1,1.1209353897015053,41.51226588986291,17.27746758976607,0,968809
ctrl_0365,09/02/2017,CANOVANAS CO.,18.3794,-65.8905,0,None,0.0,0.045,0.0,0.0,3.265,8.655,7.055,12,0.0,Mabi,"Mabi clay, 0 to 5 percent slopes, rarely flooded",1,0.006090087745647572,9.113747663560403,3.64915311807155,0,968810
ctrl_0366,11/19/2016,RIO GRANDE CO.,18.3598,-65.7709,0,None,24.195,48.405,14.705,1.535,1.675,2.405,0.975,27,6.78,Caguabo,"Caguabo clay loam, 20 to 60 percent slopes",0,31.015235854927074,80.7436713555223,50.90661005516516,0,968820
ctrl_0367,07/30/2019,RIO GRANDE CO.,18.3733,-65.8721,0,None,228.55,4.805,0.13,0.0,0.97,2.825,0.0,20,0.93,Rio Arriba,"Rio Arriba clay, 2 to 5 percent slopes",1,229.20266706900748,234.74377212299535,231.41910909060263,0,968840
ctrl_0368,06/19/2020,RIO GRANDE CO.,18.3514,-65.8208,0,None,0.0,0.0,0.0,0.0,0.0,0.015,0.0,42,4.92,Caguabo,"Caguabo clay loam, 20 to 60 percent slopes",1,0.0,0.007343124893354296,0.0029372499573417188,0,968839
ctrl_0369,06/01/2020,RIO GRANDE CO.,18.3739,-65.798,0,None,0.0,0.0,0.485,8.32,13.18,0.335,0.0,11,4.19,Caguabo,"Caguabo clay loam, 20 to 60 percent slopes",0,0.008883084861036077,13.391420749813744,5.361898150842119,0,968837
ctrl_0370,06/01/2017,RIO GRANDE CO.,18.3635,-65.8088,0,None,0.0,26.385,23.945,6.475,0.48,1.895,0.97,48,4.4,Rubble land,"Rubble land-Pandura complex, 40 to 60 percent slopes",1,4.009389421388766,46.695152868840644,21.083694800369518,0,968835
ctrl_0371,09/18/2024,RIO GRANDE CO.,18.3518,-65.7877,0,None,0.25,0.0,0.0,0.825,10.675,6.66,0.13,234,3.65,Caguabo,"Caguabo clay loam, 20 to 60 percent slopes",0,0.25,10.131319097483262,4.202527638993305,0,968834
ctrl_0372,07/08/2019,NAGUABO CO.,18.22,-65.7857,0,None,0.445,0.37,0.115,3.905,0.14,0.0,0.0,15,0.52,Toa,"Toa silty clay loam, 0 to 2 percent slopes, occasionally flooded",0,0.4971803532697512,3.4750947683510836,1.6883461193022842,0,968876
ctrl_0373,09/05/2015,NAGUABO CO.,18.2136,-65.7802,0,None,0.74,0.44,0.0,30.83,10.91,0.3,12.34,10,1.29,Toa,"Toa silty clay loam, 0 to 2 percent slopes, occasionally flooded",0,0.7995475246241096,32.74999054419783,13.579724732453599,0,968881
ctrl_0374,11/12/2016,SAN JUAN CO.,18.3942,-66.0964,0,None,0.19,1.195,3.63,10.99,17.73,18.25,5.485,33,2.06,Urban land,Urban land,1,0.41821143263385724,32.38736955498109,13.205874681572752,0,975935
ctrl_0375,04/09/2019,SAN JUAN CO.,18.3972,-66.0847,0,None,0.0,0.0,0.0,0.0,0.0,0.0,0.0,16,0.93,Urban land,Urban land,1,0.0,0.0,0.0,0,975940
ctrl_0376,01/16/2015,SAN JUAN CO.,18.4013,-66.0925,0,None,2.225,0.0,0.0,0.0,1.63,0.995,0.0,39,1.15,Urban land,Urban land,1,2.225,3.6325844901318156,2.7880337960527264,0,975939
ctrl_0377,05/26/2019,ARECIBO CO.,18.4623,-66.7251,0,None,0.58,1.365,22.42,11.725,8.38,6.575,6.235,5,0.82,Urban land,Urban land,1,1.1753692855033966,36.84657116026631,15.443850035408563,0,976064
ctrl_0378,12/29/2017,VEGA BAJA CO.,18.3901,-66.3807,0,None,0.0,0.0,0.0,0.315,0.0,0.0,0.9,135,7.46,Jobos,"Jobos sandy loam, 2 to 12 percent slopes",1,0.0,0.5871388642315376,0.23485554569261505,0,981381
ctrl_0379,10/24/2023,VEGA BAJA CO.,18.4468,-66.4099,0,None,0.0,0.0,4.12,1.445,11.915,0.0,0.63,18,2.43,Algarrobo,"Algarrobo fine sand, 2 to 12 percent slopes",1,0.07546043222158481,11.033387202101483,4.458631140173544,0,981380
ctrl_0380,10/28/2023,ARROYO CO.,17.9619,-66.0638,0,None,19.72,10.6,0.285,0.18,1.3,2.495,10.665,3,1.63,Urban land,Urban land,0,21.15977395939138,35.72181219458333,26.984589253468158,0,986664
ctrl_0381,02/14/2020,SAN JUAN CO.,18.3549,-66.0415,0,None,1.835,0.0,1.38,0.0,0.0,0.125,0.0,108,4.59,Humatas,"Humatas clay, 20 to 40 percent slopes",1,1.8602755816664531,2.9332313718885135,2.289457897755277,0,987108
ctrl_0382,03/21/2018,SAN JUAN CO.,18.4183,-66.0908,0,None,0.0,0.0,0.0,0.0,0.0,0.0,0.0,10,0.0,Urban land,Urban land,1,0.0,0.0,0.0,0,987883
ctrl_0383,10/06/2019,SAN JUAN CO.,18.3779,-66.0529,0,None,1.11,0.0,0.0,0.0,8.285,0.0,2.43,29,2.01,Urban land,"Urban land-Vega Alta complex, 2 to 12 percent slopes",1,1.11,6.819915655829274,3.39396626233171,0,987884
ctrl_0384,10/31/2022,SAN JUAN CO.,18.4012,-66.0852,0,None,21.82,20.91,1.675,3.355,51.125,58.91,0.5,19,1.73,Urban land,Urban land,1,24.680539467616203,101.31301896267937,55.33353126564147,0,987885
ctrl_0385,03/19/2023,SAN JUAN CO.,18.4082,-66.0713,0,None,0.0,0.0,0.185,0.0,3.36,0.0,0.0,7,1.57,Bajura,"Bajura clay, 0 to 2 percent slopes, frequently flooded",1,0.003388393194415823,2.036476189164999,0.8166235115826492,0,987886
ctrl_0386,10/21/2023,SAN GERMAN CO.,18.0754,-67.0338,0,None,7.79,1.895,5.325,5.735,0.265,0.0,0.0,77,8.32,El Cacique,"El Cacique-La Taina complex, 20 to 60 percent slopes, very stony",0,8.14399113881589,17.320003502925154,11.814396084459595,0,988231
ctrl_0387,04/02/2021,SAN JUAN CO.,18.3992,-66.0875,0,None,0.32,0.0,0.0,0.0,0.0,0.0,0.655,23,1.57,Urban land,Urban land,1,0.32,0.5979642139184023,0.4311856855673609,0,988251
ctrl_0388,06/11/2022,SAN JUAN CO.,18.3584,-66.0453,0,None,2.765,0.0,0.0,0.0,0.0,0.0,0.0,94,3.23,Urban land,"Urban land-Vega Alta complex, 2 to 12 percent slopes",1,2.765,2.765,2.765,0,988256
ctrl_0389,01/28/2023,SAN JUAN CO.,18.3547,-66.0501,0,None,0.0,0.435,0.0,0.0,0.0,0.0,0.0,85,3.19,Humatas,"Humatas clay, 40 to 60 percent slopes",1,0.05887084820792653,0.377091886391329,0.18615926348128753,0,988257
ctrl_0390,06/23/2020,GUAYNABO CO.,18.367,-66.1234,0,None,0.0,0.0,5.525,0.0,0.0,0.0,0.0,32,1.5,Rio Piedras,"Rio Piedras clay, 20 to 40 percent slopes, eroded",1,0.10119390486025634,4.151912044240955,1.721481160612536,0,999057
ctrl_0391,10/03/2016,GUAYNABO CO.,18.3991,-66.1072,0,None,14.725,0.0,0.25,13.835,1.015,2.19,1.44,20,2.85,Urban land,Urban land,1,14.729578909722184,26.181910710253383,19.310511629934666,0,999058
ctrl_0392,02/23/2017,SAN JUAN CO.,18.3865,-66.0956,0,None,0.0,0.0,0.0,0.0,0.0,0.0,0.0,32,1.29,Urban land,"Urban land-Vega Alta complex, 2 to 12 percent slopes",1,0.0,0.0,0.0,0,999059
ctrl_0393,05/07/2018,GUAYNABO CO.,18.3632,-66.0915,0,None,0.14,0.0,1.675,25.345,4.98,0.0,0.0,50,3.65,Urban land,"Urban land-Vega Alta complex, 2 to 12 percent slopes",1,0.17067869513862977,20.72174362662435,8.391104667732918,0,999064
ctrl_0394,06/17/2017,SAN JUAN CO.,18.3543,-66.0745,0,None,0.43,0.29,0.79,0.0,0.0,0.0,0.0,105,1.88,Humatas,"Humatas clay, 20 to 40 percent slopes",1,0.48371658686071767,1.2750616524570286,0.8002546130992421,0,999063
ctrl_0395,09/04/2015,GUAYNABO CO.,18.3733,-66.1058,0,None,4.145,0.02,23.71,8.11,0.095,35.47,5.065,39,1.63,Urban land,"Urban land-Vega Alta complex, 2 to 12 percent slopes",1,4.581970503716619,46.8301742828165,21.481252015356574,0,999062
ctrl_0396,07/07/2021,SAN JUAN CO.,18.3931,-66.084,0,None,0.0,0.0,0.0,0.0,1.48,0.46,5.3,24,2.01,Urban land,Urban land,1,0.0,3.3101480660555174,1.324059226422207,0,999060
ctrl_0397,04/09/2023,GUAYNABO CO.,18.3994,-66.1057,0,None,0.0,56.79,8.91,33.8,12.655,0.0,0.0,27,4.64,Urban land,Urban land,1,7.848883077505858,85.09080658667148,38.74565248117211,0,999061
ctrl_0398,02/05/2021,ADJUNTAS CO.,18.3424,-66.3206,0,None,38.675,0.0,0.0,0.0,0.0,0.0,0.0,82,3.3,Urban land,"Urban land-Vega Alta complex, 2 to 12 percent slopes",1,38.675,38.675,38.675,0,1008918
ctrl_0399,09/14/2015,VEGA ALTA CO.,18.4,-66.3459,0,None,0.0,12.99,23.935,4.96,0.0,0.0,0.0,34,7.16,Colinas,"Colinas clay loam, 40 to 60 percent slopes",1,2.196390146045452,32.478490652865865,14.309230348773617,0,1008919
ctrl_0400,05/29/2023,NARANJITO CO.,18.29,-66.25,0,None,0.0,0.11,1.745,0.0,0.59,6.39,25.36,443,7.99,Mucara,"Mucara clay, 40 to 60 percent slopes",1,0.04684767101686854,15.630134708309855,6.2801624859340635,0,1007653
ctrl_0401,07/15/2018,TOA BAJA CO.,18.44,-66.25,0,None,0.675,0.0,0.0,0.0,0.0,34.225,130.075,6,0.58,Bajura,"Bajura clay, 0 to 2 percent slopes, frequently flooded",1,0.675,72.62986119976598,29.456944479906397,0,1007654
ctrl_0402,08/30/2015,BAYAMON CO.,18.42,-66.19,0,None,32.785,3.32,11.75,3.98,0.0,72.4,0.0,56,6.28,Tanama,"Tanama-Rock outcrop complex, 20 to 60 percent slopes",1,33.44952189728818,82.52843642170222,53.0810877070538,0,1008911
ctrl_0403,08/01/2015,BAYAMON CO.,18.4078,-66.1917,0,None,0.0,0.65,0.0,0.0,0.0,0.0,0.0,62,1.39,Urban land,"Urban land-Vega Alta complex, 2 to 12 percent slopes",1,0.08796793410379826,0.5634706348376181,0.2781690143973262,0,1008917
ctrl_0404,07/27/2021,SAN JUAN CO.,18.4651,-66.1096,0,None,0.0,45.395,15.615,5.76,0.215,0.63,0.0,8,3.87,Urban land,Urban land,1,6.4295438837736185,55.268354803661516,25.96506825172878,0,1007657
ctrl_0405,05/13/2020,TOA BAJA CO.,18.42,-66.22,0,None,0.0,0.0,0.0,0.0,0.0,0.0,0.18,60,8.7,Tanama,"Tanama-Rock outcrop complex, 20 to 60 percent slopes",1,0.0,0.076387112221851,0.030554844888740402,0,1007659
ctrl_0406,08/28/2020,SAN JUAN CO.,18.41,-66.08,0,None,0.0,0.0,0.0,0.0,37.605,1.325,65.555,14,2.31,Urban land,Urban land,1,0.0,49.70462957536721,19.881851830146886,0,1007662
ctrl_0407,07/31/2024,BAYAMON CO.,18.3811,-66.1474,0,None,19.795,0.965,10.99,5.925,0.0,0.0,0.28,26,1.15,Urban land,"Urban land-Vega Alta complex, 2 to 12 percent slopes",1,20.12688741971052,32.868873436817374,25.22368182655326,0,1007665
ctrl_0408,12/22/2020,TOA BAJA CO.,18.4,-66.21,0,None,0.0,0.8,0.0,1.155,0.46,0.0,0.0,76,1.32,Urban land,"Urban land-Vega Alta complex, 2 to 12 percent slopes",1,0.10826822658929017,1.7056847673720836,0.7472348429024076,0,1007666
ctrl_0409,10/13/2016,BAYAMON CO.,18.42,-66.17,0,None,0.23,3.035,4.075,0.0,5.545,0.92,0.75,12,0.58,Urban land,Urban land-Sabana Seca complex,1,0.7153788130947114,9.823264342606725,4.358533024899517,0,1007667
ctrl_0410,08/28/2015,VEGA ALTA CO.,18.4129,-66.3304,0,None,12.185,0.915,0.0,30.15,0.0,0.665,0.0,32,1.29,Urban land,Urban land,1,12.308831784161502,32.94462606643811,20.563149497072146,0,1007668
ctrl_0411,09/18/2020,TOA BAJA CO.,18.4179,-66.2258,0,None,0.0,0.0,0.0,1.055,0.0,9.265,1.08,46,7.35,Tanama,"Tanama-Rock outcrop complex, 20 to 60 percent slopes",1,0.0,5.681194354821541,2.272477741928616,0,1007669
ctrl_0412,12/02/2015,TOA BAJA CO.,18.3972,-66.2077,0,None,2.78,0.0,1.52,43.915,10.35,0.01,1.65,89,3.12,Lares,"Lares clay, 5 to 12 percent slopes, eroded",1,2.8078397711108756,39.08013487169358,17.316757811343958,0,1007672
ctrl_0413,07/26/2024,VEGA ALTA CO.,18.42,-66.32,0,None,0.0,0.0,0.0,1.075,13.695,0.0,1.08,43,5.82,Bayamon,"Bayamon clay, 2 to 5 percent slopes",1,0.0,8.892434341073253,3.5569737364293013,0,1007673
ctrl_0414,02/07/2017,BAYAMON CO.,18.4037,-66.157,0,None,0.0,0.0,0.29,0.0,0.0,0.0,0.0,1,1.57,Toa,"Toa silty clay loam, 0 to 2 percent slopes, occasionally flooded",1,0.005311535277732911,0.2179284149918329,0.09035828716337292,0,1031763
ctrl_0415,10/15/2015,GUAYNABO CO.,18.42,-66.1,0,None,0.68,0.0,0.0,0.0,0.0,0.0,2.73,5,2.85,Urban land,Urban land,1,0.68,1.8385378686980736,1.1434151474792293,0,1031764
ctrl_0416,09/10/2021,SAN JUAN CO.,18.4172,-66.0881,0,None,0.245,0.365,0.165,0.02,0.0,0.0,0.0,6,1.86,Urban land,Urban land,1,0.2974194587980048,0.6984329679168596,0.45782486244554677,0,1031781
ctrl_0417,10/13/2015,GUAYNABO CO.,18.41,-66.1,0,None,0.0,0.0,0.0,0.0,2.73,7.035,4.52,17,4.16,Urban land,Urban land,1,0.0,6.903771310524162,2.761508524209665,0,1031765
ctrl_0418,08/04/2022,CAROLINA CO.,18.3824,-65.9723,0,None,8.33,0.845,0.0,0.0,0.0,7.385,0.53,13,0.73,Urban land,Urban land,1,8.444358314334938,12.902694589325787,10.227692824331278,0,1031766
ctrl_0419,09/07/2024,BAYAMON CO.,18.39,-66.13,0,None,12.665,0.0,11.125,0.735,1.58,9.905,0.36,24,2.13,Daguey,"Daguey clay, 12 to 20 percent slopes",1,12.868761482637167,27.39793158787547,18.68042952473249,0,1031767
ctrl_0420,08/28/2017,BAYAMON CO.,18.398,-66.137,0,None,10.935,3.095,1.04,1.045,0.125,1.205,0.1,19,0.73,Urban land,"Urban land-Vega Alta complex, 2 to 12 percent slopes",1,11.3729109660616,15.783202049229857,13.137027399328904,0,1031768
ctrl_0421,07/19/2019,OROCOVIS CO.,18.2104,-66.4235,0,None,32.425,0.7,0.0,0.0,0.0,1.61,0.9,810,12.12,Maricao,"Maricao clay, 20 to 60 percent slopes",1,32.51973469826562,34.201912162821074,33.19260568408781,0,1032059
ctrl_0422,05/29/2021,FAJARDO CO.,18.32,-65.65,0,None,0.6,0.84,0.0,0.0,0.255,0.0,69.105,7,3.09,Toa,"Toa silty clay loam, 0 to 2 percent slopes, occasionally flooded",0,0.7136816379187546,30.79846605740776,12.747595405714359,0,1045044
ctrl_0423,10/12/2017,NAGUABO CO.,18.214,-65.7084,0,None,3.03,31.325,44.105,27.695,0.865,0.0,23.52,16,4.73,Daguao,"Daguao clay, 20 to 40 percent slopes, eroded",0,8.077189000574513,91.84019142494107,41.58238997032113,0,1045050
ctrl_0424,07/06/2021,FAJARDO CO.,18.3217,-65.6517,0,None,0.595,0.845,0.0,0.445,0.0,4.38,9.205,7,0.36,Toa,"Toa silty clay loam, 0 to 2 percent slopes, occasionally flooded",0,0.7093583143349377,7.667946719206003,3.4927936762833642,0,1045052
ctrl_0425,09/08/2021,BAYAMON CO.,18.3899,-66.1659,0,None,1.985,0.495,0.0,0.0,0.015,0.12,0.18,37,0.52,Urban land,"Urban land-Vega Alta complex, 2 to 12 percent slopes",1,2.0519909652021235,2.5577074435751417,2.254277556551331,0,1045079
ctrl_0426,06/19/2015,BAYAMON CO.,18.3924,-66.159,0,None,0.0,2.045,42.195,0.565,0.325,0.0,0.0,14,2.08,Urban land,"Urban land-Vega Alta complex, 2 to 12 percent slopes",1,1.0495890371290115,34.03294614345838,14.24293187966076,0,1045081
ctrl_0427,12/18/2021,BAYAMON CO.,18.3991,-66.188,0,None,0.505,0.63,0.0,0.0,0.745,2.27,2.155,39,2.34,Urban land,"Urban land-Vega Alta complex, 2 to 12 percent slopes",1,0.590261228439066,3.497631127366506,1.753209188010042,0,1045082
ctrl_0428,12/09/2015,BAYAMON CO.,18.3995,-66.158,0,None,0.0,0.0,25.4,0.0,13.415,2.355,0.0,5,0.0,Urban land,"Urban land-Vega Alta complex, 2 to 12 percent slopes",1,0.4652172277738481,27.816087459102977,11.4055653203055,0,1045088
ctrl_0429,09/21/2019,BAYAMON CO.,18.4057,-66.1846,0,None,0.475,0.0,9.22,1.03,1.775,10.555,4.39,64,2.74,Urban land,"Urban land-Vega Alta complex, 2 to 12 percent slopes",1,0.6438701905541291,16.107086547120346,6.829156733180616,0,1045090
ctrl_0430,05/23/2022,GUAYNABO CO.,18.4084,-66.1075,0,None,1.405,0.66,0.0,0.0,0.0,0.0,0.0,16,2.31,Urban land,Urban land,1,1.4943212869361644,1.97713941383512,1.6874485376957467,0,1045215
ctrl_0431,07/25/2021,GUAYNABO CO.,18.409,-66.1058,0,None,15.615,5.76,0.215,0.63,0.0,0.0,0.0,16,0.77,Urban land,Urban land,1,16.398469093803968,21.180190926816795,18.311157827009097,0,1045216
ctrl_0432,05/11/2021,TRUJILLO ALTO CO.,18.368,-66.0142,0,None,8.315,10.14,0.0,0.0,0.0,0.745,0.0,54,3.44,Rio Piedras,"Rio Piedras clay, 12 to 20 percent slopes, eroded",1,9.687299772019252,17.46985043983677,12.800320039146259,0,1045253
ctrl_0433,11/18/2020,SAN JUAN CO.,18.4125,-66.0214,0,None,0.0,0.235,0.0,0.0,0.0,0.0,7.72,4,0.58,Urban land,Urban land,1,0.031803791560603985,3.4798746750673466,1.4110321449633012,0,1045482
ctrl_0434,07/26/2018,SAN JUAN CO.,18.3953,-66.0332,0,None,7.725,0.0,0.0,0.0,0.58,0.0,0.0,36,1.32,Urban land,Urban land,1,7.725,8.0525365107645,7.8560146043058,0,1045494
ctrl_0435,12/11/2017,CEIBA CO.,18.2268,-65.6874,0,None,0.58,0.21,0.345,0.145,2.85,3.815,6.89,66,11.18,Daguao,"Daguao clay, 20 to 40 percent slopes, eroded",0,0.614739304896302,7.51673967404659,3.3755394525564175,0,1055759
ctrl_0436,04/23/2017,CEIBA CO.,18.2313,-65.6208,0,None,0.38,2.075,1.245,0.22,1.015,10.97,7.075,6,1.46,Made land,Made land,0,0.6836236831324454,12.203576246859264,5.291604708623173,0,1055748
ctrl_0437,07/13/2022,NARANJITO CO.,18.2793,-66.2394,0,None,5.13,0.0,0.0,22.11,0.0,0.0,16.29,460,9.98,Mucara,"Mucara clay, 40 to 60 percent slopes",1,5.13,26.446351218089156,13.656540487235663,0,1055770
ctrl_0438,01/19/2023,BAYAMON CO.,18.4422,-66.3735,0,None,0.0,0.0,0.0,2.28,6.845,0.0,0.0,44,4.64,Rock outcrop,"Rock outcrop-Tanama complex, 12 to 60 percent slopes",1,0.0,5.350776596313919,2.1403106385255675,0,1055794
ctrl_0439,07/17/2018,VEGA BAJA CO.,18.4427,-66.3722,0,None,0.0,0.57,0.39,0.0,0.0,0.0,0.0,31,4.73,Rock outcrop,"Rock outcrop-Tanama complex, 12 to 60 percent slopes",1,0.08428421061147556,0.7871965471569651,0.3654491452296714,0,1055793
ctrl_0440,09/11/2017,SAN JUAN CO.,18.4512,-66.0615,0,None,1.045,0.0,0.0,8.715,30.825,55.69,1.315,11,2.32,Urban land,Urban land,1,1.045,51.95035281006423,21.407141124025692,0,1055800
ctrl_0441,12/30/2017,SAN JUAN CO.,18.4512,-66.0615,0,None,0.0,3.02,0.0,0.0,0.0,0.0,0.0,11,2.32,Urban land,Urban land,1,0.40871255537457035,2.6179712572455482,1.2924160361229615,0,1055799
ctrl_0442,06/17/2019,PATILLAS CO.,18.0,-66.01,0,None,0.0,0.0,0.0,0.0,0.0,0.0,0.0,18,2.08,Parcelas,"Parcelas clay, 5 to 12 percent slopes, eroded",0,0.0,0.0,0.0,0,1058489
ctrl_0443,06/27/2016,SALINAS CO.,17.983,-66.2254,0,None,0.0,0.0,2.21,0.0,0.0,3.56,1.83,16,0.93,Paso Seco,"Paso Seco clay, 0 to 5 percent slopes",0,0.040477561944102534,4.180135433307954,1.6963407104896433,0,1058495
ctrl_0444,07/21/2022,PATILLAS CO.,18.0,-65.99,0,None,33.995,0.155,0.0,0.0,0.0,0.37,0.53,48,5.21,Parcelas,"Parcelas clay, 5 to 12 percent slopes, eroded",0,34.015976968901676,34.535414096706134,34.22375182002346,0,1058497
ctrl_0445,04/04/2022,SAN LORENZO CO.,18.19,-65.96,0,None,0.0,0.0,0.18,0.0,0.0,0.0,0.0,90,3.14,Urban land,"Urban land-Mucara complex, 12 to 40 percent slopes",1,0.003296814999972152,0.13526591275355146,0.05608445410140388,0,1058498
ctrl_0446,05/20/2018,ISABELA CO.,18.5008,-67.0242,0,None,0.505,4.75,0.385,1.045,0.36,0.735,0.5,76,1.39,Urban land,Urban land,1,1.154894116346073,6.36804066330293,3.2401527351288157,0,1058510
ctrl_0447,02/23/2020,BARRANQUITAS CO.,18.1665,-66.317,0,None,0.0,0.305,0.0,0.0,0.0,0.0,0.0,606,6.22,Mucara,"Mucara clay, 40 to 60 percent slopes",1,0.04127726138716687,0.2643977594238054,0.1305254606018223,0,1058512
ctrl_0448,07/26/2018,UTUADO CO.,18.27,-66.72,0,None,3.635,0.0,0.0,0.695,2.02,4.1,0.0,163,6.1,Pellejas,"Pellejas clay loam, 40 to 60 percent slopes",1,3.635,7.235601555623265,5.075240622249305,0,1058513
ctrl_0449,06/14/2023,CAGUAS CO.,18.24,-66.06,0,None,1.065,0.0,0.0,0.0,0.0,0.17,0.0,81,0.77,Rio Arriba,"Rio Arriba clay, 2 to 5 percent slopes",1,1.065,1.148222082124682,1.0982888328498728,0,1058523
ctrl_0450,11/01/2015,PONCE CO.,17.99,-66.63,0,None,34.505,0.525,0.0,1.195,0.325,17.535,24.31,7,1.63,Urban land,Urban land,1,34.57605102369922,54.82273083950881,42.67472295002305,0,1058525
ctrl_0451,02/15/2015,ADJUNTAS CO.,18.44,-66.71,0,None,3.425,8.83,1.66,6.155,0.0,0.905,3.47,10,1.32,Toa,"Toa silty clay loam, 0 to 2 percent slopes, occasionally flooded",1,4.6504145115345885,18.252200536800785,10.091128921641069,0,1058544
ctrl_0452,02/28/2020,CIDRA CO.,18.15,-66.2,0,None,0.0,0.0,0.0,0.0,0.24,0.0,0.0,388,24.72,Caguabo,"Caguabo clay loam, 40 to 60 percent slopes",1,0.0,0.13553234928186222,0.05421293971274489,0,1058548
ctrl_0453,12/26/2021,TOA BAJA CO.,18.4099,-66.2597,0,None,0.0,3.245,1.065,0.415,0.0,0.0,0.0,8,0.82,Toa,"Toa silty clay loam, 0 to 2 percent slopes, occasionally flooded",1,0.45866914951931015,3.883689310689907,1.828677213987549,0,1141220
ctrl_0454,05/02/2021,SALINAS CO.,17.9787,-66.2237,0,None,0.0,0.0,0.0,4.905,7.655,0.0,0.0,9,0.58,Paso Seco,"Paso Seco clay, 0 to 5 percent slopes",0,0.0,7.518225801159225,3.0072903204636905,0,1058554
ctrl_0455,02/21/2016,HORMIGUEROS CO.,18.1524,-67.1492,0,None,0.0,3.5,13.04,3.51,1.13,0.215,0.49,9,1.29,Urban land,Urban land,1,0.7125094224372381,16.071213271816585,6.855990962188978,0,1058580
ctrl_0456,11/04/2015,HORMIGUEROS CO.,18.1514,-67.1454,0,None,3.065,9.76,0.07,21.71,11.41,8.99,13.495,9,0.93,Urban land,Urban land,1,4.387154459111551,42.29239849501224,19.54925207347183,0,1058569
ctrl_0457,01/18/2021,FAJARDO CO.,18.33,-65.66,0,None,2.24,0.245,0.0,0.0,3.76,0.185,0.0,23,2.58,Urban land,Urban land,0,2.2731571443929703,4.666290431206006,3.2304104591181844,0,1058562
ctrl_0458,05/30/2017,ADJUNTAS CO.,18.28,-67.15,0,None,106.26,27.93,1.645,2.025,4.74,0.0,0.09,9,1.63,Lares,"Lares clay, 0 to 5 percent slopes, eroded",1,110.07004368677056,135.7422014330595,120.33890678528614,0,1058560
ctrl_0459,09/10/2020,COMERIO CO.,18.2492,-66.191,0,None,1.19,0.0,5.345,0.38,0.0,0.0,0.0,374,7.95,Naranjito,"Naranjito silty clay loam, 40 to 60 percent slopes",1,1.2878970898602842,5.454192973349205,2.9544154432558525,0,1141219
ctrl_0460,12/29/2017,DORAD CO.,18.4092,-66.2988,0,None,1.175,0.0,0.0,0.0,0.0,0.0,0.81,79,7.63,Tanama,"Tanama-Rock outcrop complex, 20 to 60 percent slopes",1,1.175,1.5187420049983296,1.3124968019993317,0,1059579
ctrl_0461,07/03/2016,DORAD CO.,18.4304,-66.2933,0,None,0.33,32.425,1.035,0.445,1.355,0.0,0.0,34,2.43,Bayamon,"Bayamon clay, 2 to 5 percent slopes",1,4.737203245197007,30.271378333654386,14.950873280579959,0,1059583
ctrl_0462,12/07/2018,GUAYNABO CO.,18.3893,-66.1099,0,None,0.0,0.0,0.0,0.0,0.0,0.0,0.0,43,1.96,Urban land,"Urban land-Vega Alta complex, 2 to 12 percent slopes",1,0.0,0.0,0.0,0,1059589
ctrl_0463,11/24/2024,BAYAMON CO.,18.3703,-66.1705,0,None,3.035,0.0,0.0,0.0,0.0,0.0,0.335,37,2.2,Urban land,"Urban land-Vega Alta complex, 2 to 12 percent slopes",1,3.035,3.1771649033017786,3.0918659613207113,0,1059609
ctrl_0464,10/16/2015,GUAYNABO CO.,18.3793,-66.1184,0,None,5.97,0.71,0.0,0.0,0.0,0.0,0.0,72,11.17,Yunes,"Yunes silty clay loam, 40 to 60 percent slopes",1,6.066088051097995,6.585483308822629,6.273846154187849,0,1059610
ctrl_0465,11/17/2024,BAYAMON CO.,18.393,-66.1436,0,None,2.235,1.445,0.185,0.665,0.0,1.08,71.755,16,1.29,Urban land,"Urban land-Vega Alta complex, 2 to 12 percent slopes",1,2.4339478774713212,35.03944737148714,15.47614767507765,0,1059612
ctrl_0466,10/04/2017,PONCE CO.,18.012,-66.6303,0,None,0.0,4.46,0.1,1.89,18.66,1.15,0.625,17,1.57,Urban land,Urban land,1,0.605426927124166,16.53848907463041,6.9786517861266635,0,1059672
ctrl_0467,03/01/2019,GUAYAMA CO.,17.9587,-66.1765,0,None,0.0,0.0,0.905,0.0,0.0,0.0,0.0,14,1.03,Poncena,Poncena clay,0,0.016575653194304433,0.6800869502331338,0.2819801720098362,0,1059674
ctrl_0468,03/20/2018,PONCE CO.,18.0194,-66.5605,0,None,0.0,1.285,0.0,0.0,0.0,0.0,0.0,24,3.69,Cintrona,Cintrona clay,1,0.17390583895904732,1.1139381011789833,0.5499187438470218,0,1059677
ctrl_0469,10/15/2016,RIO GRANDE CO.,18.3835,-65.7916,0,None,0.58,3.01,2.425,2.74,8.33,1.555,12.74,5,2.01,Mabi,"Mabi clay, 5 to 12 percent slopes",0,1.0317746268473846,17.66842722245075,7.68643566508873,0,1059678
ctrl_0470,12/07/2019,JUNCOS CO.,18.2284,-65.916,0,None,0.0,0.675,0.0,21.43,2.57,0.47,0.475,64,2.79,Vivi,Vivi loam,1,0.09135131618471358,16.428468840470153,6.62619832589889,0,1059679
ctrl_0471,05/15/2024,PATILLAS CO.,18.0304,-66.0453,0,None,0.0,0.0,1.3,0.855,0.63,0.0,0.0,351,17.24,Pandura,"Pandura loam, 40 to 60 percent slopes",0,0.023810330555354434,1.8896732920518127,0.7701555151539378,0,1059680
ctrl_0472,02/10/2021,PATILLAS CO.,18.0367,-66.0141,0,None,0.17,0.0,0.0,0.0,0.0,0.0,0.735,215,19.59,Patillas,"Patillas clay loam, 20 to 40 percent slopes, eroded",0,0.17,0.48191404157255824,0.29476561662902334,0,1059681
ctrl_0473,11/28/2022,NAGUABO CO.,18.2144,-65.7708,0,None,0.41,0.425,0.0,0.24,0.645,1.01,0.625,11,1.09,Fortuna,Fortuna clay,0,0.46751749537556037,2.0586817745969013,1.1039832070640967,0,1059682
ctrl_0474,05/31/2018,SALINAS CO.,18.0056,-66.2214,0,None,0.0,3.555,0.0,0.81,10.545,0.0,0.0,77,2.88,Coamo,"Coamo clay loam, 2 to 5 percent slopes",0,0.4811169319061582,9.564369166783873,4.114417825857244,0,1059688
ctrl_0475,11/17/2021,SALINAS CO.,17.9743,-66.2702,0,None,0.0,0.0,0.0,1.2,0.0,0.0,0.0,13,0.52,Fraternidad,"Fraternidad clay, 0 to 2 perecent slopes",0,0.0,0.7817268690372666,0.3126907476149067,0,1063893
ctrl_0476,01/26/2024,SALINAS CO.,17.9916,-66.2834,0,None,0.105,0.17,0.365,0.0,0.0,0.0,0.0,20,0.36,Not Public Information,Not Public Information,0,0.13469220634461213,0.5266584549300102,0.29147870577877133,0,1063894
ctrl_0477,05/09/2022,VEGA BAJA CO.,18.4565,-66.4152,0,None,0.0,0.0,0.0,0.0,0.0,0.0,7.14,7,2.01,Corozo,"Corozo fine sand, 2 to 12 percent slopes",1,0.0,3.030022118133423,1.2120088472533692,0,1063926
ctrl_0478,12/13/2020,SANTA ISABEL CO.,17.9652,-66.3764,0,None,0.0,0.595,0.0,0.0,0.0,0.0,0.0,5,0.77,Fe,"Fe clay, 0 to 2 percent slopes",0,0.08052449352578456,0.5157923503513581,0.254631636256014,0,1063901
ctrl_0479,02/09/2015,JUANA DIAZ CO.,17.9948,-66.4906,0,None,13.005,1.13,0.0,0.0,0.0,0.0,0.0,2,0.77,Fe,"Fe clay, 0 to 2 percent slopes",1,13.157928870057374,13.984572026717705,13.488586132721506,0,1063904
ctrl_0480,07/05/2022,NAGUABO CO.,18.2116,-65.7086,0,None,0.25,0.14,52.945,166.835,0.0,0.385,0.19,26,6.35,Sabana,"Sabana silty clay loam, 20 to 40 percent slopes",0,1.2386684406171569,149.11026773063776,60.3873081566254,0,1063908
ctrl_0481,03/07/2024,LAS PIEDRAS CO.,18.2,-65.84,0,None,0.43,4.08,0.0,0.0,0.84,0.0,0.0,124,2.38,Mabi,"Mabi clay, 0 to 5 percent slopes, rarely flooded",1,0.9821679556053797,4.441225053467259,2.3657907947501315,0,1067569
ctrl_0482,03/28/2021,LAS PIEDRAS CO.,18.2059,-65.8475,0,None,2.33,1.445,0.855,0.385,1.445,0.0,0.0,108,2.13,Cayagua,"Cayagua sandy loam, 5 to 12 percent slopes, eroded",1,2.5412193555267732,5.29197337416905,3.6415209629836838,0,1063917
ctrl_0483,05/18/2018,CAGUAS CO.,18.2299,-66.0401,0,None,0.835,0.365,0.0,0.61,0.0,0.0,0.78,72,1.32,Urban land,"Urban land-Vega Alta complex, 2 to 12 percent slopes",1,0.8843973783813636,1.8797990781307812,1.2825580582811307,0,1063919
ctrl_0484,06/17/2022,SALINAS CO.,17.9785,-66.3,0,None,2.265,10.555,34.005,0.0,0.0,0.0,26.59,8,0.82,Urban land,Urban land,0,4.316287214973853,48.25295554943837,21.89095454875966,0,1063923
ctrl_0485,03/07/2016,FAJARDO CO.,18.3247,-65.6517,0,None,5.36,4.3,5.315,0.475,1.74,1.285,0.165,12,2.08,Urban land,Urban land,0,6.039289338611057,15.07280241830906,9.652694570490258,0,1067558
ctrl_0486,11/12/2024,VEGA BAJA CO.,18.4072,-66.37,0,None,0.05,84.235,34.86,32.52,11.76,74.495,39.1,81,2.43,Almirante,"Almirante clay, 2 to 5 percent slopes",1,12.088450755097345,180.15522578244617,79.31516076603688,0,1067555
ctrl_0487,07/11/2016,JUANA DIAZ CO.,18.08,-66.5,0,None,0.0,0.0,1.17,0.0,0.0,0.0,1.54,78,2.08,Urban land,"Urban land-Montegrande complex, 2 to 12 percent slopes",1,0.021429297499818988,1.5327626152405875,0.6259626245961265,0,1067479
ctrl_0488,12/26/2017,RINCON CO.,18.3254,-67.2498,0,None,1.645,0.47,0.99,0.91,0.95,1.035,1.075,14,2.38,Water> 40 acres,Water > 40 acres,1,1.7267400656210548,4.888563318031919,2.9914693665854006,0,1067480
ctrl_0489,04/24/2016,FAJARDO CO.,18.3345,-65.6416,0,None,0.685,55.075,5.01,1.305,0.08,0.68,10.565,10,3.19,Vega Alta,"Vega Alta silty clay loam, 5 to 12 percent slopes",0,8.230352075089003,57.904894429962795,28.10016901703852,0,1067481
ctrl_0490,12/30/2024,VEGA BAJA CO.,18.4571,-66.4137,0,None,0.0,0.0,4.735,0.0,0.0,0.315,1.62,9,2.34,Corozo,"Corozo fine sand, 2 to 12 percent slopes",1,0.08672455013815634,4.399934615468579,1.8120085762703255,0,1067483
ctrl_0491,03/21/2016,VEGA BAJA CO.,18.4463,-66.4075,0,None,0.0,0.0,0.0,0.0,0.0,0.0,1.63,12,2.01,Urban land,Urban land,1,0.0,0.6917277384534285,0.27669109538137143,0,1067482
ctrl_0492,05/06/2023,SALINAS CO.,17.98,-66.23,0,None,0.0,0.715,0.0,0.355,0.0,0.0,0.0,11,0.58,Paso Seco,"Paso Seco clay, 0 to 5 percent slopes",0,0.09676472751417808,0.8510785637449045,0.3984902620064687,0,1067484
ctrl_0493,03/23/2021,VEGA ALTA CO.,18.4006,-66.3476,0,None,0.0,0.0,0.0,0.0,0.0,0.0,0.0,76,21.59,Rock outcrop,"Rock outcrop-Tanama complex, 12 to 60 percent slopes",1,0.0,0.0,0.0,0,1067486
ctrl_0494,10/05/2016,MANATI CO.,18.45,-66.45,0,None,13.38,5.02,11.645,0.19,4.48,1.72,3.615,36,7.82,Rock outcrop,"Rock outcrop-San German complex, 20 to 60 percent slopes",1,14.272668736707105,31.512510233693412,21.168605335501628,0,1067487
ctrl_0495,01/27/2018,CIDRA CO.,18.15,-66.11,0,None,0.0,0.0,0.0,0.0,0.0,0.0,0.0,423,13.15,Mucara,"Mucara clay, 40 to 60 percent slopes",1,0.0,0.0,0.0,0,1067488
ctrl_0496,03/07/2018,FAJARDO CO.,18.3639,-65.6304,0,None,0.75,0.0,3.04,5.165,0.0,0.0,0.0,45,8.27,Descalabrado,"Descalabrado-Rock land complex, 40 to 60 percent slopes",0,0.8056795422217519,6.399173703096771,3.04307720657176,0,1067489
ctrl_0497,10/20/2021,AIBONITO CO.,18.1041,-66.2896,0,None,12.53,0.0,7.725,16.82,4.45,2.65,4.78,345,13.18,Caguabo,"Caguabo clay loam, 40 to 60 percent slopes",1,12.671488310415471,35.13115027977521,21.655353098159367,0,1067490
ctrl_0498,05/19/2017,BARCELONETA CO.,18.43,-66.53,0,None,0.0,0.45,0.025,0.045,1.32,0.0,0.0,10,10.66,Toa,"Toa silty clay loam, 0 to 2 percent slopes, occasionally flooded",1,0.061358768428694074,1.1836246658536036,0.5102651273986579,0,1067491
ctrl_0499,01/25/2023,CAGUAS CO.,18.25,-66.07,0,None,0.0,0.0,0.0,0.0,0.0,0.0,0.0,95,3.94,Estacion,Estacion silty clay loam,1,0.0,0.0,0.0,0,1067496
