event_id,date,location,lat,lon,deaths,flood_cause,rain_day_minus_0,rain_day_minus_1,rain_day_minus_2,rain_day_minus_3,rain_day_minus_4,rain_day_minus_5,rain_day_minus_6,elevation_m,slope_deg,soil_compname,soil_muname,is_karst,flood_event_id,KSI_fast,KSI_slow,KSI_combined
ctrl_0000,03/11/2022,SAN JUAN CO.,18.3988,-66.0833,0,None,0.0,0.0,0.385,0.0,0.525,1.865,0.43,15,0.26,Urban land,Urban land,1,574472,0.007051520972162659,1.6812712906028648,0.6767394288244435
ctrl_0001,04/08/2016,SAN JUAN CO.,18.3786,-66.0533,0,None,0.0,0.0,0.0,0.0,0.0,0.0,0.225,27,2.58,Urban land,"Urban land-Vega Alta complex, 2 to 12 percent slopes",1,576170,0.0,0.09548389027731376,0.03819355611092551
ctrl_0002,04/20/2015,SAN JUAN CO.,18.3993,-66.0911,0,None,0.0,0.0,0.0,0.0,0.0,0.0,0.0,34,2.79,Urban land,Urban land,1,576021,0.0,0.0,0.0
ctrl_0003,05/03/2023,SAN JUAN CO.,18.3955,-66.0696,0,None,0.0,0.0,0.0,0.0,0.0,19.345,0.45,13,0.93,Urban land,Urban land,1,575333,0.0,9.661151184683884,3.864460473873554
ctrl_0004,02/07/2018,SAN SEBASTIAN CO.,18.3314,-66.9989,0,None,1.7,0.0,0.79,0.84,0.0,0.0,0.0,66,2.38,Urban land,Urban land,1,599784,1.7144693547221,2.8408758698555623,2.165031960775485
ctrl_0005,10/07/2017,SAN SEBASTIAN CO.,18.3314,-66.9888,0,None,33.62,24.69,19.6,1.55,11.185,6.58,17.555,65,1.39,Toa,"Toa silty clay loam, 0 to 2 percent slopes, occasionally flooded",1,599783,37.32041466533116,87.74932244868114,57.491977778671156
ctrl_0006,07/10/2017,SAN SEBASTIAN CO.,18.3372,-67.0001,0,None,0.035,12.35,9.085,15.47,0.145,5.4,8.51,64,0.52,Lares,"Lares clay, 0 to 5 percent slopes, eroded",1,599782,1.8727883272763168,33.982697495518664,14.716751994573258
ctrl_0007,08/01/2016,VEGA BAJA CO.,18.3251,-66.3598,0,None,22.565,64.19,0.115,0.595,0.27,0.0,9.685,223,2.38,Corozal,"Corozal clay, 5 to 12 percent slopes",1,602949,31.25427812943037,82.94644341622214,51.93114424414708
ctrl_0008,04/12/2023,SAN SEBASTIAN CO.,18.3376,-67.0011,0,None,0.0,0.0,0.0,0.0,26.67,43.465,36.8,56,1.88,Santoni,Santoni clay,1,603063,0.0,51.95588126750167,20.782352507000667
ctrl_0009,03/02/2016,MOCA CO.,18.3922,-67.1052,0,None,0.0,1.575,3.05,1.08,2.32,1.5,2.145,54,1.65,Plata,"Plata clay, 20 to 40 percent slopes, eroded",1,603064,0.2690157697083042,7.315630904490187,3.087661823621058
ctrl_0010,08/10/2022,SAN SEBASTIAN CO.,18.3703,-66.9252,0,None,4.785,0.0,0.0,24.045,0.0,0.0,6.475,221,2.08,Mabi,"Mabi clay, 5 to 12 percent slopes",1,603067,4.785,23.196666314092482,12.149666525636993
ctrl_0011,04/29/2023,CAGUAS CO.,18.2553,-66.0378,0,None,0.47,11.64,0.0,0.0,0.0,0.89,19.185,60,0.26,Urban land,"Urban land-Vega Alta complex, 2 to 12 percent slopes",1,605551,2.045302696874172,19.13774387441009,8.882279167888539
ctrl_0012,02/18/2021,SAN LORENZO CO.,18.1872,-65.9635,0,None,0.0,1.16,0.0,0.0,0.0,0.0,0.14,105,3.58,Urban land,"Urban land-Mucara complex, 12 to 40 percent slopes",1,605680,0.15698892855447072,1.0649905621049836,0.5201895819746759
ctrl_0013,12/30/2015,CAGUAS CO.,18.2392,-66.0452,0,None,0.53,0.0,0.33,0.0,0.185,0.235,0.395,69,0.36,Rio Arriba,"Rio Arriba clay, 2 to 5 percent slopes",1,605549,0.5360441608332823,1.1651299233245591,0.7876784658297931
ctrl_0014,08/22/2021,CAGUAS CO.,18.2514,-66.0381,0,None,0.0,0.0,0.0,0.0,0.0,0.0,21.42,62,0.36,Urban land,"Urban land-Vega Alta complex, 2 to 12 percent slopes",1,605554,0.0,9.09006635440027,3.636026541760108
ctrl_0015,10/02/2019,CAGUAS CO.,18.2374,-66.0562,0,None,17.035,0.0,0.0,16.415,1.95,0.0,3.485,81,1.29,Rio Arriba,"Rio Arriba clay, 2 to 5 percent slopes",1,605553,17.035,30.308511834471577,22.344404733788632
ctrl_0016,05/18/2015,CAGUAS CO.,18.2805,-66.046,0,None,0.005,0.85,0.0,0.32,0.0,0.0,1.37,66,2.58,Urban land,"Urban land-Mucara complex, 12 to 40 percent slopes",1,605552,0.1200349907511208,1.5316975117750138,0.684699999160678
ctrl_0017,05/10/2015,CAGUAS CO.,18.3296,-66.0936,0,None,0.27,0.0,0.0,0.0,0.0,0.0,0.0,94,3.81,Sabana,"Sabana silty clay loam, 40 to 60 percent slopes",1,605550,0.27,0.27,0.27
ctrl_0018,01/26/2016,AIBONITO CO.,18.12,-66.25,0,None,0.0,0.0,0.0,0.0,0.0,0.0,0.0,685,11.47,Maricao,"Maricao clay, 20 to 60 percent slopes",1,605716,0.0,0.0,0.0
ctrl_0019,06/21/2017,AIBONITO CO.,18.1413,-66.2547,0,None,2.55,1.155,12.5,0.0,0.01,0.0,0.0,609,1.39,Urban land,"Urban land-Mucara complex, 12 to 40 percent slopes",1,605718,2.935257738247465,12.95035731887261,6.9412975704975235
ctrl_0020,08/17/2017,COMERIO CO.,18.2363,-66.2137,0,None,82.955,11.99,1.86,0.02,0.0,0.0,2.575,187,7.21,Water,Water,1,605719,84.61173713434003,95.85240264189348,89.10800333736141
ctrl_0021,09/07/2020,SAN LORENZO CO.,18.15,-65.97,0,None,0.0,0.0,0.77,0.0,4.185,1.38,10.645,221,6.85,Pandura,"Pandura sandy loam, 20 to 40 percent slopes",1,605721,0.014103041944325318,8.134999288690171,3.2624615406426636
ctrl_0022,10/08/2021,LAS PIEDRAS CO.,18.1888,-65.8773,0,None,0.0,0.155,0.0,0.0,0.005,11.66,37.87,123,2.94,Cayagua,"Cayagua sandy loam, 5 to 12 percent slopes, eroded",1,605723,0.02097696890167497,21.916245081291486,8.7790842138576
ctrl_0023,04/26/2015,JUNCOS CO.,18.2262,-65.916,0,None,0.0,0.0,0.0,0.0,0.385,0.0,0.0,69,0.26,Urban land,Urban land,1,605725,0.0,0.21741647697298733,0.08696659078919494
ctrl_0024,04/24/2021,CAGUAS CO.,18.2,-66.03,0,None,0.0,0.0,0.0,0.0,0.0,0.0,0.0,161,17.05,Caguabo,"Caguabo clay loam, 40 to 60 percent slopes",1,605731,0.0,0.0,0.0
ctrl_0025,04/01/2017,NAGUABO CO.,18.2202,-65.7927,0,None,0.0,0.0,1.505,0.57,0.32,1.565,0.0,29,9.17,Pandura,"Pandura loam, 12 to 40 percent slopes",0,609484,0.027565036527544936,2.449136085120122,0.9961934559645758
ctrl_0026,01/18/2023,MOCA CO.,18.3677,-67.0961,0,None,0.0,0.0,0.0,3.795,0.0,1.86,2.15,117,8.87,Plata,"Plata clay, 40 to 60 percent slopes, eroded",1,609898,0.0,4.295160328311731,1.7180641313246925
ctrl_0027,04/22/2022,SAN JUAN CO.,18.4404,-66.052,0,None,1.58,0.655,0.595,1.76,0.23,0.0,7.24,23,2.45,Urban land,Urban land,1,631856,1.6795424156587784,6.943811325733725,3.785249979688757
ctrl_0028,11/19/2022,SAN JUAN CO.,18.4247,-66.0429,0,None,0.0,0.0,1.405,0.0,15.635,0.305,0.0,3,0.52,Urban land,Urban land,1,631861,0.025733472638671522,10.034503640526964,4.029241539793988
ctrl_0029,02/17/2021,LUQUILLO CO.,18.3802,-65.7179,0,None,2.115,0.0,0.0,0.155,0.415,0.735,0.0,7,1.81,Urban land,"Urban land-Catano complex, 0 to 2 percent slopes",0,632052,2.115,2.8101441943248946,2.393057677729958
ctrl_0030,09/22/2019,FAJARDO CO.,18.3428,-65.6592,0,None,49.25,1.785,0.035,0.685,0.0,1.41,19.475,15,1.32,Leveled clayey land,Leveled clayey land,0,631867,49.49221452793846,60.224829420254395,53.785260484864835
ctrl_0031,06/28/2017,LUQUILLO CO.,18.337,-65.7252,0,None,0.0,0.0,7.96,0.545,0.0,0.0,0.305,112,11.99,Humatas,"Humatas-Stony land complex, 40 to 60 percent slopes",0,632053,0.14579248555432406,6.466227257165171,2.673966394198663
ctrl_0032,01/21/2020,LUQUILLO CO.,18.3218,-65.7197,0,None,1.23,3.605,1.195,0.4,0.2,0.625,5.545,232,4.81,Humatas,"Humatas-Zarzal complex, 5 to 40 percent slopes",0,631863,1.7397708845400262,8.285740407740128,4.358158693820068
ctrl_0033,08/17/2021,FAJARDO CO.,18.346,-65.6389,0,None,0.0,5.715,68.8,1.62,0.365,0.0,8.185,12,5.94,Descalabrado,"Descalabrado clay loam, 20 to 40 percent slopes, eroded",0,631865,2.033557099242153,61.39079009025094,25.77645029564567
ctrl_0034,02/20/2018,LUQUILLO CO.,18.35,-65.72,0,None,0.23,0.0,1.215,3.07,1.27,1.18,0.2,29,0.58,Rio Arriba,"Rio Arriba clay, 5 to 12 percent slopes, eroded",0,631864,0.25225350124981205,4.522688560069262,1.960427524777592
ctrl_0035,02/05/2024,CANOVANAS CO.,18.33,-65.88,0,None,1.245,0.0,0.06,0.13,0.085,0.825,0.0,117,5.28,Humatas,"Humatas-Stony land complex, 40 to 60 percent slopes",1,632054,1.246098938333324,1.8266486245687001,1.4783188128274745
ctrl_0036,10/07/2024,CAGUAS CO.,18.2365,-66.0245,0,None,0.655,8.55,15.465,1.83,13.945,0.0,4.215,64,0.26,Urban land,"Urban land-Vega Alta complex, 2 to 12 percent slopes",1,632057,2.095368027087313,30.54426161148173,13.474925460845082
ctrl_0037,02/03/2015,CAGUAS CO.,18.2389,-66.0127,0,None,0.0,0.0,0.0,0.0,0.275,0.0,0.0,59,0.52,Urban land,"Urban land-Vega Alta complex, 2 to 12 percent slopes",1,632056,0.0,0.15529748355213382,0.06211899342085353
ctrl_0038,07/13/2023,CAGUAS CO.,18.2361,-66.0219,0,None,10.295,1.91,0.0,0.0,66.425,29.61,0.0,62,0.36,Urban land,"Urban land-Vega Alta complex, 2 to 12 percent slopes",1,632073,10.55349039098193,63.957466582369634,31.91508086753701
ctrl_0039,01/21/2024,CAGUAS CO.,18.2307,-66.0321,0,None,0.045,0.0,0.0,0.0,0.0,0.0,0.045,75,1.73,Urban land,"Urban land-Vega Alta complex, 2 to 12 percent slopes",1,632070,0.045,0.06409677805546275,0.0526387112221851
ctrl_0040,10/22/2016,PENUELAS CO.,18.0881,-66.6958,0,None,0.025,3.7,0.555,50.315,62.58,0.0,3.31,225,7.39,Caguabo,"Caguabo gravelly clay loam, 20 to 60 percent slopes",1,632364,0.5359057275587146,73.1714085008438,29.59010683687275
ctrl_0041,11/06/2022,SABANA GRANDE CO.,18.0318,-66.8988,0,None,0.32,94.565,34.845,1.48,0.58,4.515,9.615,61,1.29,Fraternidad,"Fraternidad clay, 2 to 5 perecent slopes",1,632367,13.756189496348222,116.06382668707825,54.679244372640234
ctrl_0042,10/05/2019,AGUADILLA CO.,18.4795,-67.1532,0,None,21.81,1.145,0.0,27.115,25.06,1.395,48.06,76,2.08,Urban land,Urban land,1,632773,21.96495889930592,75.69645095599914,43.45755572198321
ctrl_0043,11/01/2018,AGUADILLA CO.,18.4699,-67.125,0,None,0.105,0.0,0.28,2.38,0.44,0.375,0.71,90,3.1,Coto,"Coto clay, 2 to 5 percent slopes",1,632819,0.11012837888884557,2.599197415432898,1.1057559935064667
ctrl_0044,02/19/2018,LUQUILLO CO.,18.3277,-65.7483,0,None,0.0,1.215,3.07,1.27,1.18,0.2,0.73,141,18.91,Naranjito,"Naranjito silty clay loam, 40 to 60 percent slopes",0,632822,0.22066138052089837,5.26168743422676,2.2370718020032427
ctrl_0045,10/05/2016,NAGUABO CO.,18.2185,-65.7821,0,None,21.155,48.99,36.905,0.135,0.355,1.31,4.58,11,0.82,Toa,"Toa silty clay loam, 0 to 2 percent slopes, occasionally flooded",0,632823,28.46101417895039,94.22996422300432,54.76859419657196
ctrl_0046,06/07/2017,FAJARDO CO.,18.3394,-65.6688,0,None,0.0,0.2,0.0,1.31,0.775,3.12,1.49,25,1.32,Fajardo,"Fajardo clay, 2 to 10 percent slopes, eroded",0,633046,0.027067056647322542,3.6241028077480824,1.4658813570876266
ctrl_0047,08/01/2023,FAJARDO CO.,18.32,-65.65,0,None,3.275,0.0,0.0,1.785,0.0,3.225,0.665,7,3.09,Toa,"Toa silty clay loam, 0 to 2 percent slopes, occasionally flooded",0,633052,3.275,6.29879851213928,4.484519404855712
ctrl_0048,10/17/2018,LUQUILLO CO.,18.35,-65.72,0,None,3.85,7.925,45.21,4.44,20.095,16.9,3.07,29,0.58,Rio Arriba,"Rio Arriba clay, 5 to 12 percent slopes, eroded",0,633053,5.7505821538098285,68.51077453537843,30.85465910643727
ctrl_0049,03/01/2016,NAGUABO CO.,18.22,-65.73,0,None,0.26,4.235,2.385,0.0,0.89,0.26,0.155,29,1.39,Cobbly alluvial land,Cobbly alluvial land,0,640321,0.8768277232566858,6.419159000578217,3.0937602341852983
ctrl_0050,01/22/2016,CIDRA CO.,18.193,-66.2015,0,None,0.0,0.0,0.0,0.0,0.0,0.0,0.0,324,11.44,Mucara,"Mucara clay, 20 to 40 percent slopes",1,658835,0.0,0.0,0.0
ctrl_0051,04/13/2019,PONCE CO.,17.9965,-66.6338,0,None,0.865,0.0,0.0,0.335,0.0,0.0,0.0,12,0.82,Urban land,Urban land,1,658831,0.865,1.0832320842729035,0.9522928337091614
ctrl_0052,02/08/2016,PONCE CO.,18.0061,-66.6267,0,None,0.0,0.0,0.305,0.0,0.0,0.0,0.0,11,1.29,Urban land,Urban land,1,658237,0.005586269861063925,0.2292005743879622,0.09503199167182325
ctrl_0053,01/17/2019,UTUADO CO.,18.2716,-66.7008,0,None,0.0,0.0,0.0,0.0,0.0,0.0,18.435,161,4.75,Lirios,"Lirios clay loam, 40 to 60 percent slopes",1,661451,0.0,7.823313410054572,3.1293253640218293
ctrl_0054,07/10/2024,SAN SEBASTIAN CO.,18.3295,-66.9869,0,None,27.81,18.52,2.485,0.915,0.0,5.335,17.615,68,0.73,Lares,"Lares clay, 5 to 20 percent slopes, eroded",1,661455,30.36192380818057,56.41509894464218,40.783193862765216
ctrl_0055,11/16/2018,SAN SEBASTIAN CO.,18.3118,-67.0078,0,None,10.415,17.53,12.095,6.38,0.0,0.0,0.365,113,0.82,Humatas,"Humatas clay, 12 to 20 percent slopes",1,661460,13.00895516749706,39.01156471808649,23.409998987732834
ctrl_0056,10/15/2021,TRUJILLO ALTO CO.,18.3363,-66.0097,0,None,17.85,3.705,22.87,8.635,41.515,6.78,0.0,30,3.66,Mucara,"Mucara clay, 20 to 40 percent slopes",1,663756,18.770295885777,70.63660985993513,39.51682147544025
ctrl_0057,12/26/2017,CABO ROJO CO.,18.03,-67.13,0,None,2.855,3.285,0.515,0.29,3.26,1.785,0.2,24,2.08,Urban land,Urban land,0,663761,3.309008959459971,9.078309542486972,5.616729192670771
ctrl_0058,01/26/2024,MAYAGUEZ CO.,18.1819,-67.1694,0,None,0.0,0.0,0.635,0.0,0.0,0.255,0.135,5,2.08,Leveled sandy land,Leveled sandy land,1,663762,0.011630430694346204,0.6593115384562179,0.2707028737990949
ctrl_0059,07/04/2015,SALINAS CO.,17.971,-66.2177,0,None,0.0,0.0,0.0,3.965,0.505,0.0,0.38,4,0.73,Paso Seco,"Paso Seco clay, 0 to 5 percent slopes",0,664147,0.0,3.0294001960817947,1.211760078432718
ctrl_0060,03/15/2023,MAYAGUEZ CO.,18.2383,-67.1612,0,None,0.0,0.0,0.275,0.0,0.0,0.0,0.0,21,4.73,Lares,"Lares clay, 0 to 5 percent slopes, eroded",1,664002,0.0050368006944019,0.20665625559570366,0.08568458265492261
ctrl_0061,03/03/2020,SAN SEBASTIAN CO.,18.346,-67.0033,0,None,0.98,0.46,0.0,0.0,0.505,0.0,2.9,74,2.85,Urban land,Urban land,1,664004,1.0422542302888418,2.894627737962157,1.783203633358168
ctrl_0062,01/12/2021,VEGA ALTA CO.,18.3943,-66.3506,0,None,0.0,0.0,0.0,0.0,0.0,0.0,1.345,133,11.18,Colinas,"Colinas clay loam, 40 to 60 percent slopes",1,664010,0.0,0.5707814774354978,0.22831259097419912
ctrl_0063,06/02/2016,COAMO CO.,18.097,-66.3648,0,None,1.195,29.315,18.77,2.21,0.0,4.08,8.295,165,3.59,Llanos,"Llanos clay, 5 to 12 percent slopes, eroded",0,664013,5.506138370022843,47.669937465226,22.371658008104106
ctrl_0064,04/07/2019,SAN SEBASTIAN CO.,18.3439,-67.0004,0,None,0.0,0.5,1.255,0.0,0.49,4.47,0.0,60,0.82,Santoni,Santoni clay,1,667350,0.09065376842366774,3.841506050687957,1.5909946813293836
ctrl_0065,11/26/2015,SAN SEBASTIAN CO.,18.3314,-66.9885,0,None,5.025,2.0,0.81,0.0,0.0,0.0,0.65,66,1.57,Toa,"Toa silty clay loam, 0 to 2 percent slopes, occasionally flooded",1,667352,5.310506233973101,7.643294756581363,6.2436216430164055
ctrl_0066,03/18/2021,SAN SEBASTIAN CO.,18.3261,-66.9868,0,None,0.0,0.0,0.0,0.0,0.0,0.0,5.155,84,6.02,Humatas,"Humatas clay, 20 to 40 percent slopes",1,667357,0.0,2.1876420194646773,0.8750568077858709
ctrl_0067,04/22/2018,SAN SEBASTIAN CO.,18.3285,-66.9853,0,None,0.305,23.085,0.965,1.375,16.43,13.85,7.4,66,6.07,Toa,"Toa silty clay loam, 0 to 2 percent slopes, occasionally flooded",1,667364,3.446889605044833,41.13661039511651,18.522777921073505
ctrl_0068,04/27/2024,SAN SEBASTIAN CO.,18.3194,-67.003,0,None,35.01,23.895,10.21,26.895,5.91,10.48,1.06,122,4.12,Humatas,"Humatas clay, 20 to 40 percent slopes",1,667376,38.43083926599283,89.83479993876729,58.99242353510262
ctrl_0069,01/25/2022,JUANA DIAZ CO.,18.0967,-66.5448,0,None,0.0,0.0,0.0,0.0,0.0,0.0,0.0,189,14.19,Reilly,Reilly gravelly loam,1,665874,0.0,0.0,0.0
ctrl_0070,12/15/2021,JUANA DIAZ CO.,17.9996,-66.5283,0,None,0.0,0.0,0.0,0.0,0.0,0.0,0.0,12,0.58,Urban land,"Urban land-Cortada complex, 0 to 2 percent slopes, occasionally flooded",1,665876,0.0,0.0,0.0
ctrl_0071,12/12/2024,YABUCOA CO.,18.0645,-65.8269,0,None,0.0,0.205,0.0,0.0,0.0,0.0,0.0,14,9.8,Teja,"Teja gravelly sandy loam, 12 to 40 percent slopes",0,665884,0.027743733063505603,0.17770996944878723,0.08773022761761826
ctrl_0072,09/06/2024,NAGUABO CO.,18.2154,-65.7755,0,None,0.14,0.87,0.13,1.45,3.995,0.71,0.0,33,8.99,Sabana,"Sabana silty clay loam, 40 to 60 percent slopes",0,666186,0.26012272947138854,4.54008593000891,1.9721080096863972
ctrl_0073,01/28/2019,VEGA ALTA CO.,18.4191,-66.3104,0,None,0.0,0.0,0.0,3.055,0.0,0.0,0.0,47,7.97,San Sebastian,"San Sebastian gravelly clay, 20 to 60 percent slopes",1,666332,0.0,1.9901463207573749,0.79605852830295
ctrl_0074,06/29/2021,HATILLO CO.,18.4779,-66.8058,0,None,1.78,15.03,0.35,9.35,6.705,0.0,0.195,48,0.73,Colinas,"Colinas clay loam, 12 to 20 percent slopes",1,681238,3.8204997806573457,25.032334786705977,12.3052337830768
ctrl_0075,03/05/2017,HATILLO CO.,18.4739,-66.7761,0,None,0.0,0.0,0.0,0.0,0.0,0.0,0.4,60,3.35,Colinas,"Colinas clay loam, 12 to 20 percent slopes",1,681254,0.0,0.16974913827078,0.067899655308312
ctrl_0076,12/02/2022,SAN SEBASTIAN CO.,18.3301,-66.9178,0,None,0.0,0.75,0.345,0.19,0.355,0.2,0.0,295,9.72,Soller,"Soller clay, 20 to 40 percent slopes",1,688401,0.10782035784407282,1.3315747770786555,0.5973221255379059
ctrl_0077,10/19/2015,CAROLINA CO.,18.4312,-66.0084,0,None,4.22,0.0,0.245,3.36,0.89,0.0,0.235,3,0.58,Urban land,Urban land,1,695346,4.224487331527739,7.19527391742878,5.412801965888155
ctrl_0078,07/14/2015,CAROLINA CO.,18.4187,-65.999,0,None,0.0,0.715,41.685,0.075,0.82,0.0,0.0,0,0.0,Made land,Made land,1,696260,0.8602521345910623,32.45707544952587,13.498981460564986
ctrl_0079,06/08/2022,CAROLINA CO.,18.3943,-65.9658,0,None,0.0,0.0,0.0,0.115,0.005,0.0,0.0,5,0.93,Made land,Made land,1,696261,0.0,0.07773908222611019,0.031095632890444078
ctrl_0080,07/29/2017,CAROLINA CO.,18.4276,-66.0133,0,None,0.0,0.07,3.445,6.835,6.995,0.0,0.0,1,0.58,Urban land,Urban land,1,696265,0.07257084579825213,11.052309949295914,4.464466487197317
ctrl_0081,09/09/2023,RIO GRANDE CO.,18.348,-65.7664,0,None,1.395,0.0,0.58,0.0,0.0,1.63,3.54,38,6.1,Humatas,"Humatas clay, 20 to 40 percent slopes",0,696266,1.4056230705554658,4.131089608757902,2.4958096858364405
ctrl_0082,04/07/2018,RIO GRANDE CO.,18.2913,-65.8145,0,None,0.0,0.475,0.0,1.16,0.0,3.235,0.0,880,14.17,Yunque,"Yunque-Moteado complex, 20 to 60 percent slopes",1,696270,0.06428425953739103,2.7511035777841037,1.139011986836076
ctrl_0083,11/30/2015,VEGA ALTA CO.,18.4025,-66.3411,0,None,0.45,34.93,4.605,0.23,5.32,0.99,0.57,69,15.04,San Sebastian,"San Sebastian gravelly clay, 20 to 60 percent slopes",1,696285,5.261604960537503,38.0712681301962,18.385470228400983
ctrl_0084,08/11/2024,NAGUABO CO.,18.2124,-65.7714,0,None,1.79,0.395,0.165,0.0,0.0,0.0,0.0,13,1.15,Coloso,"Coloso silty clay loam, 0 to 2 percent slopes, occasionally flooded",0,696272,1.8464795172951032,2.256410523758744,2.0104519198805595
ctrl_0085,08/18/2017,FAJARDO CO.,18.3195,-65.656,0,None,0.02,88.05,5.33,0.245,0.84,0.0,0.51,9,0.26,Vega Baja,"Vega Baja silty clay loam, 0 to 3 percent slopes",0,696290,12.033894044260702,81.20436898797163,39.70208402174508
ctrl_0086,09/26/2024,COMERIO CO.,18.2376,-66.2065,0,None,11.685,0.0,0.28,2.235,5.765,4.315,7.565,238,15.02,Caguabo,"Caguabo-Rock outcrop complex, 20 to 60 percent slopes",1,696500,11.690128378888845,21.9297327475521,15.785970126354147
ctrl_0087,02/25/2016,SAN LORENZO CO.,18.1798,-65.9786,0,None,0.0,0.0,0.0,0.0,0.0,0.295,10.49,130,2.2,Pandura,"Pandura sandy loam, 12 to 20 percent slopes",1,698056,0.0,4.596085940720506,1.8384343762882027
ctrl_0088,04/13/2019,MAUNABO CO.,18.016,-65.9293,0,None,0.0,0.0,0.0,0.0,0.0,0.0,0.0,21,1.03,Reilly,Reilly soils,0,699780,0.0,0.0,0.0
ctrl_0089,02/19/2018,MAUNABO CO.,18.01,-65.9249,0,None,0.245,0.0,0.0,0.0,0.185,0.0,0.645,19,0.58,Coloso,"Coloso silty clay, 0 to 2 percent slopes, occasionally flooded",0,703582,0.245,0.6231933380330682,0.3962773352132273
ctrl_0090,02/08/2020,GUAYNABO CO.,18.4109,-66.1103,0,None,0.0,0.105,0.0,0.0,0.0,0.0,0.0,21,1.32,Urban land,"Urban land-Vega Alta complex, 2 to 12 percent slopes",1,708505,0.014210204739844334,0.09102217947376906,0.04493499463341423
ctrl_0091,02/23/2022,SAN JUAN CO.,18.3905,-66.0715,0,None,0.16,0.0,0.0,0.0,0.0,0.54,0.0,24,2.32,Urban land,"Urban land-Vega Alta complex, 2 to 12 percent slopes",1,709391,0.16,0.42435249616075466,0.2657409984643019
ctrl_0092,05/16/2024,SAN JUAN CO.,18.3923,-66.0731,0,None,0.0,0.0,0.0,0.535,0.0,0.0,10.295,26,2.31,Urban land,"Urban land-Vega Alta complex, 2 to 12 percent slopes",1,708510,0.0,4.717438342023315,1.886975336809326
ctrl_0093,02/10/2019,GUAYNABO CO.,18.4012,-66.1049,0,None,0.0,0.0,0.0,0.0,1.075,0.0,0.0,21,2.66,Urban land,Urban land,1,708507,0.0,0.6070719811583412,0.24282879246333647
ctrl_0094,11/04/2016,AGUADA CO.,18.3717,-67.141,0,None,2.78,0.43,8.77,51.625,7.46,3.49,13.075,28,6.07,Rio Piedras,"Rio Piedras clay, 5 to 12 percent slopes, eroded",1,710792,2.998822324845942,54.84372724146135,23.736784291492107
ctrl_0095,03/04/2019,RIO GRANDE CO.,18.3516,-65.7938,0,None,0.0,0.0,0.0,0.995,1.68,9.03,1.065,204,11.24,Caguabo,"Caguabo clay loam, 20 to 60 percent slopes",0,710795,0.0,6.469426573661674,2.5877706294646696
ctrl_0096,01/02/2019,NAGUABO CO.,18.219,-65.7861,0,None,0.845,0.655,0.66,0.0,1.025,1.375,3.08,15,0.93,Toa,"Toa silty clay loam, 0 to 2 percent slopes, occasionally flooded",0,715762,0.9457329321865459,4.467804259399828,2.3545614630718585
ctrl_0097,05/15/2017,NAGUABO CO.,18.2367,-65.7601,0,None,0.0,0.41,0.0,2.125,4.35,4.445,39.56,73,5.75,Urban land,Urban land,0,715627,0.055487466127011206,23.16045421859562,9.297474167114457
ctrl_0098,07/15/2022,NAGUABO CO.,18.2195,-65.7911,0,None,1.295,0.875,0.49,0.0,0.235,2.45,1.09,23,3.02,Pandura,"Pandura loam, 12 to 40 percent slopes",0,715881,1.4223930358875156,4.216394262262533,2.5399935264375224
ctrl_0099,01/05/2018,NAGUABO CO.,18.2152,-65.7315,0,None,6.25,0.695,1.405,0.0,0.89,2.48,1.05,21,0.26,Toa,"Toa silty clay loam, 0 to 2 percent slopes, occasionally flooded",0,715793,6.369791494488117,10.070559669346101,7.850098764431311
ctrl_0100,11/21/2022,NAGUABO CO.,18.2008,-65.7268,0,None,1.95,0.16,0.82,0.355,1.215,0.56,22.18,6,0.73,Toa,"Toa silty clay loam, 0 to 2 percent slopes, occasionally flooded",0,715791,1.98667246920662,13.30903827441136,6.515618791288517
ctrl_0101,09/07/2022,GUAYNABO CO.,18.4046,-66.1066,0,None,6.32,2.22,15.65,4.025,14.005,0.41,0.0,15,2.43,Urban land,Urban land,1,715882,6.907084077393971,30.73672015977315,16.438938510345643
ctrl_0102,04/15/2022,GUAYNABO CO.,18.3991,-66.1089,0,None,4.935,0.0,0.0,0.0,0.0,0.0,0.0,19,3.28,Urban land,"Urban land-Vega Alta complex, 2 to 12 percent slopes",1,715883,4.935,4.935,4.935
ctrl_0103,10/27/2015,LARES CO.,18.3147,-66.8956,0,None,10.465,12.565,22.89,1.86,7.95,7.25,0.38,293,15.12,Soller,"Soller-Limestone rockland complex, 20 to 40 percent slopes",1,715891,12.584732808031164,47.970260478968925,26.738943876406267
ctrl_0104,11/07/2021,CEIBA CO.,18.2638,-65.6952,0,None,0.0,0.23,1.295,2.695,34.76,1.575,0.255,94,6.17,Humatas,"Humatas clay, 20 to 40 percent slopes",0,718939,0.054845867505331686,23.437018381960765,9.407714873287507
ctrl_0105,02/20/2022,RIO GRANDE CO.,18.4045,-65.8041,0,None,0.0,0.585,2.785,0.0,1.045,0.0,0.37,1,0.77,Tidal swamp,Tidal swamp,1,718940,0.1301801949985431,3.347136222967108,1.4169626061859693
ctrl_0106,12/08/2016,RIO GRANDE CO.,18.3609,-65.7709,0,None,0.0,1.17,1.81,10.325,3.32,4.155,2.415,27,8.75,Caguabo,"Caguabo clay loam, 20 to 60 percent slopes",0,718941,0.1914935877754457,14.034299495016864,5.728615950672013
ctrl_0107,01/03/2021,LUQUILLO CO.,18.3553,-65.7001,0,None,0.0,0.275,0.0,0.15,0.68,2.935,2.595,8,0.58,Coloso,"Coloso silty clay loam, 0 to 2 percent slopes, occasionally flooded",0,718943,0.037217202890068496,3.258167909357577,1.325597485477072
ctrl_0108,03/13/2023,LUQUILLO CO.,18.3717,-65.7634,0,None,0.24,0.0,0.0,0.0,0.0,0.0,0.0,9,1.03,Water,Water,0,718944,0.24,0.24,0.24
ctrl_0109,10/06/2017,PATILLAS CO.,18.0026,-66.0131,0,None,16.78,5.04,0.0,0.0,0.0,2.725,34.465,16,0.26,Parcelas,"Parcelas clay, 5 to 12 percent slopes, eroded",0,718991,17.46208982751253,37.109075763289695,25.320884201823397
ctrl_0110,11/07/2016,PATILLAS CO.,17.9968,-65.9891,0,None,38.365,26.285,14.79,11.91,1.585,0.575,13.84,53,9.49,Parcelas,"Parcelas clay, 5 to 12 percent slopes, eroded",0,719001,42.19317621903874,87.07375879650841,60.14540925002661
ctrl_0111,03/15/2020,NAGUABO CO.,18.2186,-65.7821,0,None,1.02,2.095,1.42,0.55,6.655,1.12,1.95,11,0.82,Toa,"Toa silty clay loam, 0 to 2 percent slopes, occasionally flooded",0,719011,1.3295356256027062,9.395511247521096,4.555925874370063
ctrl_0112,04/11/2019,CAROLINA CO.,18.4255,-65.9879,0,None,2.045,0.0,0.0,0.35,0.0,0.49,0.0,6,1.29,Urban land,Urban land,1,720511,2.045,2.5128790833187766,2.2321516333275104
ctrl_0113,01/17/2018,SAN LORENZO CO.,18.1893,-65.989,0,None,0.23,0.0,1.61,0.0,0.115,0.26,0.335,225,21.62,Mucara,"Mucara clay, 40 to 60 percent slopes",1,720493,0.25948817861086204,1.7742667606686888,0.8653996114339928
ctrl_0114,03/13/2022,MAYAGUEZ CO.,18.2028,-67.1376,0,None,0.29,1.35,0.29,1.71,1.35,0.385,3.395,14,1.65,Leveled land,"Leveled land, frequently flooded",1,720502,0.47801416764716004,5.18376318274583,2.3603137736866278
ctrl_0115,09/26/2022,MAYAGUEZ CO.,18.1813,-67.1336,0,None,3.505,1.905,4.915,1.315,0.95,11.495,42.89,43,5.82,Mucara,"Mucara clay, 20 to 40 percent slopes",1,720476,3.8528350797038753,34.0716705987414,15.940369287318886
ctrl_0116,04/07/2021,PATILLAS CO.,18.0,-66.0085,0,None,0.65,0.34,0.015,0.0,0.485,0.0,0.0,25,5.31,Patillas,"Patillas clay loam, 20 to 40 percent slopes, eroded",0,720485,0.6962887308837794,1.2298989344849542,0.9097328123242494
ctrl_0117,06/25/2017,MAYAGUEZ CO.,18.204,-67.1506,0,None,0.84,0.17,0.0,0.0,9.98,15.575,13.275,6,1.09,Leveled sandy land,Leveled sandy land,1,720492,0.8630069981502241,19.881416974556025,8.470370988712544
ctrl_0118,09/12/2022,ARROYO CO.,17.9891,-66.061,0,None,0.0,0.0,0.0,0.0,0.815,0.0,1.585,40,2.06,Cobbly alluvial land,Cobbly alluvial land,0,720433,0.0,1.1328762298342896,0.45315049193371587
ctrl_0119,08/28/2018,PATILLAS CO.,18.0139,-66.0265,0,None,0.0,0.0,0.24,0.0,0.5,0.0,0.0,33,1.39,Cobbly alluvial land,Cobbly alluvial land,0,720425,0.004395753333296203,0.46271361134194827,0.18772289653675706
ctrl_0120,06/21/2024,PATILLAS CO.,17.9924,-65.9708,0,None,0.0,1.955,0.2,3.2,2.225,0.33,0.0,106,13.38,Caguabo,"Caguabo clay loam, 20 to 60 percent slopes",0,720474,0.2682436065053247,5.3476933058471,2.3000234862420346
ctrl_0121,08/21/2023,PATILLAS CO.,18.0023,-66.0382,0,None,7.465,2.355,0.0,0.465,0.0,0.0,0.0,142,17.19,Rock land,Rock land,0,720472,7.783714592022223,9.809416615663618,8.59399540147878
ctrl_0122,09/21/2023,MAYAGUEZ CO.,18.1594,-67.1444,0,None,8.09,17.44,11.16,0.84,10.53,5.885,3.24,34,3.94,Malaya,"Malaya clay, 20 to 60 percent slopes",1,720414,10.654649869644798,42.344448481917134,23.33056931455373
ctrl_0123,08/25/2015,MAYAGUEZ CO.,18.2018,-67.1413,0,None,4.055,0.28,7.74,4.875,10.185,0.0,0.0,22,0.52,Leveled clayey land,Leveled clayey land,1,720480,4.234656924305053,19.04157953844569,10.157425969961308
ctrl_0124,08/03/2017,AGUADA CO.,18.3768,-67.1937,0,None,0.0,3.835,0.0,0.0,11.44,3.385,0.11,12,0.36,Coloso,"Coloso clay, 0 to 2 percent slopes, occasionally flooded",1,720407,0.5190108112124097,11.488631591935462,4.906859123501631
ctrl_0125,03/27/2024,MAYAGUEZ CO.,18.1804,-67.1496,0,None,0.0,2.68,0.385,0.0,0.0,1.485,0.0,14,4.32,Toa,"Toa silty clay loam, 0 to 2 percent slopes, occasionally flooded",1,720478,0.36975008004628473,3.3395208936065472,1.5576584054703897
ctrl_0126,05/19/2015,CULEBRA CO.,18.3142,-65.2217,0,None,0.995,0.0,0.15,5.475,1.03,0.15,0.0,0,0.0,Water,Water,0,721841,0.9977473458333102,5.329441348545357,2.730424946918129
ctrl_0127,01/18/2024,HUMACAO CO.,18.1975,-65.817,0,None,0.0,0.215,0.0,0.06,0.0,0.0,0.535,201,11.83,Sabana,"Sabana silty clay loam, 40 to 60 percent slopes",1,721848,0.02909708589587173,0.45250456433532066,0.1984600772716513
ctrl_0128,07/23/2018,CEIBA CO.,18.2851,-65.6371,0,None,0.61,0.085,0.0,0.0,0.46,0.0,0.0,7,1.29,Vega Alta,"Vega Alta silty clay loam, 5 to 12 percent slopes",0,721940,0.621503499075112,0.9434549576023347,0.7502840824860011
ctrl_0129,07/09/2019,CANOVANAS CO.,18.401,-65.9279,0,None,0.13,0.0,3.375,0.045,4.835,0.0,0.0,6,1.09,Bajura,"Bajura clay, 0 to 2 percent slopes, frequently flooded",1,721939,0.19181528124947786,5.425962741625504,2.2854742653998885
ctrl_0130,01/08/2018,CAROLINA CO.,18.4321,-65.966,0,None,0.0,1.59,0.0,1.615,0.0,0.0,0.0,5,0.73,Tidal swamp,Tidal swamp,1,721887,0.2151831003462142,2.4304099385154436,1.101273835613906
ctrl_0131,10/06/2015,GURABO CO.,18.294,-66.0114,0,None,0.59,4.055,1.065,20.9,6.62,0.0,0.0,296,4.26,Caguabo,"Caguabo clay loam, 40 to 60 percent slopes",1,721846,1.1582907289409663,22.259023470702594,9.598583825645619
ctrl_0132,05/21/2017,CIALES CO.,18.3676,-66.4666,0,None,5.845,10.59,0.385,2.645,2.19,0.0,0.0,204,15.84,Naranjo,"Naranjo clay, 5 to 20 percent slopes",1,721837,7.285252170447891,18.274344710555045,11.680889186490752
ctrl_0133,05/19/2021,CIDRA CO.,18.1658,-66.102,0,None,0.0,0.0,0.0,0.0,0.0,0.0,0.0,451,4.38,Naranjito,"Naranjito silty clay loam, 20 to 40 percent slopes",1,721838,0.0,0.0,0.0
ctrl_0134,11/05/2024,BAYAMON CO.,18.416,-66.1973,0,None,26.07,0.92,5.1,3.655,13.415,110.915,30.495,34,0.36,Almirante,"Almirante clay, 2 to 5 percent slopes",1,721943,26.287918218910228,107.89552832314227,58.93096226060305
ctrl_0135,01/26/2023,AGUAS BUENAS CO.,18.2662,-66.1853,0,None,0.0,0.0,0.0,0.0,0.0,0.0,0.0,541,3.93,Humatas,"Humatas clay, 40 to 60 percent slopes",1,721853,0.0,0.0,0.0
ctrl_0136,07/19/2018,CATANO CO.,18.4498,-66.1588,0,None,3.905,0.0,0.0,8.8,0.265,0.0,0.0,2,0.82,Urban land,Urban land-Durados complex,1,721944,3.905,9.787314008605344,6.257925603442137
ctrl_0137,05/27/2017,GUAYNABO CO.,18.4298,-66.1188,0,None,0.19,0.0,0.0,0.0,0.0,0.0,3.29,4,1.15,Urban land,Urban land,1,721845,0.19,1.5861866622771654,0.7484746649108662
ctrl_0138,05/15/2022,COROZAL CO.,18.3566,-66.3306,0,None,0.0,0.01,0.23,7.965,0.375,0.0,0.0,172,7.34,Soller,"Soller clay loam, 40 to 60 percent slopes",1,721840,0.005565949776774988,5.581989945392585,2.236135548023099
ctrl_0139,08/13/2020,FLORIDA CO.,18.3914,-66.5792,0,None,0.0,12.495,0.02,0.14,0.0,0.11,0.0,174,2.43,Vega Alta,"Vega Alta clay, 5 to 12 percent slopes, eroded",1,721844,1.6913806768192503,10.991719953845637,5.411516387629805
ctrl_0140,06/16/2019,BARCELONETA CO.,18.4816,-66.5888,0,None,0.97,10.8,0.0,0.0,0.0,0.0,1.22,13,2.2,Santa Clara,"Santa Clara clay, 2 to 12 percent slopes",1,721948,2.4316210589554172,10.85001618902784,5.798979110984386
ctrl_0141,12/09/2024,FAJARDO CO.,18.2891,-65.6395,0,None,0.21,0.305,0.0,0.28,0.29,0.11,0.0,59,10.49,Naranjito,"Naranjito silty clay loam, 20 to 40 percent slopes",0,721843,0.2512772613871669,0.874418533466016,0.5005337702187065
ctrl_0142,03/25/2022,ARECIBO CO.,18.4819,-66.7687,0,None,0.0,0.0,0.0,0.0,0.0,0.0,0.0,17,3.3,San German,"San German gravelly clay loam, 5 to 20 percent slopes",1,721954,0.0,0.0,0.0
ctrl_0143,03/01/2020,ADJUNTAS CO.,18.2493,-66.7947,0,None,0.0,0.0,0.0,0.0,0.0,0.0,1.27,479,8.74,Lirios,"Lirios clay loam, 40 to 60 percent slopes",1,721850,0.0,0.5389535140097265,0.2155814056038906
ctrl_0144,08/15/2016,JAYUYA CO.,18.2777,-66.5758,0,None,0.0,3.995,8.145,4.045,9.74,25.585,0.275,478,5.41,Humatas,"Humatas clay, 40 to 60 percent slopes",1,721849,0.6898453352790076,30.36101114999468,12.558311661165277
ctrl_0145,12/27/2017,HATILLO CO.,18.4803,-66.8243,0,None,0.215,0.0,0.0,0.0,0.97,0.26,0.215,8,2.38,Colinas,"Colinas clay loam, 20 to 40 percent slopes",1,721847,0.215,0.9812975716528786,0.5215190286611515
ctrl_0146,08/01/2016,CAMUY CO.,18.479,-66.9067,0,None,9.19,38.66,2.75,22.295,0.0,16.145,39.645,70,5.67,San German,"San German gravelly clay loam, 12 to 20 percent slopes",1,721955,14.472430056871465,84.02180750836362,42.29218103746833
ctrl_0147,10/14/2017,COMERIO CO.,18.2617,-66.2115,0,None,0.0,0.0,0.145,23.265,16.36,25.23,15.745,289,24.78,Caguabo,"Caguabo clay loam, 40 to 60 percent slopes",1,721839,0.0026557676388664557,43.53636888280837,17.416141013706667
ctrl_0148,05/17/2023,BARRANQUITAS CO.,18.2403,-66.3526,0,None,20.6,0.0,5.06,4.215,3.355,0.955,0.0,639,25.26,Maricao,"Maricao clay, 20 to 60 percent slopes",1,721956,20.692677132776996,29.51043231466727,24.219779205533108
ctrl_0149,04/25/2021,DORAD CO.,18.4728,-66.3125,0,None,0.0,0.0,0.0,0.0,0.0,0.0,0.0,6,1.32,Urban land,Urban land-Durados complex,1,721842,0.0,0.0,0.0
ctrl_0150,01/23/2021,CAGUAS CO.,18.3041,-66.0662,0,None,0.0,0.32,0.0,11.155,0.475,0.0,0.0,86,1.65,Humatas,"Humatas clay, 20 to 40 percent slopes",1,721942,0.04330729063571607,7.8124447226326685,3.150962263434497
ctrl_0151,12/19/2017,PONCE CO.,18.1531,-66.6623,0,None,0.0,0.0,0.0,0.0,0.0,0.0,0.0,821,11.62,Los Guineos,"Los Guineos clay, 20 to 40 percent slopes",1,721503,0.0,0.0,0.0
ctrl_0152,05/25/2023,FAJARDO CO.,18.3599,-65.6649,0,None,1.225,2.43,50.4,40.735,1.615,2.485,2.325,8,1.39,Catano,"Catano loamy sand, 0 to 2 percent slopes",0,721924,2.4769729382571715,70.85753653315537,29.829198376216453
ctrl_0153,07/29/2021,GUAYAMA CO.,18.0976,-66.0903,0,None,0.0,0.0,0.0,18.675,2.925,4.6,0.0,685,11.18,Los Guineos,"Los Guineos clay, 40 to 60 percent slopes",0,721926,0.0,16.069316540227145,6.427726616090858
ctrl_0154,10/28/2019,CIALES CO.,18.3292,-66.582,0,None,2.7,0.265,0.0,6.365,7.67,30.69,12.38,343,14.21,Rock outcrop,"Rock outcrop-Tanama complex, 12 to 60 percent slopes",1,721905,2.7358638500577026,31.68528960170201,14.315634150715427
ctrl_0155,07/25/2021,GURABO CO.,18.3008,-66.0158,0,None,13.375,23.325,1.09,0.0,0.0,0.0,0.0,168,16.24,Mucara,"Mucara clay, 40 to 60 percent slopes",1,721929,16.55165952788271,34.414037261125046,23.696610621179644
ctrl_0156,07/01/2019,HUMACAO CO.,18.1707,-65.7484,0,None,0.0,0.0,0.0,1.29,5.525,0.0,4.11,7,1.5,Aguadilla,Aguadilla loamy sand,0,721935,0.0,5.704596404040197,2.281838561616079
ctrl_0157,01/29/2019,ARROYO CO.,18.022,-66.0948,0,None,0.0,0.0,0.0,0.0,2.03,0.0,0.0,730,15.98,Caguabo,"Caguabo clay loam, 20 to 60 percent slopes",0,722507,0.0,1.1463777876757513,0.45855111507030055
ctrl_0158,06/24/2017,COMERIO CO.,18.2753,-66.2127,0,None,0.0,0.0,0.0,0.275,1.755,20.745,0.0,117,6.95,Caguabo,"Caguabo clay loam, 40 to 60 percent slopes",1,721364,0.0,11.32576777245365,4.53030710898146
ctrl_0159,07/27/2016,AGUAS BUENAS CO.,18.2757,-66.1775,0,None,0.0,8.185,0.0,2.195,0.0,0.0,1.545,490,6.92,Humatas,"Humatas clay, 20 to 40 percent slopes",1,722607,1.107719293291675,9.180960387306792,4.337015730897722
ctrl_0160,09/25/2020,CIDRA CO.,18.2079,-66.1665,0,None,2.595,6.86,14.51,0.0,0.0,0.0,4.295,468,3.92,Humatas,"Humatas clay, 20 to 40 percent slopes",1,721906,3.789159963278696,21.268399286991148,10.780855692763677
ctrl_0161,07/21/2020,GUAYNABO CO.,18.4324,-66.1144,0,None,0.99,0.0,0.0,0.0,0.93,0.0,0.0,3,0.93,Urban land,Urban land,1,721928,0.99,1.515187853467216,1.2000751413868864
ctrl_0162,01/15/2016,CATANO CO.,18.4407,-66.1121,0,None,0.0,0.0,0.0,0.0,0.2,0.0,0.0,1,1.15,Water,Water,1,722613,0.0,0.11294362440155187,0.04517744976062075
ctrl_0163,06/30/2023,CEIBA CO.,18.2822,-65.633,0,None,2.86,85.51,4.15,2.3,0.065,0.165,0.085,0,2.32,Water,Water,0,722509,14.508529970950999,81.75722254986185,41.40800700251534
ctrl_0164,07/19/2015,TOA BAJA CO.,18.449,-66.1638,0,None,0.0,0.0,0.0,0.0,0.0,0.0,0.265,1,1.32,Durados,Durados sandy loam,1,749456,0.0,0.11245880410439175,0.0449835216417567
ctrl_0165,09/04/2024,UTUADO CO.,18.27,-66.7,0,None,2.035,0.13,3.255,3.065,7.04,4.345,0.62,174,6.94,Lirios,"Lirios clay loam, 40 to 60 percent slopes",1,749737,2.1122109914035896,12.95619868128956,6.4498060673579785
ctrl_0166,04/01/2016,VEGA ALTA CO.,18.42,-66.33,0,None,0.08,0.95,0.0,0.0,0.0,0.63,0.17,53,3.87,San Sebastian,"San Sebastian gravelly clay, 20 to 60 percent slopes",1,749457,0.20856851907478208,1.2840886340486344,0.638776565064323
ctrl_0167,09/25/2016,COAMO CO.,18.0506,-66.4165,0,None,0.0,0.12,0.775,0.59,9.11,6.355,0.765,111,2.38,Llanos,"Llanos clay, 5 to 12 percent slopes, eroded",1,721914,0.030434854127162514,9.651033858964682,3.8786744560621704
ctrl_0168,01/21/2022,COROZAL CO.,18.3468,-66.3396,0,None,0.0,0.0,0.0,0.0,0.0,0.475,12.11,120,6.1,Lares,"Lares clay, 5 to 12 percent slopes, eroded",1,721915,0.0,5.371687449437418,2.148674979774967
ctrl_0169,10/24/2016,CANOVANAS CO.,18.414,-65.9005,0,None,8.41,0.65,2.125,0.3,1.28,35.855,25.245,2,1.65,Toa,"Toa silty clay loam, 0 to 2 percent slopes, occasionally flooded",1,722508,8.536888666742358,39.754439488581,21.023908995477814
ctrl_0170,11/26/2023,HATILLO CO.,18.479,-66.8271,0,None,0.0,0.0,0.0,0.0,0.0,0.0,40.55,11,0.93,Guerrero,"Guerrero sand, 2 to 12 percent slopes",1,721933,0.0,17.20831889220032,6.883327556880129
ctrl_0171,08/26/2022,DORAD CO.,18.4712,-66.3121,0,None,3.67,2.98,0.0,5.09,15.875,0.0,1.125,15,1.81,Urban land,Urban land-Durados complex,1,721923,4.073299144045106,19.01144058234836,10.048555719366409
ctrl_0172,10/03/2019,CAYEY CO.,18.1433,-66.217,0,None,0.0,7.285,0.015,4.49,13.57,6.975,0.0,282,1.73,Water,Water,1,722636,0.9861922729620546,20.329217018445686,8.723402171155508
ctrl_0173,09/15/2021,ISABELA CO.,18.5096,-67.088,0,None,7.61,7.8,23.905,24.095,0.15,0.0,0.0,41,13.6,Limestone outcrop,Limestone outcrop,1,721936,9.10345055688077,48.11684411852808,24.708807981539696
ctrl_0174,09/25/2015,JAYUYA CO.,18.2796,-66.5737,0,None,6.065,0.33,12.755,11.0,32.93,14.045,0.38,511,13.49,Humatas,"Humatas clay, 40 to 60 percent slopes",1,721937,6.343276617493887,48.735034260484596,23.29997967469017
ctrl_0175,05/03/2019,GUAYANILLA CO.,18.127,-66.7921,0,None,0.715,0.0,0.0,0.0,2.42,0.0,8.455,715,16.33,Mucara,"Mucara silty clay, 40 to 60 percent slopes, eroded",1,721927,0.715,5.6696902654573895,2.696876106182956
ctrl_0176,04/20/2019,GUANICA CO.,17.9533,-66.8662,0,None,0.0,0.0,0.0,0.0,0.0,0.0,0.0,8,0.82,Manglillo,"Manglillo, Boqueron and Serrano soils, very frequently flooded",1,721931,0.0,0.0,0.0
ctrl_0177,09/13/2021,BAYAMON CO.,18.4165,-66.1964,0,None,12.775,8.68,17.865,1.665,1.12,0.07,1.51,32,1.15,Almirante,"Almirante clay, 2 to 5 percent slopes",1,722612,14.276919147241035,36.116843251200635,23.012888788824874
ctrl_0178,04/08/2020,CAGUAS CO.,18.3034,-66.0659,0,None,0.275,0.0,1.46,0.275,0.0,0.0,0.0,82,0.52,Humatas,"Humatas clay, 20 to 40 percent slopes",1,722510,0.3017408327775519,1.5513025887109575,0.8015655351509142
ctrl_0179,12/14/2020,CAROLINA CO.,18.4585,-65.9779,0,None,0.0,0.9,1.17,0.0,0.335,0.0,0.0,8,1.88,Rock land,Rock land,1,722611,0.14323105241277043,1.8485991135458473,0.8253782768660012
ctrl_0180,11/02/2017,AIBONITO CO.,18.1811,-66.241,0,None,0.0,0.0,0.0,12.085,0.68,0.97,6.6,267,11.35,Mucara,"Mucara clay, 20 to 40 percent slopes",1,722635,0.0,11.532365524466197,4.612946209786479
ctrl_0181,03/23/2021,ADJUNTAS CO.,18.2509,-66.7914,0,None,0.93,0.0,1.35,0.0,0.0,0.0,0.0,498,21.24,Lirios,"Lirios clay loam, 40 to 60 percent slopes",1,722617,0.9547261124997912,1.9444943456516364,1.3506334057605294
ctrl_0182,09/02/2024,ARECIBO CO.,18.481,-66.7708,0,None,15.34,0.0,0.355,2.485,0.86,1.125,3.9,24,2.66,Jobos,"Jobos sandy loam, 2 to 12 percent slopes",1,722620,15.346502051805501,19.91704654707475,17.174719849913203
ctrl_0183,02/24/2015,CAMUY CO.,18.4862,-66.8329,0,None,0.0,0.0,0.535,0.52,1.805,2.995,0.0,7,1.29,Catano,"Catano sand, 0 to 2 percent slopes",1,722633,0.009798866805472786,3.226282142308507,1.2963921770066866
ctrl_0184,08/25/2022,HORMIGUEROS CO.,18.1505,-67.1436,0,None,5.455,0.0,2.1,4.27,15.23,6.11,4.945,11,1.09,Urban land,Urban land,1,721934,5.493462841666342,23.505027351059383,12.698088645423558
ctrl_0185,02/07/2023,BARCELONETA CO.,18.479,-66.5298,0,None,0.61,0.0,0.0,0.0,0.0,0.0,0.0,46,0.73,Caracoles,"Caracoles loam, 20 to 40 percent slopes",1,722614,0.61,0.61,0.61
ctrl_0186,04/21/2016,BARRANQUITAS CO.,18.2425,-66.3519,0,None,0.0,0.0,0.445,16.165,0.0,0.0,0.0,743,18.16,Mucara,"Mucara clay, 40 to 60 percent slopes",1,722615,0.00815045930548671,10.864919760408014,4.350858179746497
ctrl_0187,08/31/2022,AGUADILLA CO.,18.5133,-67.1012,0,None,0.525,4.04,2.175,2.525,0.0,0.175,0.89,9,1.06,Limestone outcrop,Limestone outcrop,1,722625,1.1115910588589122,7.769895070770347,3.7749126636234864
ctrl_0188,12/10/2024,ANASCO CO.,18.3044,-67.2271,0,None,0.415,0.375,1.175,0.28,0.15,0.07,0.57,75,18.36,Caguabo,"Caguabo clay loam, 20 to 60 percent slopes",1,722629,0.48727160690799237,2.166336124384487,1.1588974138985901
ctrl_0189,01/15/2021,CABO ROJO CO.,18.1674,-67.1783,0,None,0.0,1.965,0.0,0.0,0.0,0.15,0.3,7,2.08,Tidal swamp,Tidal swamp,1,722630,0.265933831559944,1.9041581756457349,0.9212235691942603
ctrl_0190,06/10/2023,AGUADA CO.,18.4152,-67.1596,0,None,0.175,1.74,0.0,0.0,0.0,0.16,0.225,8,2.43,Catano,"Catano sand, 0 to 2 percent slopes",1,722622,0.4104833928317061,1.8571781013717423,0.9891612762477207
ctrl_0191,01/04/2018,FLORIDA CO.,18.4051,-66.5679,0,None,0.0,0.0,0.0,0.0,1.1,0.0,0.0,145,2.88,Rock outcrop,"Rock outcrop-Tanama complex, 12 to 60 percent slopes",1,721925,0.0,0.6211899342085353,0.24847597368341412
ctrl_0192,08/22/2023,UTUADO CO.,18.2641,-66.6969,0,None,13.405,2.805,3.06,0.0,0.0,2.195,4.245,158,4.92,Pellejas,"Pellejas clay loam, 40 to 60 percent slopes",1,725405,13.840661324478225,21.012119698235797,16.709244673981253
ctrl_0193,03/17/2022,VEGA ALTA CO.,18.4304,-66.3401,0,None,0.0,0.0,0.0,0.0,0.0,0.0,0.0,42,13.6,Rock outcrop,"Rock outcrop-Tanama complex, 12 to 60 percent slopes",1,725750,0.0,0.0,0.0
ctrl_0194,11/01/2018,MANATI CO.,18.437,-66.5323,0,None,6.265,1.225,0.0,0.0,0.0,0.0,0.0,8,1.06,Toa,"Toa silty clay loam, 0 to 2 percent slopes, occasionally flooded",1,725751,6.43078572196485,7.326925427193972,6.789241604056499
ctrl_0195,04/08/2016,SAN JUAN CO.,18.4505,-66.0763,0,None,0.0,0.26,0.0,0.0,0.0,0.0,0.0,10,1.03,Urban land,Urban land,1,725752,0.035187173641519305,0.22538825393504722,0.11126760575893048
ctrl_0196,04/24/2018,CAGUAS CO.,18.1871,-66.0621,0,None,0.365,9.335,0.0,4.455,0.58,3.505,4.21,147,10.71,Naranjito,"Naranjito silty clay loam, 40 to 60 percent slopes",1,725753,1.6283548690137797,15.189455903280379,7.05279528272042
ctrl_0197,11/23/2019,LUQUILLO CO.,18.3283,-65.6898,0,None,0.0,13.29,5.295,0.0,2.72,1.32,1.48,121,18.03,Caguabo,"Caguabo clay loam, 20 to 60 percent slopes",0,725469,1.8955872221304302,18.31017964859172,8.461424192714947
ctrl_0198,10/16/2016,GUAYAMA CO.,17.9861,-66.1343,0,None,2.79,0.51,1.0,0.0,11.61,28.075,1.015,123,12.88,Descalabrado,"Descalabrado and Guayama soils, 20 to 60 percent slopes, eroded",0,725531,2.877336633339407,24.714582948881528,11.612235159556256
ctrl_0199,02/09/2020,CIDRA CO.,18.1658,-66.1647,0,None,0.0,0.0,0.0,0.0,0.0,0.0,0.0,452,5.4,Caguabo,"Caguabo clay loam, 40 to 60 percent slopes",1,725534,0.0,0.0,0.0
ctrl_0200,01/21/2015,BAYAMON CO.,18.3988,-66.1382,0,None,0.0,0.0,0.0,2.065,3.33,0.0,0.0,14,1.32,Urban land,"Urban land-Vega Alta complex, 2 to 12 percent slopes",1,728493,0.0,3.225733000087468,1.2902932000349874
ctrl_0201,02/12/2023,CATANO CO.,18.431,-66.1479,0,None,0.0,0.0,0.0,0.0,0.0,0.0,0.0,6,0.26,Urban land,Urban land-Sabana Seca complex,1,728497,0.0,0.0,0.0
ctrl_0202,11/03/2024,MOROVIS CO.,18.2949,-66.4154,0,None,0.865,6.375,11.865,33.67,39.255,15.605,3.17,222,18.91,Mucara,"Mucara clay, 40 to 60 percent slopes",1,728499,1.9450774860482372,68.3941471579131,28.524705354794182
ctrl_0203,02/02/2023,GUAYNABO CO.,18.4087,-66.1029,0,None,0.0,0.505,0.0,0.0,0.495,0.0,0.31,14,0.82,Urban land,Urban land,1,728599,0.06834431803448941,0.848864391927537,0.3805523475917085
ctrl_0204,12/21/2017,SAN JUAN CO.,18.3518,-66.0809,0,None,0.0,0.0,0.0,0.79,0.0,0.0,0.0,122,2.32,Naranjito,"Naranjito silty clay loam, 12 to 20 percent slopes, eroded",1,762070,0.0,0.514636855449534,0.2058547421798136
ctrl_0205,08/19/2020,PATILLAS CO.,18.0428,-66.0394,0,None,0.0,0.0,0.0,0.11,0.0,0.37,0.0,131,19.95,Pandura,"Pandura loam, 40 to 60 percent slopes",0,766156,0.0,0.2527887103644888,0.10111548414579552
ctrl_0206,07/25/2023,FAJARDO CO.,18.3328,-65.666,0,None,4.27,0.0,0.0,0.055,0.0,0.0,0.0,47,4.51,Fajardo,"Fajardo clay, 2 to 10 percent slopes, eroded",0,774259,4.27,4.305829148164207,4.284331659265683
ctrl_0207,01/08/2017,FAJARDO CO.,18.3225,-65.652,0,None,0.0,0.38,0.0,0.67,2.655,0.0,1.815,6,0.58,Toa,"Toa silty clay loam, 0 to 2 percent slopes, occasionally flooded",0,774272,0.051427407629912825,3.0354410992851415,1.2450328842920044
ctrl_0208,09/17/2020,SAN LORENZO CO.,18.1926,-65.9597,0,None,0.535,0.0,0.0,1.96,0.19,0.0,0.0,90,4.23,Cayagua,Cayagua sandy loam,1,776359,0.535,1.9191169959423433,1.0886467983769375
ctrl_0209,03/18/2016,LAS PIEDRAS CO.,18.16,-65.8992,0,None,0.0,0.0,0.0,0.0,1.47,0.34,0.105,158,1.32,Pandura,"Pandura loam, 40 to 60 percent slopes",1,776362,0.0,1.04113895239685,0.41645558095874
ctrl_0210,10/12/2024,LAS PIEDRAS CO.,18.175,-65.8785,0,None,0.0,0.0,1.725,0.375,0.685,0.215,0.0,116,0.93,Candelero,"Candelero loam, 2 to 5 percent slopes",1,776677,0.03159447708306646,2.032671347509074,0.8320252252534696
ctrl_0211,01/12/2022,HUMACAO CO.,18.1151,-65.8608,0,None,0.0,0.0,0.0,0.0,0.335,7.78,0.0,239,10.21,Pandura,"Pandura loam, 40 to 60 percent slopes",1,776678,0.0,3.9978146822256946,1.599125872890278
ctrl_0212,05/14/2018,GUAYNABO CO.,18.3721,-66.0762,0,None,0.425,1.175,0.64,0.0,0.0,0.0,0.385,62,3.1,Urban land,"Urban land-Vega Alta complex, 2 to 12 percent slopes",1,783757,0.5957409666918098,2.087910545360272,1.1926087981591946
ctrl_0213,06/16/2024,SAN JUAN CO.,18.3989,-66.08,0,None,4.28,0.0,0.02,0.0,0.0,0.0,0.0,10,0.0,Urban land,Urban land,1,784420,4.280366312777775,4.295029545861506,4.286231606011267
ctrl_0214,03/09/2022,GUAYNABO CO.,18.3941,-66.0696,0,None,0.385,0.0,0.525,1.865,0.43,0.79,1.88,11,0.36,Urban land,Urban land,1,784409,0.39461571041658544,3.4218470745459393,1.6055082560683271
ctrl_0215,09/17/2020,GUAYNABO CO.,18.3962,-66.0694,0,None,0.0,0.0,1.405,0.0,0.0,2.235,0.0,12,1.03,Urban land,Urban land,1,783761,0.025733472638671522,2.149951205880567,0.8754205659354297
ctrl_0216,11/06/2021,GUAYNABO CO.,18.3803,-66.0665,0,None,0.0,0.0,2.17,28.815,1.455,0.0,0.0,35,3.1,Urban land,"Urban land-Vega Alta complex, 2 to 12 percent slopes",1,783758,0.03974493638855316,21.223587036252027,8.513281776333942
ctrl_0217,04/01/2017,GUAYNABO CO.,18.4012,-66.1064,0,None,0.0,0.0,0.0,0.0,5.805,0.0,0.0,17,2.43,Urban land,Urban land,1,783676,0.0,3.2781886982550423,1.311275479302017
ctrl_0218,09/25/2016,SAN JUAN CO.,18.3964,-66.0477,0,None,0.0,0.0,0.0,15.365,15.3,6.96,3.38,35,2.58,Urban land,Urban land,1,783675,0.0,23.491138554587874,9.39645542183515
ctrl_0219,03/19/2019,UTUADO CO.,18.24,-66.71,0,None,0.0,0.0,0.0,0.0,0.0,2.515,0.83,224,4.92,Lirios,"Lirios clay loam, 40 to 60 percent slopes",1,788504,0.0,1.5834267356976055,0.6333706942790422
ctrl_0220,07/28/2023,UTUADO CO.,18.2672,-66.7104,0,None,2.595,3.7,2.16,4.95,0.77,0.48,0.0,134,1.32,Urban land,Urban land,1,789304,3.135302327975133,11.320075467430328,6.409211583757211
ctrl_0221,10/30/2016,UTUADO CO.,18.2662,-66.7004,0,None,17.67,38.225,2.065,1.42,4.93,13.99,17.125,142,1.65,Urban land,Urban land,1,788532,22.88101299602476,70.18338493076305,41.801961769920084
ctrl_0222,01/25/2021,UTUADO CO.,18.2651,-66.695,0,None,0.0,0.0,0.0,0.0,0.0,11.985,2.025,149,2.69,Urban land,Urban land,1,788533,0.0,6.7265118022859065,2.690604720914363
ctrl_0223,10/02/2023,NAGUABO CO.,18.216,-65.7776,0,None,0.26,11.295,2.92,1.54,0.185,11.895,0.0,10,0.52,Rio Arriba,"Rio Arriba clay, 2 to 5 percent slopes",0,792026,1.8420936897126443,19.176486615057353,8.775850859850529
ctrl_0224,12/19/2020,CAGUAS CO.,18.1817,-66.0531,0,None,1.12,0.0,0.0,0.0,0.0,0.0,0.0,114,2.38,Rio Arriba,"Rio Arriba clay, 5 to 12 percent slopes, eroded",1,794102,1.12,1.12,1.12
ctrl_0225,01/10/2015,NAGUABO CO.,18.2124,-65.7782,0,None,1.5,2.845,0.275,0.32,0.26,0.26,0.55,9,1.06,Toa,"Toa silty clay loam, 0 to 2 percent slopes, occasionally flooded",0,821318,1.8900656815025652,4.888896987124056,3.0895982037511613
ctrl_0226,09/26/2021,NAGUABO CO.,18.2133,-65.7435,0,None,0.145,0.0,0.0,0.29,16.255,8.73,7.69,19,2.74,Mabi,"Mabi clay, 0 to 5 percent slopes, rarely flooded",0,821321,0.145,17.05053627110808,6.907214508443232
ctrl_0227,08/27/2018,SAN SEBASTIAN CO.,18.3534,-67.0321,0,None,15.475,16.21,2.58,17.75,18.515,11.515,13.42,62,3.83,Plata,"Plata clay, 20 to 40 percent slopes, eroded",1,831455,17.716039289598427,64.81685727001758,36.55636648176609
ctrl_0228,07/01/2020,SAN SEBASTIAN CO.,18.355,-67.035,0,None,15.395,7.81,12.025,0.0,0.0,4.1,1.855,63,0.26,Plata,"Plata clay, 20 to 40 percent slopes, eroded",1,829409,16.672214119714972,33.99616327919348,23.601793783506377
ctrl_0229,03/28/2015,SAN SEBASTIAN CO.,18.3638,-66.9854,0,None,0.0,0.065,0.305,0.0,0.35,0.32,0.0,175,7.48,Colinas,"Colinas cobbly clay loam, 20 to 40 percent slopes",1,831463,0.014383063271443751,0.6398523116326646,0.26457076261593215
ctrl_0230,04/10/2016,SAN SEBASTIAN CO.,18.3476,-66.9997,0,None,1.075,0.0,0.275,6.395,0.0,0.0,0.0,70,2.38,Santoni,Santoni clay,1,831457,1.0800368006944019,5.447609028506804,2.827065691819363
ctrl_0231,02/02/2019,MOCA CO.,18.3804,-67.0909,0,None,0.0,0.32,0.815,0.335,0.0,0.365,0.0,80,3.35,Rio Piedras,"Rio Piedras clay, 12 to 20 percent slopes, eroded",1,829410,0.05823453633003442,1.2867697117876076,0.5496486065130637
ctrl_0232,11/15/2024,AGUADA CO.,18.3619,-67.1791,0,None,0.96,1.385,0.455,19.795,9.365,29.105,25.01,41,3.23,Malaya,"Malaya clay, 20 to 60 percent slopes",1,845340,1.1557729829770826,45.54804428771881,18.912681504873774
ctrl_0233,05/06/2024,AGUADA CO.,18.3842,-67.2007,0,None,6.19,1.18,5.505,5.775,2.615,3.485,7.175,36,1.57,Colinas,"Colinas clay loam, 20 to 40 percent slopes",1,845347,6.4505232263016845,21.339524717664897,12.406123822846968
ctrl_0234,01/25/2024,NAGUABO CO.,18.2183,-65.7631,0,None,0.09,2.165,0.0,0.0,0.505,0.06,0.7,15,0.82,Mabi,"Mabi clay, 0 to 5 percent slopes, rarely flooded",0,845571,0.3830008882072665,2.5784067961203436,1.2611632513724975
ctrl_0235,06/20/2018,RIO GRANDE CO.,18.3499,-65.765,0,None,22.805,7.005,0.0,0.435,0.285,0.45,0.0,38,2.13,Caguabo,"Caguabo clay loam, 20 to 60 percent slopes",0,844871,23.753023659072472,29.542094089348872,26.068651831183033
ctrl_0236,09/14/2017,NAGUABO CO.,18.215,-65.7777,0,None,7.885,0.09,0.0,4.71,0.495,0.0,10.755,11,0.58,Toa,"Toa silty clay loam, 0 to 2 percent slopes, occasionally flooded",0,845166,7.897180175491295,15.874962397598225,11.088293064334067
ctrl_0237,09/02/2015,NAGUABO CO.,18.2142,-65.7843,0,None,30.83,10.91,0.3,12.34,4.495,24.805,10.85,19,1.63,Rio Arriba,"Rio Arriba clay, 5 to 12 percent slopes, eroded",0,845552,32.312002631778064,67.83777324346029,46.52231087645096
ctrl_0238,09/20/2017,VIEQUES CO.,18.1409,-65.4541,0,None,173.79,22.395,0.47,0.25,1.28,7.08,9.475,22,2.01,Urban land,Urban land,0,845554,176.82944201836165,201.9295115156557,186.86946981727925
ctrl_0239,11/12/2024,VIEQUES CO.,18.1007,-65.4874,0,None,3.44,66.64,65.615,10.755,13.195,16.295,14.62,34,3.66,Vieques,"Vieques loam, 12 to 40 percent slopes, eroded",0,845555,13.660523920572164,139.15602085440344,63.85872269410468
ctrl_0240,05/19/2021,FAJARDO CO.,18.3323,-65.6607,0,None,0.0,0.0,0.0,1.07,2.02,1.0,0.39,21,1.5,Urban land,Urban land,0,851063,0.0,2.4928174673848664,0.9971269869539466
ctrl_0241,11/26/2015,FAJARDO CO.,18.3334,-65.6569,0,None,2.35,2.095,1.655,3.36,0.2,0.725,1.945,14,0.93,Urban land,Urban land,0,851066,2.6638398007415587,8.891905865742586,5.15506622674197
ctrl_0242,12/24/2015,LAS PIEDRAS CO.,18.2189,-65.8286,0,None,0.75,0.615,0.17,0.4,0.315,0.46,0.0,100,1.46,Mabi,"Mabi clay, 0 to 5 percent slopes, rarely flooded",1,851067,0.8363448578016016,2.074532043010225,1.3316197318850511
ctrl_0243,03/24/2023,HUMACAO CO.,18.1514,-65.8246,0,None,0.0,0.0,0.615,0.0,0.0,0.105,0.0,25,0.93,Urban land,Urban land,1,851068,0.011264117916571519,0.5135604094947809,0.21218263454785527
ctrl_0244,06/20/2020,LUQUILLO CO.,18.3796,-65.7517,0,None,0.0,0.0,0.0,0.0,0.0,0.0,0.0,3,0.82,Fortuna,Fortuna clay,0,851069,0.0,0.0,0.0
ctrl_0245,03/03/2024,LUQUILLO CO.,18.3496,-65.7106,0,None,1.065,0.0,0.0,0.105,18.405,8.1,15.155,22,0.26,Aceitunas,"Aceitunas silty clay loam, 5 to 12 percent slopes",0,851070,1.065,21.92369605523907,9.408478422095628
ctrl_0246,10/18/2015,NAGUABO CO.,18.2205,-65.782,0,None,1.55,3.2,13.07,0.46,0.0,0.88,0.32,13,0.26,Toa,"Toa silty clay loam, 0 to 2 percent slopes, occasionally flooded",0,851071,2.2224583066329164,15.012075437185597,7.33830515885399
ctrl_0247,07/20/2023,HUMACAO CO.,18.1556,-65.8273,0,None,0.0,0.0,0.35,10.26,0.14,0.115,0.0,30,0.36,Fortuna,Fortuna clay,1,853173,0.006410473611056962,7.0821396107751164,2.8367021284766807
ctrl_0248,12/28/2020,PATILLAS CO.,18.0416,-66.0342,0,None,0.0,0.0,0.0,2.56,1.875,0.0,0.215,104,10.33,Pandura,"Pandura loam, 40 to 60 percent slopes",0,853175,0.0,2.817770627864595,1.127108251145838
ctrl_0249,08/10/2023,YABUCOA CO.,18.0575,-65.9003,0,None,3.165,4.72,4.555,0.145,5.935,0.0,2.305,24,0.52,Coloso,"Coloso silty clay, 0 to 2 percent slopes, occasionally flooded",0,853178,3.887210272014996,15.103882883522209,8.37387931661788
ctrl_0250,06/06/2016,YABUCOA CO.,18.0664,-65.8776,0,None,0.0,4.4,0.0,0.725,19.925,9.815,26.375,16,0.82,Reilly,Reilly soils,0,853180,0.5954752462410959,31.536249849896468,12.971785087703246
ctrl_0251,06/16/2016,PATILLAS CO.,18.0373,-66.005,0,None,0.0,0.0,0.0,0.0,0.0,0.0,0.0,116,13.46,Pandura,"Pandura loam, 40 to 60 percent slopes",0,853182,0.0,0.0,0.0
ctrl_0252,06/02/2022,MAUNABO CO.,18.0123,-65.9272,0,None,0.0,0.54,0.0,0.0,0.105,0.0,0.0,20,0.58,Coloso,"Coloso silty clay, 0 to 2 percent slopes, occasionally flooded",0,853183,0.07308105294777087,0.5274094686759128,0.25481241923902764
ctrl_0253,05/07/2020,BAYAMON CO.,18.3982,-66.1505,0,None,3.105,0.0,0.0,0.775,0.0,0.0,0.0,12,1.06,Urban land,"Urban land-Vega Alta complex, 2 to 12 percent slopes",1,857068,3.105,3.6098652695865683,3.3069461078346274
ctrl_0254,03/08/2021,GUAYNABO CO.,18.4105,-66.1076,0,None,0.0,0.0,0.0,0.0,0.0,0.0,0.0,14,1.57,Urban land,Urban land,1,857069,0.0,0.0,0.0
ctrl_0255,11/14/2016,JAYUYA CO.,18.2173,-66.5865,0,None,6.665,3.645,7.17,2.315,2.045,1.04,17.0,448,4.64,Pellejas,"Pellejas clay loam, 40 to 60 percent slopes",1,856275,7.289620238229678,25.599253816076857,14.613473669368549
ctrl_0256,12/28/2017,COAMO CO.,18.0783,-66.2959,0,None,0.0,0.0,0.0,0.0,0.0,0.0,0.0,197,4.0,Llanos,"Llanos clay, 5 to 12 percent slopes, eroded",0,856276,0.0,0.0,0.0
ctrl_0257,12/08/2020,DORAD CO.,18.4655,-66.2725,0,None,0.0,0.0,0.0,0.0,0.0,0.0,0.0,14,1.73,Urban land,Urban land-Durados complex,1,856278,0.0,0.0,0.0
ctrl_0258,10/20/2024,TOA BAJA CO.,18.4166,-66.1974,0,None,0.465,3.46,3.735,0.125,0.0,0.0,0.0,32,0.77,Almirante,"Almirante clay, 2 to 5 percent slopes",1,856279,1.001668991248102,6.3525951049632035,3.1420394367341427
ctrl_0259,10/27/2021,TOA BAJA CO.,18.4177,-66.2195,0,None,0.0,0.0,2.055,1.975,0.0,0.0,37.405,33,3.65,Urban land,"Urban land-Vega Alta complex, 2 to 12 percent slopes",1,856280,0.03763863791634874,18.70454426843986,7.504400890125754
ctrl_0260,05/24/2017,TOA BAJA CO.,18.422,-66.2444,0,None,0.0,0.0,0.0,7.93,2.28,0.005,26.955,13,0.93,Urban land,Urban land-Sabana Seca complex,1,856281,0.0,17.894886807918933,7.157954723167574
ctrl_0261,01/24/2021,NAGUABO CO.,18.2172,-65.7844,0,None,0.0,0.475,0.0,0.0,3.115,1.795,0.94,26,2.13,Sabana,"Sabana silty clay loam, 20 to 40 percent slopes",0,857413,0.06428425953739103,3.44850170627657,1.4179712382330627
ctrl_0262,06/28/2023,NAGUABO CO.,18.2268,-65.7868,0,None,8.83,3.81,0.285,0.355,0.115,1.345,0.21,20,1.82,Rio Arriba,"Rio Arriba clay, 5 to 12 percent slopes, eroded",0,857414,9.350847386214785,13.390731105725326,10.966800874019
ctrl_0263,03/16/2023,JAYUYA CO.,18.2194,-66.6154,0,None,0.0,0.0,11.495,0.0,0.0,0.0,0.0,446,16.89,Pellejas,"Pellejas clay loam, 40 to 60 percent slopes",1,859200,0.21053826902599937,8.638231483900412,3.5816155549757647
ctrl_0264,10/03/2022,JAYUYA CO.,18.2177,-66.5877,0,None,3.93,5.405,4.445,0.935,2.93,2.81,3.1,448,7.55,Reilly,Reilly gravelly silt loam,1,859201,4.742900220754315,16.910679117097235,9.610011779291483
ctrl_0265,04/10/2017,UTUADO CO.,18.2585,-66.7232,0,None,6.985,1.06,0.0,0.0,0.0,0.0,0.7,150,4.66,Riverwash,Riverwash,1,859203,7.12845540023081,8.200951565709058,7.557453866422109
ctrl_0266,01/06/2023,ADJUNTAS CO.,18.2047,-66.7035,0,None,0.0,0.0,9.5,5.99,0.245,2.385,0.0,347,1.39,Toa,"Toa silty clay loam, 0 to 2 percent slopes, occasionally flooded",1,859326,0.1739985694429747,12.347067036761477,5.043225956370375
ctrl_0267,07/07/2018,UTUADO CO.,18.2663,-66.7091,0,None,0.0,2.13,0.0,0.0,0.0,14.01,0.0,133,2.88,Urban land,Urban land,1,859327,0.288264153293985,8.7049285768608,3.654929922720711
ctrl_0268,06/30/2019,NARANJITO CO.,18.301,-66.2447,0,None,0.0,0.0,0.87,2.275,3.655,6.775,2.2,109,1.46,Urban land,"Urban land-Mucara complex, 12 to 40 percent slopes",1,859945,0.015934605833198737,8.450118840784658,3.3896082998137826
ctrl_0269,07/21/2022,CAROLINA CO.,18.4472,-66.038,0,None,61.995,0.145,0.0,0.0,0.0,0.0,0.32,0,1.46,Urban land,Urban land,1,877660,62.01462361606931,62.2564966060804,62.111372812073746
ctrl_0270,04/22/2022,CAROLINA CO.,18.3997,-65.952,0,None,1.94,0.26,0.61,0.0,1.43,0.29,6.025,9,0.58,Urban land,Urban land,1,877663,1.986359713363647,6.130149793657207,3.643875745481071
ctrl_0271,03/17/2019,CAROLINA CO.,18.3953,-65.9667,0,None,0.0,0.0,0.0,0.0,0.0,0.0,0.965,5,0.52,Water,Water,1,877662,0.0,0.4095197960782567,0.1638079184313027
ctrl_0272,12/07/2019,CAROLINA CO.,18.4406,-66.0297,0,None,0.0,0.0,0.705,13.08,1.035,0.0,2.4,3,0.52,Urban land,Urban land,1,877661,0.012912525416557595,10.653592450026995,4.269184495260733
ctrl_0273,10/27/2020,CAROLINA CO.,18.3975,-65.973,0,None,6.54,0.0,0.105,0.0,0.0,0.0,0.0,6,0.36,Urban land,Urban land,1,877664,6.541923142083317,6.618905115772905,6.572715931559152
ctrl_0274,01/31/2020,CAROLINA CO.,18.3841,-65.9589,0,None,0.0,0.0,0.0,0.63,0.0,0.86,0.0,12,0.36,Urban land,Urban land,1,877665,0.0,0.8314124334635447,0.3325649733854179
ctrl_0275,05/17/2016,CAROLINA CO.,18.42,-65.9995,0,None,0.135,1.23,0.66,11.645,4.79,3.82,4.135,2,1.5,Made land,Made land,1,877666,0.31355072004759815,15.61307331587047,6.433359758376747
ctrl_0276,10/19/2017,SAN JUAN CO.,18.4505,-66.0666,0,None,0.0,3.755,26.795,104.385,9.75,0.575,0.0,17,6.5,Urban land,Urban land,1,877667,0.998951532577113,97.17891474571437,39.47093681783202
ctrl_0277,07/16/2017,CANOVANAS CO.,18.3772,-65.9029,0,None,0.05,19.735,12.415,13.01,0.935,1.08,0.0,14,3.69,Urban land,Urban land,1,877671,2.9482304714781864,36.01936451997731,16.176684090877835
ctrl_0278,09/27/2015,CANOVANAS CO.,18.3625,-65.8885,0,None,0.0,0.0,0.0,2.62,8.605,2.285,10.82,18,0.93,Toa,"Toa silty clay loam, 0 to 2 percent slopes, occasionally flooded",1,877670,0.0,12.276486652920372,4.910594661168149
ctrl_0279,10/23/2018,CANOVANAS CO.,18.3667,-65.9015,0,None,1.235,0.24,0.0,0.0,0.0,0.0,2.33,15,0.52,Rio Arriba,"Rio Arriba clay, 2 to 5 percent slopes",1,877672,1.267480467976787,2.431839426367337,1.733224051333007
ctrl_0280,04/04/2015,SAN JUAN CO.,18.3982,-66.0706,0,None,0.385,0.0,0.0,0.0,0.0,0.0,0.0,15,2.85,Urban land,Urban land,1,888963,0.385,0.385,0.385
ctrl_0281,08/13/2021,SAN JUAN CO.,18.4009,-66.1109,0,None,0.0,0.0,1.605,20.26,3.085,0.0,0.0,27,1.88,Urban land,"Urban land-Vega Alta complex, 2 to 12 percent slopes",1,888964,0.029396600416418357,16.14643176735896,6.476210667193435
ctrl_0282,03/25/2021,SAN JUAN CO.,18.4154,-66.0789,0,None,0.0,0.0,0.0,0.0,0.245,0.0,0.0,5,1.57,Urban land,Urban land,1,888965,0.0,0.138355939891901,0.055342375956760406
ctrl_0283,08/07/2017,SAN JUAN CO.,18.4254,-66.0566,0,None,1.075,0.0,1.95,1.35,1.435,5.69,0.52,11,1.63,Urban land,Urban land,1,888968,1.1107154958330316,7.2363598768759445,3.560973248250197
ctrl_0284,08/14/2021,SAN JUAN CO.,18.4246,-66.0972,0,None,0.745,0.0,0.0,5.555,23.93,6.03,0.0,-2,1.29,Hydraquents,"Hydraquents, saline",1,888969,0.745,20.829384831359118,8.778753932543646
ctrl_0285,06/28/2017,LUQUILLO CO.,18.3552,-65.7388,0,None,0.0,0.0,7.96,0.545,0.0,0.0,0.305,45,3.51,Caguabo,"Caguabo clay loam, 20 to 60 percent slopes",0,888974,0.14579248555432406,6.466227257165171,2.673966394198663
ctrl_0286,02/06/2015,FAJARDO CO.,18.3325,-65.6616,0,None,1.37,0.695,1.225,0.675,0.88,1.235,4.89,21,3.02,Urban land,Urban land,0,888975,1.4864946794881453,6.509480300457015,3.4956889278756935
ctrl_0287,10/25/2015,CABO ROJO CO.,18.0977,-67.1576,0,None,25.18,0.705,4.95,0.0,0.0,3.555,5.985,28,1.86,Urban land,Urban land,0,905696,25.366073787181048,33.791153601148054,28.736105712767852
ctrl_0288,12/16/2022,HORMIGUEROS CO.,18.1344,-67.0971,0,None,0.35,0.4,0.0,0.0,0.0,0.0,0.0,36,1.96,Urban land,Urban land,1,905705,0.40413411329464505,0.6967511599000726,0.5211809319368161
ctrl_0289,02/04/2022,HORMIGUEROS CO.,18.153,-67.1499,0,None,7.52,15.86,3.305,8.08,0.0,0.335,0.0,11,1.06,Urban land,Urban land,1,905700,9.726950778659944,29.17993998445421,17.508146460977652
ctrl_0290,09/06/2015,CAGUAS CO.,18.1748,-66.0565,0,None,0.0,0.82,0.0,0.0,6.825,0.71,0.0,163,12.59,Mucara,"Mucara clay, 40 to 60 percent slopes",1,905711,0.11097493225402241,4.912615638783542,2.0316312148658304
ctrl_0291,08/02/2017,GURABO CO.,18.2662,-65.9914,0,None,1.535,0.135,0.745,0.185,0.55,0.155,0.155,42,0.58,Toa,"Toa silty clay loam, 0 to 2 percent slopes, occasionally flooded",1,905716,1.5669154142090496,2.7846470408661306,2.0540080648718817
ctrl_0292,10/11/2015,GUANICA CO.,17.9932,-66.9124,0,None,0.07,9.95,0.305,2.55,0.0,0.21,0.535,10,0.0,San Anton,"San Anton clay loam, 0 to 2 percent slopes, occasionally flooded",1,905717,1.4221723380653604,10.915648494550586,5.219562800659451
ctrl_0293,05/16/2015,CAGUAS CO.,18.2498,-66.0281,0,None,0.0,0.32,0.0,0.0,1.37,0.025,0.085,54,0.36,Rio Arriba,"Rio Arriba clay, 2 to 5 percent slopes",1,905714,0.04330729063571607,1.099374988442153,0.4657343697582909
ctrl_0294,08/29/2024,MAYAGUEZ CO.,18.1522,-67.1414,0,None,1.785,0.465,0.355,0.005,0.19,3.495,7.6,22,2.94,Urban land,Urban land,1,905772,1.8544329585105255,7.501608028191062,4.11330298638274
ctrl_0295,09/22/2018,CAGUAS CO.,18.2413,-66.0287,0,None,0.0,2.48,4.235,0.0,12.36,0.86,33.985,59,3.19,Urban land,"Urban land-Vega Alta complex, 2 to 12 percent slopes",1,905774,0.4131982331205888,27.155596503120318,11.110157541120481
ctrl_0296,10/25/2015,RINCON CO.,18.3187,-67.194,0,None,8.15,0.0,0.755,2.34,0.0,0.0,7.195,242,15.34,Caguabo,"Caguabo clay loam, 20 to 60 percent slopes",1,910956,8.163828307360994,13.295095375540168,10.216335134632665
ctrl_0297,10/13/2020,MAYAGUEZ CO.,18.1566,-67.1494,0,None,3.995,2.545,10.33,13.695,0.0,0.055,5.425,8,0.77,Coloso,"Coloso silty clay loam, 0 to 2 percent slopes, occasionally flooded",1,910961,4.528628845557804,25.214570064292808,12.803005333051805
ctrl_0298,09/08/2017,SAN GERMAN CO.,18.1029,-67.051,0,None,2.99,36.675,15.615,0.12,4.88,0.0,7.78,48,6.05,Mucara,"Mucara loam, 20 to 40 percent slopes",1,910964,8.239420213950355,52.652682766376756,26.00472523492092
ctrl_0299,02/21/2018,HORMIGUEROS CO.,18.1396,-67.1228,0,None,0.215,0.35,0.0,0.275,0.0,1.58,0.0,23,2.34,Urban land,Urban land,1,910966,0.26236734913281445,1.4710288278335897,0.7458319406131246
ctrl_0300,07/10/2022,MAYAGUEZ CO.,18.1999,-67.1489,0,None,29.555,0.16,0.0,1.18,3.78,22.465,11.055,2,0.73,Leveled sandy land,Leveled sandy land,1,910990,29.576653645317858,48.28602824394163,37.06040348476737
ctrl_0301,06/18/2020,MAYAGUEZ CO.,18.2281,-67.1457,0,None,4.37,8.385,0.19,0.415,1.95,0.0,6.365,69,1.55,Consumo,"Consumo clay, 20 to 40 percent slopes",1,910974,5.5082663213278575,15.854232584613882,9.646652826642267
ctrl_0302,06/03/2017,MAYAGUEZ CO.,18.1669,-67.1324,0,None,0.675,0.245,0.2,27.83,45.58,12.2,1.655,21,1.57,Toa,"Toa silty clay loam, 0 to 2 percent slopes, occasionally flooded",1,910977,0.711820272170717,51.58182682244697,21.05982289228122
ctrl_0303,01/24/2021,GUANICA CO.,17.9732,-66.9077,0,None,0.0,0.0,1.535,0.215,0.445,0.12,0.55,12,0.82,Urban land,Urban land,1,910989,0.028114505694206964,1.8370266708023506,0.7516793717374645
ctrl_0304,07/02/2016,NAGUABO CO.,18.2156,-65.7822,0,None,75.61,4.815,0.465,0.745,0.68,0.0,0.0,12,3.12,Toa,"Toa silty clay loam, 0 to 2 percent slopes, occasionally flooded",0,917908,76.27015616086754,81.00278444940304,78.16320747628174
ctrl_0305,02/17/2023,CIALES CO.,18.259,-66.4996,0,None,0.0,0.0,0.0,0.0,0.0,0.0,0.0,292,31.26,Caguabo,"Caguabo-Rock outcrop complex, 20 to 60 percent slopes",1,917909,0.0,0.0,0.0
ctrl_0306,11/30/2024,SAN JUAN CO.,18.4072,-66.0755,0,None,0.085,0.0,0.0,0.52,0.0,0.06,2.62,6,1.73,Urban land,Urban land,1,920634,0.085,1.564977665163175,0.6769910660652702
ctrl_0307,06/03/2021,SAN JUAN CO.,18.3967,-66.0697,0,None,0.0,1.65,0.0,0.0,0.0,0.32,20.0,13,1.57,Urban land,Urban land,1,920633,0.22330321734041095,10.074458779185024,4.163765442078256
ctrl_0308,06/25/2021,SAN JUAN CO.,18.4149,-66.0901,0,None,0.0,0.975,0.0,7.73,0.0,4.42,0.485,7,0.93,Urban land,Urban land,1,920637,0.13195190115569738,8.25042483236654,3.3793410736400347
ctrl_0309,04/27/2020,SAN JUAN CO.,18.4037,-66.0796,0,None,0.0,0.0,0.0,0.0,0.0,0.0,0.0,11,0.82,Urban land,Urban land,1,920639,0.0,0.0,0.0
ctrl_0310,09/29/2017,SAN JUAN CO.,18.414,-66.1016,0,None,0.0,0.245,0.12,0.0,0.0,1.59,4.4,8,2.13,Urban land,Urban land,1,920638,0.035355021059618214,2.9481741202819642,1.2004826607485568
ctrl_0311,10/26/2023,SAN JUAN CO.,18.396,-66.0739,0,None,4.415,7.305,0.07,1.455,13.5,7.675,9.885,34,2.08,Urban land,Urban land,1,920641,5.404906338765667,27.323842760619048,14.172480907507019
ctrl_0312,04/28/2020,SAN JUAN CO.,18.3947,-66.0463,0,None,0.0,0.0,0.0,0.215,0.0,0.0,0.0,46,3.69,Urban land,Urban land,1,920642,0.0,0.14005939736917694,0.05602375894767078
ctrl_0313,01/28/2024,SAN JUAN CO.,18.3969,-66.0953,0,None,0.0,0.0,0.0,0.0,0.945,0.0,0.0,39,1.88,Urban land,Urban land,1,920636,0.0,0.5336586252973325,0.21346345011893303
ctrl_0314,08/02/2019,SAN JUAN CO.,18.403,-66.0547,0,None,0.54,32.465,77.435,176.495,11.885,0.0,0.0,20,1.96,Urban land,Urban land,1,920640,6.351931467625763,208.56124654368028,87.23565749804759
ctrl_0315,02/25/2017,SAN JUAN CO.,18.4134,-66.1013,0,None,0.0,0.0,0.0,0.615,1.455,0.0,0.0,9,1.46,Urban land,Urban land,1,920643,0.0,1.222299887902889,0.4889199551611556
ctrl_0316,01/29/2016,SAN JUAN CO.,18.3955,-66.0537,0,None,0.0,0.0,0.0,0.0,0.0,0.0,0.165,18,3.35,Urban land,Urban land,1,920644,0.0,0.07002151953669675,0.0280086078146787
ctrl_0317,02/09/2016,SAN JUAN CO.,18.3957,-66.0714,0,None,0.0,0.0,2.005,3.88,1.07,0.0,0.0,25,2.58,Urban land,Urban land,1,920635,0.03672285597191203,4.638543906384746,1.8774512761370459
ctrl_0318,05/30/2022,ARECIBO CO.,18.4574,-66.742,0,None,0.0,0.0,3.17,0.295,0.415,4.615,0.485,31,1.65,Urban land,Urban land,1,920692,0.05806057527728734,5.273771150662197,2.1443448054312513
ctrl_0319,11/08/2019,ARECIBO CO.,18.4677,-66.7521,0,None,1.145,0.0,0.0,8.885,3.14,0.0,0.0,40,1.82,Urban land,Urban land,1,920693,1.145,8.706250929267792,4.169500371707117
ctrl_0320,12/29/2018,ARECIBO CO.,18.4532,-66.7466,0,None,0.0,1.64,0.26,0.0,0.335,0.0,0.0,55,3.19,Guerrero,"Guerrero sand, 2 to 12 percent slopes",1,920694,0.2267119306191157,1.8062444226624714,0.858524927436458
ctrl_0321,10/08/2019,ARECIBO CO.,18.4669,-66.7271,0,None,0.0,3.76,8.945,2.44,0.0,1.87,18.815,10,3.81,Urban land,Urban land,1,920696,0.6726940548293909,20.47095458477821,8.591998266808918
ctrl_0322,08/18/2019,ARECIBO CO.,18.4601,-66.7474,0,None,6.935,3.435,0.0,0.0,0.0,0.025,0.0,47,1.65,Urban land,Urban land,1,920695,7.399876697917764,9.924964127130796,8.409911669602977
ctrl_0323,04/03/2020,ARECIBO CO.,18.4417,-66.717,0,None,0.0,0.0,0.0,0.0,0.0,0.0,0.0,9,0.52,Coloso,"Coloso silty clay, 0 to 2 percent slopes, occasionally flooded",1,920697,0.0,0.0,0.0
ctrl_0324,09/15/2024,ARECIBO CO.,18.4653,-66.7233,0,None,1.2,9.12,28.58,43.305,0.0,6.91,15.27,6,0.36,Urban land,Urban land,1,920698,2.9577187425579305,68.65662208922126,29.237280081223265
ctrl_0325,03/13/2023,HATILLO CO.,18.4244,-66.7876,0,None,0.0,0.0,0.0,0.0,0.0,0.0,0.0,141,1.88,Bayamon,"Bayamon sandy clay loam, 5 to 12 percent slopes",1,920699,0.0,0.0,0.0
ctrl_0326,08/17/2015,ARECIBO CO.,18.4638,-66.7568,0,None,10.325,73.135,10.96,0.3,0.535,0.08,1.26,38,2.2,Espinosa,"Espinosa sandy loam, 2 to 5 percent slopes",1,920700,20.4234853417302,83.03173536118565,45.46678534951238
ctrl_0327,07/28/2022,ARECIBO CO.,18.4826,-66.7662,0,None,0.0,0.0,0.0,0.0,0.0,0.38,0.0,8,1.29,Carrizales,"Carrizales fine sand, 2 to 12 percent slopes",1,921014,0.0,0.1860258306316422,0.07441033225265688
ctrl_0328,05/07/2022,UTUADO CO.,18.2684,-66.7025,0,None,0.0,0.0,0.0,0.0,3.885,8.4,21.855,151,5.71,Urban land,Urban land,1,924296,0.0,15.580748386548294,6.232299354619318
ctrl_0329,04/07/2022,NAGUABO CO.,18.2161,-65.7781,0,None,0.645,0.615,0.0,0.0,0.835,1.95,0.16,10,0.58,Toa,"Toa silty clay loam, 0 to 2 percent slopes, occasionally flooded",0,924297,0.7282311991905168,2.6721754316672115,1.5058088921811947
ctrl_0330,02/15/2016,YABUCOA CO.,18.0604,-65.8765,0,None,2.195,2.9,0.0,0.505,0.0,0.0,0.595,13,1.29,Reilly,Reilly soils,0,924298,2.5874723213861768,5.290424476506494,3.6686531834343032
ctrl_0331,09/13/2015,UTUADO CO.,18.2693,-66.7013,0,None,19.43,8.185,4.175,0.385,0.0,0.0,4.375,147,2.38,Lirios,"Lirios clay loam, 40 to 60 percent slopes",1,924299,20.61418708565214,31.770248545030668,25.07661166940355
ctrl_0332,07/15/2019,HUMACAO CO.,18.1867,-65.817,0,None,0.0,2.285,0.0,0.0,0.0,0.14,0.255,39,1.65,Rio Arriba,"Rio Arriba clay, 2 to 5 percent slopes",1,930414,0.30924112219566,2.157566908914761,1.0485714368833003
ctrl_0333,03/09/2023,GUAYAMA CO.,17.974,-66.1101,0,None,0.0,0.0,0.0,0.0,0.0,0.0,0.0,34,0.58,Urban land,Urban land,0,929820,0.0,0.0,0.0
ctrl_0334,10/28/2018,LAS PIEDRAS CO.,18.2021,-65.8481,0,None,0.0,0.0,0.0,0.0,0.0,0.0,0.0,184,14.98,Pandura,"Pandura loam, 40 to 60 percent slopes",1,929838,0.0,0.0,0.0
ctrl_0335,12/31/2023,LAS PIEDRAS CO.,18.2199,-65.8319,0,None,0.0,0.0,0.29,0.0,0.06,0.17,0.0,94,0.52,Mabi,"Mabi clay, 0 to 5 percent slopes, rarely flooded",1,929849,0.005311535277732911,0.3350335844369805,0.13720035494143196
ctrl_0336,09/06/2024,GUAYAMA CO.,17.9758,-66.1112,0,None,0.125,0.545,2.165,3.175,2.035,0.0,0.0,36,0.73,Urban land,Urban land,0,929851,0.23841108755806342,5.441917180818734,2.319813524862332
ctrl_0337,03/30/2016,LAS PIEDRAS CO.,18.1892,-65.8715,0,None,1.06,0.15,0.23,0.26,0.75,0.0,0.0,117,6.02,Pandura,"Pandura loam, 12 to 40 percent slopes",1,929856,1.0845128894299008,1.955784208833737,1.4330214171914353
ctrl_0338,10/22/2017,LAS PIEDRAS CO.,18.2253,-65.8605,0,None,0.12,0.0,0.0,0.0,9.97,25.13,152.865,84,1.5,Urban land,"Urban land-Reilly, frequently flooded complex, 0 to 2 percent slopes",1,929858,0.12,82.92417663549055,33.24167065419623
ctrl_0339,03/02/2017,HUMACAO CO.,18.124,-65.8533,0,None,0.0,0.28,0.305,0.185,0.0,0.0,0.0,162,5.15,Pandura,"Pandura loam, 40 to 60 percent slopes",1,929949,0.043480149167315484,0.5924426119612584,0.26306513428489264
ctrl_0340,02/25/2017,NAGUABO CO.,18.2184,-65.773,0,None,0.735,0.0,2.75,1.1,0.48,1.965,1.205,62,11.46,Sabana,"Sabana silty clay loam, 40 to 60 percent slopes",0,929952,0.785368006944019,5.26252885787506,2.5762323473164357
ctrl_0341,01/12/2021,PATILLAS CO.,17.9864,-65.9985,0,None,0.0,0.0,0.76,0.0,0.0,0.0,0.0,34,12.41,Pandura,"Pandura loam, 40 to 60 percent slopes",0,929956,0.013919885555437977,0.5711227427372174,0.23680102842814976
ctrl_0342,01/19/2020,ARROYO CO.,18.004,-65.906,0,None,0.0,0.0,0.0,0.0,33.725,0.445,4.105,9,0.77,Urban land,"Urban land-Talante, occasionally flooded complex, 0 to 2 percent slopes",0,930376,0.0,21.005015234718407,8.402006093887364
ctrl_0343,08/04/2016,LAS PIEDRAS CO.,18.2337,-65.8588,0,None,0.0,0.18,0.0,21.62,86.895,0.545,0.495,96,2.2,Mabi,"Mabi clay, 0 to 5 percent slopes, rarely flooded",1,930377,0.024360350982590286,63.788196420709326,25.529894778873288
ctrl_0344,10/02/2019,TOA BAJA CO.,18.4425,-66.1666,0,None,0.58,0.0,8.01,50.595,4.99,0.0,1.09,4,0.36,Urban land,Urban land-Sabana Seca complex,1,950883,0.7267082674987607,42.839402063923394,17.571785786068617
ctrl_0345,01/28/2017,TOA BAJA CO.,18.4498,-66.1893,0,None,0.215,0.0,0.0,0.0,0.0,0.0,0.0,3,0.36,Saladar,Saladar muck,1,950886,0.215,0.215,0.21500000000000002
ctrl_0346,02/21/2018,TOA BAJA CO.,18.4516,-66.173,0,None,1.62,0.0,0.0,0.0,0.0,0.0,0.29,2,1.39,Tropopsamments,Tropopsamments,1,950889,1.62,1.7430681252463156,1.6692272500985261
ctrl_0347,03/16/2020,CATANO CO.,18.4388,-66.1394,0,None,0.26,0.0,0.245,18.325,0.0,6.41,0.675,0,0.36,Urban land,Urban land-Sabana Seca complex,1,950891,0.2644873315277399,15.806146374652048,6.481150948777463
ctrl_0348,10/27/2017,GUAYNABO CO.,18.3962,-66.1079,0,None,6.44,0.0,0.0,0.0,0.0,0.0,0.205,26,2.08,Urban land,"Urban land-Vega Alta complex, 2 to 12 percent slopes",1,950897,6.44,6.5269964333637756,6.4747985733455105
ctrl_0349,10/28/2024,LOIZA CO.,18.3871,-65.8732,0,None,0.215,0.565,0.07,1.335,0.0,0.0,0.61,9,1.15,Rio Arriba,"Rio Arriba clay, 2 to 5 percent slopes",1,956004,0.2927465297508976,1.8859280015410214,0.9300191184669472
ctrl_0350,11/12/2015,CANOVANAS CO.,18.3993,-65.9082,0,None,0.0,1.36,1.58,0.805,5.655,32.765,0.92,0,0.36,Coloso,"Coloso silty clay loam, 0 to 2 percent slopes, occasionally flooded",1,956169,0.2129946946459933,22.51443298139194,9.133570009344373
ctrl_0351,12/28/2019,HUMACAO CO.,18.1479,-65.7999,0,None,0.49,0.385,17.235,0.92,0.245,0.0,0.765,11,0.93,Talante,Talante soils,0,962022,0.8577741202934295,14.837784237319715,6.449778167103944
ctrl_0352,01/30/2024,NAGUABO CO.,18.2306,-65.8207,0,None,0.0,0.0,0.03,0.045,0.0,0.015,2.34,293,10.13,Naranjito,"Naranjito silty clay loam, 40 to 60 percent slopes",1,959320,0.0005494691666620253,1.0522346601585733,0.42122354556342656
ctrl_0353,09/05/2024,HUMACAO CO.,18.1145,-65.8013,0,None,0.21,0.8,8.04,2.26,0.345,0.0,4.58,17,0.93,Urban land,Urban land,1,959321,0.46552596325471296,10.556087411438735,4.501750542528321
ctrl_0354,08/14/2024,HUMACAO CO.,18.1606,-65.7657,0,None,157.625,1.525,1.98,0.94,0.75,0.52,0.0,2,1.29,Aguadilla,Aguadilla loamy sand,0,959322,157.86765127193553,161.72536680596272,159.4107374855464
ctrl_0355,03/11/2021,BAYAMON CO.,18.348,-66.1409,0,None,0.0,0.0,0.0,0.0,0.0,0.0,0.0,46,2.43,Mucara,"Mucara clay, 40 to 60 percent slopes",1,966049,0.0,0.0,0.0
ctrl_0356,02/13/2016,BAYAMON CO.,18.3514,-66.1428,0,None,0.0,0.0,0.0,0.0,0.0,0.0,1.235,43,1.65,Made land,Made land,1,966052,0.0,0.5241004644110333,0.20964018576441334
ctrl_0357,08/03/2015,GUAYNABO CO.,18.4057,-66.1084,0,None,0.0,0.295,0.0,0.65,0.0,0.0,0.0,34,0.26,Urban land,Urban land,1,966056,0.03992390855480075,0.6791643678214897,0.29562009226147634
ctrl_0358,05/02/2022,NAGUABO CO.,18.2218,-65.6894,0,None,5.77,24.265,47.63,0.735,0.0,0.185,0.0,23,3.83,Toa,"Toa silty clay loam, 0 to 2 percent slopes, occasionally flooded",0,966381,9.926284528006816,63.16702862091739,31.222582165171048
ctrl_0359,01/30/2021,HUMACAO CO.,18.1492,-65.7912,0,None,0.4,0.0,0.0,0.0,0.0,1.005,0.0,9,0.93,Fortuna,Fortuna clay,0,967171,0.4,0.8919893678547379,0.5967957471418952
ctrl_0360,05/24/2024,CAROLINA CO.,18.374,-65.9262,0,None,2.375,7.935,53.425,0.0,0.0,0.0,0.0,13,0.58,Mabi,"Mabi clay, 0 to 5 percent slopes, rarely flooded",1,967286,4.427398480113145,49.40135051706484,22.416979294893824
ctrl_0361,03/09/2015,SAN JUAN CO.,18.4517,-66.0691,0,None,0.0,0.29,0.0,0.0,0.08,0.29,0.0,4,0.77,Urban land,Urban land,1,968805,0.03924723213861768,0.4385391219596897,0.1989639880670465
ctrl_0362,01/25/2016,SAN JUAN CO.,18.4468,-66.0523,0,None,0.0,0.0,0.885,0.0,0.0,0.245,0.245,4,0.58,Urban land,Urban land,1,968804,0.016209340416529747,0.8889664581539344,0.36531218751149164
ctrl_0363,06/21/2023,SAN JUAN CO.,18.4466,-66.0505,0,None,0.89,0.0,0.485,0.665,0.0,0.0,0.0,1,1.15,Urban land,Urban land,1,968808,0.8988830848610361,1.6876734603996657,1.2143992350764878
ctrl_0364,07/15/2024,CAROLINA CO.,18.4407,-66.0288,0,None,0.125,0.71,49.13,2.185,0.0,2.065,3.34,3,0.36,Urban land,Urban land,1,968809,1.1209353897015053,41.51226588986291,17.27746758976607
ctrl_0365,09/02/2017,CANOVANAS CO.,18.3794,-65.8905,0,None,0.0,0.045,0.0,0.0,3.265,8.655,7.055,12,0.0,Mabi,"Mabi clay, 0 to 5 percent slopes, rarely flooded",1,968810,0.006090087745647572,9.113747663560403,3.64915311807155
ctrl_0366,11/19/2016,RIO GRANDE CO.,18.3598,-65.7709,0,None,24.195,48.405,14.705,1.535,1.675,2.405,0.975,27,6.78,Caguabo,"Caguabo clay loam, 20 to 60 percent slopes",0,968820,31.015235854927074,80.7436713555223,50.90661005516516
ctrl_0367,07/30/2019,RIO GRANDE CO.,18.3733,-65.8721,0,None,228.55,4.805,0.13,0.0,0.97,2.825,0.0,20,0.93,Rio Arriba,"Rio Arriba clay, 2 to 5 percent slopes",1,968840,229.20266706900748,234.74377212299535,231.41910909060263
ctrl_0368,06/19/2020,RIO GRANDE CO.,18.3514,-65.8208,0,None,0.0,0.0,0.0,0.0,0.0,0.015,0.0,42,4.92,Caguabo,"Caguabo clay loam, 20 to 60 percent slopes",1,968839,0.0,0.007343124893354296,0.0029372499573417188
ctrl_0369,06/01/2020,RIO GRANDE CO.,18.3739,-65.798,0,None,0.0,0.0,0.485,8.32,13.18,0.335,0.0,11,4.19,Caguabo,"Caguabo clay loam, 20 to 60 percent slopes",0,968837,0.008883084861036077,13.391420749813744,5.361898150842119
ctrl_0370,06/01/2017,RIO GRANDE CO.,18.3635,-65.8088,0,None,0.0,26.385,23.945,6.475,0.48,1.895,0.97,48,4.4,Rubble land,"Rubble land-Pandura complex, 40 to 60 percent slopes",1,968835,4.009389421388766,46.695152868840644,21.083694800369518
ctrl_0371,09/18/2024,RIO GRANDE CO.,18.3518,-65.7877,0,None,0.25,0.0,0.0,0.825,10.675,6.66,0.13,234,3.65,Caguabo,"Caguabo clay loam, 20 to 60 percent slopes",0,968834,0.25,10.131319097483262,4.202527638993305
ctrl_0372,07/08/2019,NAGUABO CO.,18.22,-65.7857,0,None,0.445,0.37,0.115,3.905,0.14,0.0,0.0,15,0.52,Toa,"Toa silty clay loam, 0 to 2 percent slopes, occasionally flooded",0,968876,0.4971803532697512,3.4750947683510836,1.6883461193022842
ctrl_0373,09/05/2015,NAGUABO CO.,18.2136,-65.7802,0,None,0.74,0.44,0.0,30.83,10.91,0.3,12.34,10,1.29,Toa,"Toa silty clay loam, 0 to 2 percent slopes, occasionally flooded",0,968881,0.7995475246241096,32.74999054419783,13.579724732453599
ctrl_0374,11/12/2016,SAN JUAN CO.,18.3942,-66.0964,0,None,0.19,1.195,3.63,10.99,17.73,18.25,5.485,33,2.06,Urban land,Urban land,1,975935,0.41821143263385724,32.38736955498109,13.205874681572752
ctrl_0375,04/09/2019,SAN JUAN CO.,18.3972,-66.0847,0,None,0.0,0.0,0.0,0.0,0.0,0.0,0.0,16,0.93,Urban land,Urban land,1,975940,0.0,0.0,0.0
ctrl_0376,01/16/2015,SAN JUAN CO.,18.4013,-66.0925,0,None,2.225,0.0,0.0,0.0,1.63,0.995,0.0,39,1.15,Urban land,Urban land,1,975939,2.225,3.6325844901318156,2.7880337960527264
ctrl_0377,05/26/2019,ARECIBO CO.,18.4623,-66.7251,0,None,0.58,1.365,22.42,11.725,8.38,6.575,6.235,5,0.82,Urban land,Urban land,1,976064,1.1753692855033966,36.84657116026631,15.443850035408563
ctrl_0378,12/29/2017,VEGA BAJA CO.,18.3901,-66.3807,0,None,0.0,0.0,0.0,0.315,0.0,0.0,0.9,135,7.46,Jobos,"Jobos sandy loam, 2 to 12 percent slopes",1,981381,0.0,0.5871388642315376,0.23485554569261505
ctrl_0379,10/24/2023,VEGA BAJA CO.,18.4468,-66.4099,0,None,0.0,0.0,4.12,1.445,11.915,0.0,0.63,18,2.43,Algarrobo,"Algarrobo fine sand, 2 to 12 percent slopes",1,981380,0.07546043222158481,11.033387202101483,4.458631140173544
ctrl_0380,10/28/2023,ARROYO CO.,17.9619,-66.0638,0,None,19.72,10.6,0.285,0.18,1.3,2.495,10.665,3,1.63,Urban land,Urban land,0,986664,21.15977395939138,35.72181219458333,26.984589253468158
ctrl_0381,02/14/2020,SAN JUAN CO.,18.3549,-66.0415,0,None,1.835,0.0,1.38,0.0,0.0,0.125,0.0,108,4.59,Humatas,"Humatas clay, 20 to 40 percent slopes",1,987108,1.8602755816664531,2.9332313718885135,2.289457897755277
ctrl_0382,03/21/2018,SAN JUAN CO.,18.4183,-66.0908,0,None,0.0,0.0,0.0,0.0,0.0,0.0,0.0,10,0.0,Urban land,Urban land,1,987883,0.0,0.0,0.0
ctrl_0383,10/06/2019,SAN JUAN CO.,18.3779,-66.0529,0,None,1.11,0.0,0.0,0.0,8.285,0.0,2.43,29,2.01,Urban land,"Urban land-Vega Alta complex, 2 to 12 percent slopes",1,987884,1.11,6.819915655829274,3.39396626233171
ctrl_0384,10/31/2022,SAN JUAN CO.,18.4012,-66.0852,0,None,21.82,20.91,1.675,3.355,51.125,58.91,0.5,19,1.73,Urban land,Urban land,1,987885,24.680539467616203,101.31301896267937,55.33353126564147
ctrl_0385,03/19/2023,SAN JUAN CO.,18.4082,-66.0713,0,None,0.0,0.0,0.185,0.0,3.36,0.0,0.0,7,1.57,Bajura,"Bajura clay, 0 to 2 percent slopes, frequently flooded",1,987886,0.003388393194415823,2.036476189164999,0.8166235115826492
ctrl_0386,10/21/2023,SAN GERMAN CO.,18.0754,-67.0338,0,None,7.79,1.895,5.325,5.735,0.265,0.0,0.0,77,8.32,El Cacique,"El Cacique-La Taina complex, 20 to 60 percent slopes, very stony",0,988231,8.14399113881589,17.320003502925154,11.814396084459595
ctrl_0387,04/02/2021,SAN JUAN CO.,18.3992,-66.0875,0,None,0.32,0.0,0.0,0.0,0.0,0.0,0.655,23,1.57,Urban land,Urban land,1,988251,0.32,0.5979642139184023,0.4311856855673609
ctrl_0388,06/11/2022,SAN JUAN CO.,18.3584,-66.0453,0,None,2.765,0.0,0.0,0.0,0.0,0.0,0.0,94,3.23,Urban land,"Urban land-Vega Alta complex, 2 to 12 percent slopes",1,988256,2.765,2.765,2.765
ctrl_0389,01/28/2023,SAN JUAN CO.,18.3547,-66.0501,0,None,0.0,0.435,0.0,0.0,0.0,0.0,0.0,85,3.19,Humatas,"Humatas clay, 40 to 60 percent slopes",1,988257,0.05887084820792653,0.377091886391329,0.18615926348128753
ctrl_0390,06/23/2020,GUAYNABO CO.,18.367,-66.1234,0,None,0.0,0.0,5.525,0.0,0.0,0.0,0.0,32,1.5,Rio Piedras,"Rio Piedras clay, 20 to 40 percent slopes, eroded",1,999057,0.10119390486025634,4.151912044240955,1.721481160612536
ctrl_0391,10/03/2016,GUAYNABO CO.,18.3991,-66.1072,0,None,14.725,0.0,0.25,13.835,1.015,2.19,1.44,20,2.85,Urban land,Urban land,1,999058,14.729578909722184,26.181910710253383,19.310511629934666
ctrl_0392,02/23/2017,SAN JUAN CO.,18.3865,-66.0956,0,None,0.0,0.0,0.0,0.0,0.0,0.0,0.0,32,1.29,Urban land,"Urban land-Vega Alta complex, 2 to 12 percent slopes",1,999059,0.0,0.0,0.0
ctrl_0393,05/07/2018,GUAYNABO CO.,18.3632,-66.0915,0,None,0.14,0.0,1.675,25.345,4.98,0.0,0.0,50,3.65,Urban land,"Urban land-Vega Alta complex, 2 to 12 percent slopes",1,999064,0.17067869513862977,20.72174362662435,8.391104667732918
ctrl_0394,06/17/2017,SAN JUAN CO.,18.3543,-66.0745,0,None,0.43,0.29,0.79,0.0,0.0,0.0,0.0,105,1.88,Humatas,"Humatas clay, 20 to 40 percent slopes",1,999063,0.48371658686071767,1.2750616524570286,0.8002546130992421
ctrl_0395,09/04/2015,GUAYNABO CO.,18.3733,-66.1058,0,None,4.145,0.02,23.71,8.11,0.095,35.47,5.065,39,1.63,Urban land,"Urban land-Vega Alta complex, 2 to 12 percent slopes",1,999062,4.581970503716619,46.8301742828165,21.481252015356574
ctrl_0396,07/07/2021,SAN JUAN CO.,18.3931,-66.084,0,None,0.0,0.0,0.0,0.0,1.48,0.46,5.3,24,2.01,Urban land,Urban land,1,999060,0.0,3.3101480660555174,1.324059226422207
ctrl_0397,04/09/2023,GUAYNABO CO.,18.3994,-66.1057,0,None,0.0,56.79,8.91,33.8,12.655,0.0,0.0,27,4.64,Urban land,Urban land,1,999061,7.848883077505858,85.09080658667148,38.74565248117211
ctrl_0398,02/05/2021,ADJUNTAS CO.,18.3424,-66.3206,0,None,38.675,0.0,0.0,0.0,0.0,0.0,0.0,82,3.3,Urban land,"Urban land-Vega Alta complex, 2 to 12 percent slopes",1,1008918,38.675,38.675,38.675
ctrl_0399,09/14/2015,VEGA ALTA CO.,18.4,-66.3459,0,None,0.0,12.99,23.935,4.96,0.0,0.0,0.0,34,7.16,Colinas,"Colinas clay loam, 40 to 60 percent slopes",1,1008919,2.196390146045452,32.478490652865865,14.309230348773617
ctrl_0400,05/29/2023,NARANJITO CO.,18.29,-66.25,0,None,0.0,0.11,1.745,0.0,0.59,6.39,25.36,443,7.99,Mucara,"Mucara clay, 40 to 60 percent slopes",1,1007653,0.04684767101686854,15.630134708309855,6.2801624859340635
ctrl_0401,07/15/2018,TOA BAJA CO.,18.44,-66.25,0,None,0.675,0.0,0.0,0.0,0.0,34.225,130.075,6,0.58,Bajura,"Bajura clay, 0 to 2 percent slopes, frequently flooded",1,1007654,0.675,72.62986119976598,29.456944479906397
ctrl_0402,08/30/2015,BAYAMON CO.,18.42,-66.19,0,None,32.785,3.32,11.75,3.98,0.0,72.4,0.0,56,6.28,Tanama,"Tanama-Rock outcrop complex, 20 to 60 percent slopes",1,1008911,33.44952189728818,82.52843642170222,53.0810877070538
ctrl_0403,08/01/2015,BAYAMON CO.,18.4078,-66.1917,0,None,0.0,0.65,0.0,0.0,0.0,0.0,0.0,62,1.39,Urban land,"Urban land-Vega Alta complex, 2 to 12 percent slopes",1,1008917,0.08796793410379826,0.5634706348376181,0.2781690143973262
ctrl_0404,07/27/2021,SAN JUAN CO.,18.4651,-66.1096,0,None,0.0,45.395,15.615,5.76,0.215,0.63,0.0,8,3.87,Urban land,Urban land,1,1007657,6.4295438837736185,55.268354803661516,25.96506825172878
ctrl_0405,05/13/2020,TOA BAJA CO.,18.42,-66.22,0,None,0.0,0.0,0.0,0.0,0.0,0.0,0.18,60,8.7,Tanama,"Tanama-Rock outcrop complex, 20 to 60 percent slopes",1,1007659,0.0,0.076387112221851,0.030554844888740402
ctrl_0406,08/28/2020,SAN JUAN CO.,18.41,-66.08,0,None,0.0,0.0,0.0,0.0,37.605,1.325,65.555,14,2.31,Urban land,Urban land,1,1007662,0.0,49.70462957536721,19.881851830146886
ctrl_0407,07/31/2024,BAYAMON CO.,18.3811,-66.1474,0,None,19.795,0.965,10.99,5.925,0.0,0.0,0.28,26,1.15,Urban land,"Urban land-Vega Alta complex, 2 to 12 percent slopes",1,1007665,20.12688741971052,32.868873436817374,25.22368182655326
ctrl_0408,12/22/2020,TOA BAJA CO.,18.4,-66.21,0,None,0.0,0.8,0.0,1.155,0.46,0.0,0.0,76,1.32,Urban land,"Urban land-Vega Alta complex, 2 to 12 percent slopes",1,1007666,0.10826822658929017,1.7056847673720836,0.7472348429024076
ctrl_0409,10/13/2016,BAYAMON CO.,18.42,-66.17,0,None,0.23,3.035,4.075,0.0,5.545,0.92,0.75,12,0.58,Urban land,Urban land-Sabana Seca complex,1,1007667,0.7153788130947114,9.823264342606725,4.358533024899517
ctrl_0410,08/28/2015,VEGA ALTA CO.,18.4129,-66.3304,0,None,12.185,0.915,0.0,30.15,0.0,0.665,0.0,32,1.29,Urban land,Urban land,1,1007668,12.308831784161502,32.94462606643811,20.563149497072146
ctrl_0411,09/18/2020,TOA BAJA CO.,18.4179,-66.2258,0,None,0.0,0.0,0.0,1.055,0.0,9.265,1.08,46,7.35,Tanama,"Tanama-Rock outcrop complex, 20 to 60 percent slopes",1,1007669,0.0,5.681194354821541,2.272477741928616
ctrl_0412,12/02/2015,TOA BAJA CO.,18.3972,-66.2077,0,None,2.78,0.0,1.52,43.915,10.35,0.01,1.65,89,3.12,Lares,"Lares clay, 5 to 12 percent slopes, eroded",1,1007672,2.8078397711108756,39.08013487169358,17.316757811343958
ctrl_0413,07/26/2024,VEGA ALTA CO.,18.42,-66.32,0,None,0.0,0.0,0.0,1.075,13.695,0.0,1.08,43,5.82,Bayamon,"Bayamon clay, 2 to 5 percent slopes",1,1007673,0.0,8.892434341073253,3.5569737364293013
ctrl_0414,02/07/2017,BAYAMON CO.,18.4037,-66.157,0,None,0.0,0.0,0.29,0.0,0.0,0.0,0.0,1,1.57,Toa,"Toa silty clay loam, 0 to 2 percent slopes, occasionally flooded",1,1031763,0.005311535277732911,0.2179284149918329,0.09035828716337292
ctrl_0415,10/15/2015,GUAYNABO CO.,18.42,-66.1,0,None,0.68,0.0,0.0,0.0,0.0,0.0,2.73,5,2.85,Urban land,Urban land,1,1031764,0.68,1.8385378686980736,1.1434151474792293
ctrl_0416,09/10/2021,SAN JUAN CO.,18.4172,-66.0881,0,None,0.245,0.365,0.165,0.02,0.0,0.0,0.0,6,1.86,Urban land,Urban land,1,1031781,0.2974194587980048,0.6984329679168596,0.45782486244554677
ctrl_0417,10/13/2015,GUAYNABO CO.,18.41,-66.1,0,None,0.0,0.0,0.0,0.0,2.73,7.035,4.52,17,4.16,Urban land,Urban land,1,1031765,0.0,6.903771310524162,2.761508524209665
ctrl_0418,08/04/2022,CAROLINA CO.,18.3824,-65.9723,0,None,8.33,0.845,0.0,0.0,0.0,7.385,0.53,13,0.73,Urban land,Urban land,1,1031766,8.444358314334938,12.902694589325787,10.227692824331278
ctrl_0419,09/07/2024,BAYAMON CO.,18.39,-66.13,0,None,12.665,0.0,11.125,0.735,1.58,9.905,0.36,24,2.13,Daguey,"Daguey clay, 12 to 20 percent slopes",1,1031767,12.868761482637167,27.39793158787547,18.68042952473249
ctrl_0420,08/28/2017,BAYAMON CO.,18.398,-66.137,0,None,10.935,3.095,1.04,1.045,0.125,1.205,0.1,19,0.73,Urban land,"Urban land-Vega Alta complex, 2 to 12 percent slopes",1,1031768,11.3729109660616,15.783202049229857,13.137027399328904
ctrl_0421,07/19/2019,OROCOVIS CO.,18.2104,-66.4235,0,None,32.425,0.7,0.0,0.0,0.0,1.61,0.9,810,12.12,Maricao,"Maricao clay, 20 to 60 percent slopes",1,1032059,32.51973469826562,34.201912162821074,33.19260568408781
ctrl_0422,05/29/2021,FAJARDO CO.,18.32,-65.65,0,None,0.6,0.84,0.0,0.0,0.255,0.0,69.105,7,3.09,Toa,"Toa silty clay loam, 0 to 2 percent slopes, occasionally flooded",0,1045044,0.7136816379187546,30.79846605740776,12.747595405714359
ctrl_0423,10/12/2017,NAGUABO CO.,18.214,-65.7084,0,None,3.03,31.325,44.105,27.695,0.865,0.0,23.52,16,4.73,Daguao,"Daguao clay, 20 to 40 percent slopes, eroded",0,1045050,8.077189000574513,91.84019142494107,41.58238997032113
ctrl_0424,07/06/2021,FAJARDO CO.,18.3217,-65.6517,0,None,0.595,0.845,0.0,0.445,0.0,4.38,9.205,7,0.36,Toa,"Toa silty clay loam, 0 to 2 percent slopes, occasionally flooded",0,1045052,0.7093583143349377,7.667946719206003,3.4927936762833642
ctrl_0425,09/08/2021,BAYAMON CO.,18.3899,-66.1659,0,None,1.985,0.495,0.0,0.0,0.015,0.12,0.18,37,0.52,Urban land,"Urban land-Vega Alta complex, 2 to 12 percent slopes",1,1045079,2.0519909652021235,2.5577074435751417,2.254277556551331
ctrl_0426,06/19/2015,BAYAMON CO.,18.3924,-66.159,0,None,0.0,2.045,42.195,0.565,0.325,0.0,0.0,14,2.08,Urban land,"Urban land-Vega Alta complex, 2 to 12 percent slopes",1,1045081,1.0495890371290115,34.03294614345838,14.24293187966076
ctrl_0427,12/18/2021,BAYAMON CO.,18.3991,-66.188,0,None,0.505,0.63,0.0,0.0,0.745,2.27,2.155,39,2.34,Urban land,"Urban land-Vega Alta complex, 2 to 12 percent slopes",1,1045082,0.590261228439066,3.497631127366506,1.753209188010042
ctrl_0428,12/09/2015,BAYAMON CO.,18.3995,-66.158,0,None,0.0,0.0,25.4,0.0,13.415,2.355,0.0,5,0.0,Urban land,"Urban land-Vega Alta complex, 2 to 12 percent slopes",1,1045088,0.4652172277738481,27.816087459102977,11.4055653203055
ctrl_0429,09/21/2019,BAYAMON CO.,18.4057,-66.1846,0,None,0.475,0.0,9.22,1.03,1.775,10.555,4.39,64,2.74,Urban land,"Urban land-Vega Alta complex, 2 to 12 percent slopes",1,1045090,0.6438701905541291,16.107086547120346,6.829156733180616
ctrl_0430,05/23/2022,GUAYNABO CO.,18.4084,-66.1075,0,None,1.405,0.66,0.0,0.0,0.0,0.0,0.0,16,2.31,Urban land,Urban land,1,1045215,1.4943212869361644,1.97713941383512,1.6874485376957467
ctrl_0431,07/25/2021,GUAYNABO CO.,18.409,-66.1058,0,None,15.615,5.76,0.215,0.63,0.0,0.0,0.0,16,0.77,Urban land,Urban land,1,1045216,16.398469093803968,21.180190926816795,18.311157827009097
ctrl_0432,05/11/2021,TRUJILLO ALTO CO.,18.368,-66.0142,0,None,8.315,10.14,0.0,0.0,0.0,0.745,0.0,54,3.44,Rio Piedras,"Rio Piedras clay, 12 to 20 percent slopes, eroded",1,1045253,9.687299772019252,17.46985043983677,12.800320039146259
ctrl_0433,11/18/2020,SAN JUAN CO.,18.4125,-66.0214,0,None,0.0,0.235,0.0,0.0,0.0,0.0,7.72,4,0.58,Urban land,Urban land,1,1045482,0.031803791560603985,3.4798746750673466,1.4110321449633012
ctrl_0434,07/26/2018,SAN JUAN CO.,18.3953,-66.0332,0,None,7.725,0.0,0.0,0.0,0.58,0.0,0.0,36,1.32,Urban land,Urban land,1,1045494,7.725,8.0525365107645,7.8560146043058
ctrl_0435,12/11/2017,CEIBA CO.,18.2268,-65.6874,0,None,0.58,0.21,0.345,0.145,2.85,3.815,6.89,66,11.18,Daguao,"Daguao clay, 20 to 40 percent slopes, eroded",0,1055759,0.614739304896302,7.51673967404659,3.3755394525564175
ctrl_0436,04/23/2017,CEIBA CO.,18.2313,-65.6208,0,None,0.38,2.075,1.245,0.22,1.015,10.97,7.075,6,1.46,Made land,Made land,0,1055748,0.6836236831324454,12.203576246859264,5.291604708623173
ctrl_0437,07/13/2022,NARANJITO CO.,18.2793,-66.2394,0,None,5.13,0.0,0.0,22.11,0.0,0.0,16.29,460,9.98,Mucara,"Mucara clay, 40 to 60 percent slopes",1,1055770,5.13,26.446351218089156,13.656540487235663
ctrl_0438,01/19/2023,BAYAMON CO.,18.4422,-66.3735,0,None,0.0,0.0,0.0,2.28,6.845,0.0,0.0,44,4.64,Rock outcrop,"Rock outcrop-Tanama complex, 12 to 60 percent slopes",1,1055794,0.0,5.350776596313919,2.1403106385255675
ctrl_0439,07/17/2018,VEGA BAJA CO.,18.4427,-66.3722,0,None,0.0,0.57,0.39,0.0,0.0,0.0,0.0,31,4.73,Rock outcrop,"Rock outcrop-Tanama complex, 12 to 60 percent slopes",1,1055793,0.08428421061147556,0.7871965471569651,0.3654491452296714
ctrl_0440,09/11/2017,SAN JUAN CO.,18.4512,-66.0615,0,None,1.045,0.0,0.0,8.715,30.825,55.69,1.315,11,2.32,Urban land,Urban land,1,1055800,1.045,51.95035281006423,21.407141124025692
ctrl_0441,12/30/2017,SAN JUAN CO.,18.4512,-66.0615,0,None,0.0,3.02,0.0,0.0,0.0,0.0,0.0,11,2.32,Urban land,Urban land,1,1055799,0.40871255537457035,2.6179712572455482,1.2924160361229615
ctrl_0442,06/17/2019,PATILLAS CO.,18.0,-66.01,0,None,0.0,0.0,0.0,0.0,0.0,0.0,0.0,18,2.08,Parcelas,"Parcelas clay, 5 to 12 percent slopes, eroded",0,1058489,0.0,0.0,0.0
ctrl_0443,06/27/2016,SALINAS CO.,17.983,-66.2254,0,None,0.0,0.0,2.21,0.0,0.0,3.56,1.83,16,0.93,Paso Seco,"Paso Seco clay, 0 to 5 percent slopes",0,1058495,0.040477561944102534,4.180135433307954,1.6963407104896433
ctrl_0444,07/21/2022,PATILLAS CO.,18.0,-65.99,0,None,33.995,0.155,0.0,0.0,0.0,0.37,0.53,48,5.21,Parcelas,"Parcelas clay, 5 to 12 percent slopes, eroded",0,1058497,34.015976968901676,34.535414096706134,34.22375182002346
ctrl_0445,04/04/2022,SAN LORENZO CO.,18.19,-65.96,0,None,0.0,0.0,0.18,0.0,0.0,0.0,0.0,90,3.14,Urban land,"Urban land-Mucara complex, 12 to 40 percent slopes",1,1058498,0.003296814999972152,0.13526591275355146,0.05608445410140388
ctrl_0446,05/20/2018,ISABELA CO.,18.5008,-67.0242,0,None,0.505,4.75,0.385,1.045,0.36,0.735,0.5,76,1.39,Urban land,Urban land,1,1058510,1.154894116346073,6.36804066330293,3.2401527351288157
ctrl_0447,02/23/2020,BARRANQUITAS CO.,18.1665,-66.317,0,None,0.0,0.305,0.0,0.0,0.0,0.0,0.0,606,6.22,Mucara,"Mucara clay, 40 to 60 percent slopes",1,1058512,0.04127726138716687,0.2643977594238054,0.1305254606018223
ctrl_0448,07/26/2018,UTUADO CO.,18.27,-66.72,0,None,3.635,0.0,0.0,0.695,2.02,4.1,0.0,163,6.1,Pellejas,"Pellejas clay loam, 40 to 60 percent slopes",1,1058513,3.635,7.235601555623265,5.075240622249305
ctrl_0449,06/14/2023,CAGUAS CO.,18.24,-66.06,0,None,1.065,0.0,0.0,0.0,0.0,0.17,0.0,81,0.77,Rio Arriba,"Rio Arriba clay, 2 to 5 percent slopes",1,1058523,1.065,1.148222082124682,1.0982888328498728
ctrl_0450,11/01/2015,PONCE CO.,17.99,-66.63,0,None,34.505,0.525,0.0,1.195,0.325,17.535,24.31,7,1.63,Urban land,Urban land,1,1058525,34.57605102369922,54.82273083950881,42.67472295002305
ctrl_0451,02/15/2015,ADJUNTAS CO.,18.44,-66.71,0,None,3.425,8.83,1.66,6.155,0.0,0.905,3.47,10,1.32,Toa,"Toa silty clay loam, 0 to 2 percent slopes, occasionally flooded",1,1058544,4.6504145115345885,18.252200536800785,10.091128921641069
ctrl_0452,02/28/2020,CIDRA CO.,18.15,-66.2,0,None,0.0,0.0,0.0,0.0,0.24,0.0,0.0,388,24.72,Caguabo,"Caguabo clay loam, 40 to 60 percent slopes",1,1058548,0.0,0.13553234928186222,0.05421293971274489
ctrl_0453,12/26/2021,TOA BAJA CO.,18.4099,-66.2597,0,None,0.0,3.245,1.065,0.415,0.0,0.0,0.0,8,0.82,Toa,"Toa silty clay loam, 0 to 2 percent slopes, occasionally flooded",1,1141220,0.45866914951931015,3.883689310689907,1.828677213987549
ctrl_0454,05/02/2021,SALINAS CO.,17.9787,-66.2237,0,None,0.0,0.0,0.0,4.905,7.655,0.0,0.0,9,0.58,Paso Seco,"Paso Seco clay, 0 to 5 percent slopes",0,1058554,0.0,7.518225801159225,3.0072903204636905
ctrl_0455,02/21/2016,HORMIGUEROS CO.,18.1524,-67.1492,0,None,0.0,3.5,13.04,3.51,1.13,0.215,0.49,9,1.29,Urban land,Urban land,1,1058580,0.7125094224372381,16.071213271816585,6.855990962188978
ctrl_0456,11/04/2015,HORMIGUEROS CO.,18.1514,-67.1454,0,None,3.065,9.76,0.07,21.71,11.41,8.99,13.495,9,0.93,Urban land,Urban land,1,1058569,4.387154459111551,42.29239849501224,19.54925207347183
ctrl_0457,01/18/2021,FAJARDO CO.,18.33,-65.66,0,None,2.24,0.245,0.0,0.0,3.76,0.185,0.0,23,2.58,Urban land,Urban land,0,1058562,2.2731571443929703,4.666290431206006,3.2304104591181844
ctrl_0458,05/30/2017,ADJUNTAS CO.,18.28,-67.15,0,None,106.26,27.93,1.645,2.025,4.74,0.0,0.09,9,1.63,Lares,"Lares clay, 0 to 5 percent slopes, eroded",1,1058560,110.07004368677056,135.7422014330595,120.33890678528614
ctrl_0459,09/10/2020,COMERIO CO.,18.2492,-66.191,0,None,1.19,0.0,5.345,0.38,0.0,0.0,0.0,374,7.95,Naranjito,"Naranjito silty clay loam, 40 to 60 percent slopes",1,1141219,1.2878970898602842,5.454192973349205,2.9544154432558525
ctrl_0460,12/29/2017,DORAD CO.,18.4092,-66.2988,0,None,1.175,0.0,0.0,0.0,0.0,0.0,0.81,79,7.63,Tanama,"Tanama-Rock outcrop complex, 20 to 60 percent slopes",1,1059579,1.175,1.5187420049983296,1.3124968019993317
ctrl_0461,07/03/2016,DORAD CO.,18.4304,-66.2933,0,None,0.33,32.425,1.035,0.445,1.355,0.0,0.0,34,2.43,Bayamon,"Bayamon clay, 2 to 5 percent slopes",1,1059583,4.737203245197007,30.271378333654386,14.950873280579959
ctrl_0462,12/07/2018,GUAYNABO CO.,18.3893,-66.1099,0,None,0.0,0.0,0.0,0.0,0.0,0.0,0.0,43,1.96,Urban land,"Urban land-Vega Alta complex, 2 to 12 percent slopes",1,1059589,0.0,0.0,0.0
ctrl_0463,11/24/2024,BAYAMON CO.,18.3703,-66.1705,0,None,3.035,0.0,0.0,0.0,0.0,0.0,0.335,37,2.2,Urban land,"Urban land-Vega Alta complex, 2 to 12 percent slopes",1,1059609,3.035,3.1771649033017786,3.0918659613207113
ctrl_0464,10/16/2015,GUAYNABO CO.,18.3793,-66.1184,0,None,5.97,0.71,0.0,0.0,0.0,0.0,0.0,72,11.17,Yunes,"Yunes silty clay loam, 40 to 60 percent slopes",1,1059610,6.066088051097995,6.585483308822629,6.273846154187849
ctrl_0465,11/17/2024,BAYAMON CO.,18.393,-66.1436,0,None,2.235,1.445,0.185,0.665,0.0,1.08,71.755,16,1.29,Urban land,"Urban land-Vega Alta complex, 2 to 12 percent slopes",1,1059612,2.4339478774713212,35.03944737148714,15.47614767507765
ctrl_0466,10/04/2017,PONCE CO.,18.012,-66.6303,0,None,0.0,4.46,0.1,1.89,18.66,1.15,0.625,17,1.57,Urban land,Urban land,1,1059672,0.605426927124166,16.53848907463041,6.9786517861266635
ctrl_0467,03/01/2019,GUAYAMA CO.,17.9587,-66.1765,0,None,0.0,0.0,0.905,0.0,0.0,0.0,0.0,14,1.03,Poncena,Poncena clay,0,1059674,0.016575653194304433,0.6800869502331338,0.2819801720098362
ctrl_0468,03/20/2018,PONCE CO.,18.0194,-66.5605,0,None,0.0,1.285,0.0,0.0,0.0,0.0,0.0,24,3.69,Cintrona,Cintrona clay,1,1059677,0.17390583895904732,1.1139381011789833,0.5499187438470218
ctrl_0469,10/15/2016,RIO GRANDE CO.,18.3835,-65.7916,0,None,0.58,3.01,2.425,2.74,8.33,1.555,12.74,5,2.01,Mabi,"Mabi clay, 5 to 12 percent slopes",0,1059678,1.0317746268473846,17.66842722245075,7.68643566508873
ctrl_0470,12/07/2019,JUNCOS CO.,18.2284,-65.916,0,None,0.0,0.675,0.0,21.43,2.57,0.47,0.475,64,2.79,Vivi,Vivi loam,1,1059679,0.09135131618471358,16.428468840470153,6.62619832589889
ctrl_0471,05/15/2024,PATILLAS CO.,18.0304,-66.0453,0,None,0.0,0.0,1.3,0.855,0.63,0.0,0.0,351,17.24,Pandura,"Pandura loam, 40 to 60 percent slopes",0,1059680,0.023810330555354434,1.8896732920518127,0.7701555151539378
ctrl_0472,02/10/2021,PATILLAS CO.,18.0367,-66.0141,0,None,0.17,0.0,0.0,0.0,0.0,0.0,0.735,215,19.59,Patillas,"Patillas clay loam, 20 to 40 percent slopes, eroded",0,1059681,0.17,0.48191404157255824,0.29476561662902334
ctrl_0473,11/28/2022,NAGUABO CO.,18.2144,-65.7708,0,None,0.41,0.425,0.0,0.24,0.645,1.01,0.625,11,1.09,Fortuna,Fortuna clay,0,1059682,0.46751749537556037,2.0586817745969013,1.1039832070640967
ctrl_0474,05/31/2018,SALINAS CO.,18.0056,-66.2214,0,None,0.0,3.555,0.0,0.81,10.545,0.0,0.0,77,2.88,Coamo,"Coamo clay loam, 2 to 5 percent slopes",0,1059688,0.4811169319061582,9.564369166783873,4.114417825857244
ctrl_0475,11/17/2021,SALINAS CO.,17.9743,-66.2702,0,None,0.0,0.0,0.0,1.2,0.0,0.0,0.0,13,0.52,Fraternidad,"Fraternidad clay, 0 to 2 perecent slopes",0,1063893,0.0,0.7817268690372666,0.3126907476149067
ctrl_0476,01/26/2024,SALINAS CO.,17.9916,-66.2834,0,None,0.105,0.17,0.365,0.0,0.0,0.0,0.0,20,0.36,Not Public Information,Not Public Information,0,1063894,0.13469220634461213,0.5266584549300102,0.29147870577877133
ctrl_0477,05/09/2022,VEGA BAJA CO.,18.4565,-66.4152,0,None,0.0,0.0,0.0,0.0,0.0,0.0,7.14,7,2.01,Corozo,"Corozo fine sand, 2 to 12 percent slopes",1,1063926,0.0,3.030022118133423,1.2120088472533692
ctrl_0478,12/13/2020,SANTA ISABEL CO.,17.9652,-66.3764,0,None,0.0,0.595,0.0,0.0,0.0,0.0,0.0,5,0.77,Fe,"Fe clay, 0 to 2 percent slopes",0,1063901,0.08052449352578456,0.5157923503513581,0.254631636256014
ctrl_0479,02/09/2015,JUANA DIAZ CO.,17.9948,-66.4906,0,None,13.005,1.13,0.0,0.0,0.0,0.0,0.0,2,0.77,Fe,"Fe clay, 0 to 2 percent slopes",1,1063904,13.157928870057374,13.984572026717705,13.488586132721506
ctrl_0480,07/05/2022,NAGUABO CO.,18.2116,-65.7086,0,None,0.25,0.14,52.945,166.835,0.0,0.385,0.19,26,6.35,Sabana,"Sabana silty clay loam, 20 to 40 percent slopes",0,1063908,1.2386684406171569,149.11026773063776,60.3873081566254
ctrl_0481,03/07/2024,LAS PIEDRAS CO.,18.2,-65.84,0,None,0.43,4.08,0.0,0.0,0.84,0.0,0.0,124,2.38,Mabi,"Mabi clay, 0 to 5 percent slopes, rarely flooded",1,1067569,0.9821679556053797,4.441225053467259,2.3657907947501315
ctrl_0482,03/28/2021,LAS PIEDRAS CO.,18.2059,-65.8475,0,None,2.33,1.445,0.855,0.385,1.445,0.0,0.0,108,2.13,Cayagua,"Cayagua sandy loam, 5 to 12 percent slopes, eroded",1,1063917,2.5412193555267732,5.29197337416905,3.6415209629836838
ctrl_0483,05/18/2018,CAGUAS CO.,18.2299,-66.0401,0,None,0.835,0.365,0.0,0.61,0.0,0.0,0.78,72,1.32,Urban land,"Urban land-Vega Alta complex, 2 to 12 percent slopes",1,1063919,0.8843973783813636,1.8797990781307812,1.2825580582811307
ctrl_0484,06/17/2022,SALINAS CO.,17.9785,-66.3,0,None,2.265,10.555,34.005,0.0,0.0,0.0,26.59,8,0.82,Urban land,Urban land,0,1063923,4.316287214973853,48.25295554943837,21.89095454875966
ctrl_0485,03/07/2016,FAJARDO CO.,18.3247,-65.6517,0,None,5.36,4.3,5.315,0.475,1.74,1.285,0.165,12,2.08,Urban land,Urban land,0,1067558,6.039289338611057,15.07280241830906,9.652694570490258
ctrl_0486,11/12/2024,VEGA BAJA CO.,18.4072,-66.37,0,None,0.05,84.235,34.86,32.52,11.76,74.495,39.1,81,2.43,Almirante,"Almirante clay, 2 to 5 percent slopes",1,1067555,12.088450755097345,180.15522578244617,79.31516076603688
ctrl_0487,07/11/2016,JUANA DIAZ CO.,18.08,-66.5,0,None,0.0,0.0,1.17,0.0,0.0,0.0,1.54,78,2.08,Urban land,"Urban land-Montegrande complex, 2 to 12 percent slopes",1,1067479,0.021429297499818988,1.5327626152405875,0.6259626245961265
ctrl_0488,12/26/2017,RINCON CO.,18.3254,-67.2498,0,None,1.645,0.47,0.99,0.91,0.95,1.035,1.075,14,2.38,Water> 40 acres,Water > 40 acres,1,1067480,1.7267400656210548,4.888563318031919,2.9914693665854006
ctrl_0489,04/24/2016,FAJARDO CO.,18.3345,-65.6416,0,None,0.685,55.075,5.01,1.305,0.08,0.68,10.565,10,3.19,Vega Alta,"Vega Alta silty clay loam, 5 to 12 percent slopes",0,1067481,8.230352075089003,57.904894429962795,28.10016901703852
ctrl_0490,12/30/2024,VEGA BAJA CO.,18.4571,-66.4137,0,None,0.0,0.0,4.735,0.0,0.0,0.315,1.62,9,2.34,Corozo,"Corozo fine sand, 2 to 12 percent slopes",1,1067483,0.08672455013815634,4.399934615468579,1.8120085762703255
ctrl_0491,03/21/2016,VEGA BAJA CO.,18.4463,-66.4075,0,None,0.0,0.0,0.0,0.0,0.0,0.0,1.63,12,2.01,Urban land,Urban land,1,1067482,0.0,0.6917277384534285,0.27669109538137143
ctrl_0492,05/06/2023,SALINAS CO.,17.98,-66.23,0,None,0.0,0.715,0.0,0.355,0.0,0.0,0.0,11,0.58,Paso Seco,"Paso Seco clay, 0 to 5 percent slopes",0,1067484,0.09676472751417808,0.8510785637449045,0.3984902620064687
ctrl_0493,03/23/2021,VEGA ALTA CO.,18.4006,-66.3476,0,None,0.0,0.0,0.0,0.0,0.0,0.0,0.0,76,21.59,Rock outcrop,"Rock outcrop-Tanama complex, 12 to 60 percent slopes",1,1067486,0.0,0.0,0.0
ctrl_0494,10/05/2016,MANATI CO.,18.45,-66.45,0,None,13.38,5.02,11.645,0.19,4.48,1.72,3.615,36,7.82,Rock outcrop,"Rock outcrop-San German complex, 20 to 60 percent slopes",1,1067487,14.272668736707105,31.512510233693412,21.168605335501628
ctrl_0495,01/27/2018,CIDRA CO.,18.15,-66.11,0,None,0.0,0.0,0.0,0.0,0.0,0.0,0.0,423,13.15,Mucara,"Mucara clay, 40 to 60 percent slopes",1,1067488,0.0,0.0,0.0
ctrl_0496,03/07/2018,FAJARDO CO.,18.3639,-65.6304,0,None,0.75,0.0,3.04,5.165,0.0,0.0,0.0,45,8.27,Descalabrado,"Descalabrado-Rock land complex, 40 to 60 percent slopes",0,1067489,0.8056795422217519,6.399173703096771,3.04307720657176
ctrl_0497,10/20/2021,AIBONITO CO.,18.1041,-66.2896,0,None,12.53,0.0,7.725,16.82,4.45,2.65,4.78,345,13.18,Caguabo,"Caguabo clay loam, 40 to 60 percent slopes",1,1067490,12.671488310415471,35.13115027977521,21.655353098159367
ctrl_0498,05/19/2017,BARCELONETA CO.,18.43,-66.53,0,None,0.0,0.45,0.025,0.045,1.32,0.0,0.0,10,10.66,Toa,"Toa silty clay loam, 0 to 2 percent slopes, occasionally flooded",1,1067491,0.061358768428694074,1.1836246658536036,0.5102651273986579
ctrl_0499,01/25/2023,CAGUAS CO.,18.25,-66.07,0,None,0.0,0.0,0.0,0.0,0.0,0.0,0.0,95,3.94,Estacion,Estacion silty clay loam,1,1067496,0.0,0.0,0.0
